$MeshFormat
4.1 0 8
$EndMeshFormat
$Entities
6 6 1 0
1 0 -0.9 0 0 
2 5.566666666666666 -0.9 0 0 
3 6.666666666666667 -0.9 0 0 
4 6.666666666666667 0.09999999999999998 0 0 
5 5.566666666666666 0.09999999999999998 0 0 
6 0 0.09999999999999998 0 0 
1 0 -0.9 0 5.566666666666666 -0.9 0 1 1 2 1 -2 
2 5.566666666666666 -0.9 0 6.666666666666667 -0.9 0 1 1 2 2 -3 
3 6.666666666666667 -0.9 0 6.666666666666667 0.09999999999999998 0 1 1 2 3 -4 
4 5.566666666666666 0.09999999999999998 0 6.666666666666667 0.09999999999999998 0 1 1 2 4 -5 
5 0 0.09999999999999998 0 5.566666666666666 0.09999999999999998 0 1 1 2 5 -6 
6 0 -0.9 0 0 0.09999999999999998 0 1 1 2 6 -1 
1 0 -0.9 0 6.666666666666667 0.09999999999999998 0 1 1 6 1 2 3 4 5 6 
$EndEntities
$Nodes
13 5735 1 5735
0 1 0 1
1
0 -0.9 0
0 2 0 1
2
5.566666666666666 -0.9 0
0 3 0 1
3
6.666666666666667 -0.9 0
0 4 0 1
4
6.666666666666667 0.09999999999999998 0
0 5 0 1
5
5.566666666666666 0.09999999999999998 0
0 6 0 1
6
0 0.09999999999999998 0
1 1 0 71
7
8
9
10
11
12
13
14
15
16
17
18
19
20
21
22
23
24
25
26
27
28
29
30
31
32
33
34
35
36
37
38
39
40
41
42
43
44
45
46
47
48
49
50
51
52
53
54
55
56
57
58
59
60
61
62
63
64
65
66
67
68
69
70
71
72
73
74
75
76
77
0.1946748724682215 -0.9 0
0.3832225254353838 -0.9 0
0.5658356987633513 -0.9 0
0.7427012622569997 -0.9 0
0.9140000945156189 -0.9 0
1.079907402893906 -0.9 0
1.240592898194185 -0.9 0
1.396220880161157 -0.9 0
1.546950590748507 -0.9 0
1.692936164003936 -0.9 0
1.834326939080522 -0.9 0
1.971267566327747 -0.9 0
2.103898029069832 -0.9 0
2.232354031489256 -0.9 0
2.356766958553212 -0.9 0
2.477264064790549 -0.9 0
2.59396860309407 -0.9 0
2.70699993622742 -0.9 0
2.81647368077886 -0.9 0
2.922501804879652 -0.9 0
3.025192764111219 -0.9 0
3.124651572161176 -0.9 0
3.220979997366229 -0.9 0
3.31427651838883 -0.9 0
3.404636602955557 -0.9 0
3.492152668931766 -0.9 0
3.576914208083165 -0.9 0
3.659007923700306 -0.9 0
3.73851779843884 -0.9 0
3.815525169231757 -0.9 0
3.890108742826253 -0.9 0
3.962344875358622 -0.9 0
4.032307410781018 -0.9 0
4.100067909373517 -0.9 0
4.165695693765375 -0.9 0
4.229257884360219 -0.9 0
4.290819496723473 -0.9 0
4.350443487903146 -0.9 0
4.408190854780015 -0.9 0
4.464120664295964 -0.9 0
4.518290105383707 -0.9 0
4.570754605389073 -0.9 0
4.621567812462366 -0.9 0
4.670781709957558 -0.9 0
4.718446624324172 -0.9 0
4.764611318809545 -0.9 0
4.80932301530108 -0.9 0
4.852627422092284 -0.9 0
4.894568863050221 -0.9 0
4.935190212144636 -0.9 0
4.974533038112526 -0.9 0
5.012637566242645 -0.9 0
5.049542791615619 -0.9 0
5.085286430334991 -0.9 0
5.119905073059089 -0.9 0
5.153434107956808 -0.9 0
5.185907839093396 -0.9 0
5.217359480092784 -0.9 0
5.247821199678 -0.9 0
5.277324153936322 -0.9 0
5.305898524237961 -0.9 0
5.333573529921333 -0.9 0
5.360377480852485 -0.9 0
5.386337795391916 -0.9 0
5.411481025554273 -0.9 0
5.435832890359621 -0.9 0
5.459418291180149 -0.9 0
5.482261359436702 -0.9 0
5.504385452171024 -0.9 0
5.525813204530413 -0.9 0
5.546566532541631 -0.9 0
1 2 0 16
78
79
80
81
82
83
84
85
86
87
88
89
90
91
92
93
5.587113435690359 -0.9 0
5.6102206477933 -0.9 0
5.63633447392987 -0.9 0
5.66584612061717 -0.9 0
5.699197697083167 -0.9 0
5.736888847239449 -0.9 0
5.779484200841867 -0.9 0
5.827621890110326 -0.9 0
5.882023048714104 -0.9 0
5.943502663555624 -0.9 0
6.012981731835694 -0.9 0
6.091501137317227 -0.9 0
6.180237148791667 -0.9 0
6.280519113022784 -0.9 0
6.393849349247206 -0.9 0
6.521925665999521 -0.9 0
1 3 0 15
94
95
96
97
98
99
100
101
102
103
104
105
106
107
108
6.666666666666667 -0.7510714727168688 0
6.666666666666667 -0.6221046846361464 0
6.666666666666667 -0.5104240434056124 0
6.666666666666667 -0.4137125896008858 0
6.666666666666667 -0.3299639229804576 0
6.666666666666667 -0.2574405646234479 0
6.666666666666667 -0.1946379232286126 0
6.666666666666667 -0.1402530757113126 0
6.666666666666667 -0.0931577422600105 0
6.666666666666667 -0.05237486138395475 0
6.666666666666667 -0.01705833732050177 0
6.666666666666667 0.01352450872402755 0
6.666666666666667 0.04000816315463229 0
6.666666666666667 0.06294206171561123 0
6.666666666666667 0.08280199926264531 0
1 4 0 163
109
110
111
112
113
114
115
116
117
118
119
120
121
122
123
124
125
126
127
128
129
130
131
132
133
134
135
136
137
138
139
140
141
142
143
144
145
146
147
148
149
150
151
152
153
154
155
156
157
158
159
160
161
162
163
164
165
166
167
168
169
170
171
172
173
174
175
176
177
178
179
180
181
182
183
184
185
186
187
188
189
190
191
192
193
194
195
196
197
198
199
200
201
202
203
204
205
206
207
208
209
210
211
212
213
214
215
216
217
218
219
220
221
222
223
224
225
226
227
228
229
230
231
232
233
234
235
236
237
238
239
240
241
242
243
244
245
246
247
248
249
250
251
252
253
254
255
256
257
258
259
260
261
262
263
264
265
266
267
268
269
270
271
6.65082732711083 0.09999999999999998 0
6.635187558782966 0.09999999999999998 0
6.619744839974985 0.09999999999999998 0
6.604496691855506 0.09999999999999998 0
6.589440660866202 0.09999999999999998 0
6.574574322781646 0.09999999999999998 0
6.559895303224304 0.09999999999999998 0
6.545401219299238 0.09999999999999998 0
6.531089761149903 0.09999999999999998 0
6.516958617683982 0.09999999999999998 0
6.503005520874153 0.09999999999999998 0
6.489228226104657 0.09999999999999998 0
6.475624516714079 0.09999999999999998 0
6.462192207221045 0.09999999999999998 0
6.448929138570717 0.09999999999999998 0
6.43583317547154 0.09999999999999998 0
6.422902217566297 0.09999999999999998 0
6.410134181658953 0.09999999999999998 0
6.397527016009669 0.09999999999999998 0
6.385078692627691 0.09999999999999998 0
6.372787214824585 0.09999999999999998 0
6.36065059940255 0.09999999999999998 0
6.348666902611948 0.09999999999999998 0
6.336834193079449 0.09999999999999998 0
6.325150569030134 0.09999999999999998 0
6.313614152179059 0.09999999999999998 0
6.302223087389373 0.09999999999999998 0
6.29097554516435 0.09999999999999998 0
6.279869717335768 0.09999999999999998 0
6.26890381517233 0.09999999999999998 0
6.25807607729297 0.09999999999999998 0
6.24738476571286 0.09999999999999998 0
6.236828155955301 0.09999999999999998 0
6.226404556292049 0.09999999999999998 0
6.216112288284009 0.09999999999999998 0
6.205949695026923 0.09999999999999998 0
6.1959151477439 0.09999999999999998 0
6.186007030702576 0.09999999999999998 0
6.176223749844789 0.09999999999999998 0
6.166563732991733 0.09999999999999998 0
6.157025427441802 0.09999999999999998 0
6.147607299449281 0.09999999999999998 0
6.138307833658184 0.09999999999999998 0
6.129125537887133 0.09999999999999998 0
6.120058934181052 0.09999999999999998 0
6.111106565228554 0.09999999999999998 0
6.10226699005226 0.09999999999999998 0
6.093538789654873 0.09999999999999998 0
6.084920560818284 0.09999999999999998 0
6.076410915242278 0.09999999999999998 0
6.06800848877471 0.09999999999999998 0
6.05971192613469 0.09999999999999998 0
6.05151989726976 0.09999999999999998 0
6.043431085055338 0.09999999999999998 0
6.03544418418994 0.09999999999999998 0
6.027557918024606 0.09999999999999998 0
6.01977101278186 0.09999999999999998 0
6.012082216571218 0.09999999999999998 0
6.004490298907569 0.09999999999999998 0
5.996994032588522 0.09999999999999998 0
5.989592216999133 0.09999999999999998 0
5.982283656969676 0.09999999999999998 0
5.975067182768876 0.09999999999999998 0
5.967941633485331 0.09999999999999998 0
5.960905861416801 0.09999999999999998 0
5.953958737921368 0.09999999999999998 0
5.947099143522375 0.09999999999999998 0
5.940325976549649 0.09999999999999998 0
5.93363814725774 0.09999999999999998 0
5.927034582295169 0.09999999999999998 0
5.920514218150942 0.09999999999999998 0
5.914076007262848 0.09999999999999998 0
5.907718913950951 0.09999999999999998 0
5.901441917449306 0.09999999999999998 0
5.895244006522546 0.09999999999999998 0
5.88912418749324 0.09999999999999998 0
5.883081474472549 0.09999999999999998 0
5.877114895925178 0.09999999999999998 0
5.87122349445975 0.09999999999999998 0
5.865406321078394 0.09999999999999998 0
5.859662439709449 0.09999999999999998 0
5.853990930286396 0.09999999999999998 0
5.848390877282011 0.09999999999999998 0
5.842861382756262 0.09999999999999998 0
5.837401557247534 0.09999999999999998 0
5.832010521677348 0.09999999999999998 0
5.82668741061034 0.09999999999999998 0
5.821431368977307 0.09999999999999998 0
5.816241549803132 0.09999999999999998 0
5.811117118705778 0.09999999999999998 0
5.806057255020879 0.09999999999999998 0
5.80106114132135 0.09999999999999998 0
5.796127976708825 0.09999999999999998 0
5.791256966796877 0.09999999999999998 0
5.786447330038933 0.09999999999999998 0
5.781698291021752 0.09999999999999998 0
5.777009087200817 0.09999999999999998 0
5.772378965377868 0.09999999999999998 0
5.767807181397669 0.09999999999999998 0
5.763292999820492 0.09999999999999998 0
5.758835693569303 0.09999999999999998 0
5.754434547246232 0.09999999999999998 0
5.750088851745055 0.09999999999999998 0
5.745797911390845 0.09999999999999998 0
5.741561033918822 0.09999999999999998 0
5.737377540533148 0.09999999999999998 0
5.733246754900028 0.09999999999999998 0
5.729168016574624 0.09999999999999998 0
5.725140667410539 0.09999999999999998 0
5.721164059991211 0.09999999999999998 0
5.717237556995951 0.09999999999999998 0
5.71336052416641 0.09999999999999998 0
5.709532341181198 0.09999999999999998 0
5.705752392403879 0.09999999999999998 0
5.702020066185945 0.09999999999999998 0
5.698334767604727 0.09999999999999998 0
5.69469590042633 0.09999999999999998 0
5.691102881800841 0.09999999999999998 0
5.68755513327775 0.09999999999999998 0
5.684052084575402 0.09999999999999998 0
5.680593172444772 0.09999999999999998 0
5.677177840428019 0.09999999999999998 0
5.67380554058035 0.09999999999999998 0
5.670475729465182 0.09999999999999998 0
5.667187872267802 0.09999999999999998 0
5.66394144021799 0.09999999999999998 0
5.660735911571618 0.09999999999999998 0
5.65757077063793 0.09999999999999998 0
5.654445509298137 0.09999999999999998 0
5.651359624298936 0.09999999999999998 0
5.648312620116541 0.09999999999999998 0
5.645304006713485 0.09999999999999998 0
5.64233329948342 0.09999999999999998 0
5.639400022556614 0.09999999999999998 0
5.636503702965641 0.09999999999999998 0
5.633643875247025 0.09999999999999998 0
5.630820079835896 0.09999999999999998 0
5.628031862844052 0.09999999999999998 0
5.625278776026847 0.09999999999999998 0
5.622560376743939 0.09999999999999998 0
5.619876227913613 0.09999999999999998 0
5.617225897960273 0.09999999999999998 0
5.614608960754749 0.09999999999999998 0
5.612024995547069 0.09999999999999998 0
5.609473586891225 0.09999999999999998 0
5.606954324561625 0.09999999999999998 0
5.604466803460716 0.09999999999999998 0
5.602010624311517 0.09999999999999998 0
5.599585391835536 0.09999999999999998 0
5.597190715575382 0.09999999999999998 0
5.594826210851162 0.09999999999999998 0
5.592491498110336 0.09999999999999998 0
5.590186201363274 0.09999999999999998 0
5.587909949800126 0.09999999999999998 0
5.585662377973009 0.09999999999999998 0
5.583443124691707 0.09999999999999998 0
5.581251832835353 0.09999999999999998 0
5.579088149150297 0.09999999999999998 0
5.57695172818888 0.09999999999999998 0
5.574842224355553 0.09999999999999998 0
5.57275929913016 0.09999999999999998 0
5.570702617404136 0.09999999999999998 0
5.568671849114146 0.09999999999999998 0
1 5 0 129
272
273
274
275
276
277
278
279
280
281
282
283
284
285
286
287
288
289
290
291
292
293
294
295
296
297
298
299
300
301
302
303
304
305
306
307
308
309
310
311
312
313
314
315
316
317
318
319
320
321
322
323
324
325
326
327
328
329
330
331
332
333
334
335
336
337
338
339
340
341
342
343
344
345
346
347
348
349
350
351
352
353
354
355
356
357
358
359
360
361
362
363
364
365
366
367
368
369
370
371
372
373
374
375
376
377
378
379
380
381
382
383
384
385
386
387
388
389
390
391
392
393
394
395
396
397
398
399
400
5.564639089563356 0.09999999999999998 0
5.562538399365311 0.09999999999999998 0
5.560361959846353 0.09999999999999998 0
5.558107039303749 0.09999999999999998 0
5.555770808022517 0.09999999999999998 0
5.55335033395373 0.09999999999999998 0
5.550842579011237 0.09999999999999998 0
5.548244396098705 0.09999999999999998 0
5.545552524943699 0.09999999999999998 0
5.542763586606307 0.09999999999999998 0
5.539874081217442 0.09999999999999998 0
5.536880382174883 0.09999999999999998 0
5.533778732515736 0.09999999999999998 0
5.530565239730056 0.09999999999999998 0
5.527235870220698 0.09999999999999998 0
5.523786445856189 0.09999999999999998 0
5.520212637813238 0.09999999999999998 0
5.516509961239725 0.09999999999999998 0
5.51267376783393 0.09999999999999998 0
5.508699244538291 0.09999999999999998 0
5.504581402471391 0.09999999999999998 0
5.500315073910687 0.09999999999999998 0
5.495894904664631 0.09999999999999998 0
5.491315346270987 0.09999999999999998 0
5.486570653784213 0.09999999999999998 0
5.481654869271697 0.09999999999999998 0
5.47656182590003 0.09999999999999998 0
5.471285131698311 0.09999999999999998 0
5.465818162240435 0.09999999999999998 0
5.460154059357247 0.09999999999999998 0
5.454285711602021 0.09999999999999998 0
5.448205754974546 0.09999999999999998 0
5.441906559641958 0.09999999999999998 0
5.435380220213095 0.09999999999999998 0
5.428618544963139 0.09999999999999998 0
5.421613048721936 0.09999999999999998 0
5.414354939241655 0.09999999999999998 0
5.406835107164024 0.09999999999999998 0
5.39904411559342 0.09999999999999998 0
5.390972186074033 0.09999999999999998 0
5.382609187990262 0.09999999999999998 0
5.373944626269439 0.09999999999999998 0
5.364967626466859 0.09999999999999998 0
5.355666921810299 0.09999999999999998 0
5.346030838591294 0.09999999999999998 0
5.336047289626369 0.09999999999999998 0
5.325703737425836 0.09999999999999998 0
5.314987206349219 0.09999999999999998 0
5.303884240777013 0.09999999999999998 0
5.292380913172411 0.09999999999999998 0
5.280462781390766 0.09999999999999998 0
5.268114892523928 0.09999999999999998 0
5.255321745145935 0.09999999999999998 0
5.242067286841253 0.09999999999999998 0
5.228334883072346 0.09999999999999998 0
5.21410729640041 0.09999999999999998 0
5.199366674265407 0.09999999999999998 0
5.184094516213939 0.09999999999999998 0
5.168271651810523 0.09999999999999998 0
5.151878227593522 0.09999999999999998 0
5.134893668032107 0.09999999999999998 0
5.117296656454187 0.09999999999999998 0
5.099065104207943 0.09999999999999998 0
5.080176141750454 0.09999999999999998 0
5.060606058317302 0.09999999999999998 0
5.040330285131095 0.09999999999999998 0
5.019323387396589 0.09999999999999998 0
4.997558993469362 0.09999999999999998 0
4.975009786317206 0.09999999999999998 0
4.951647473276614 0.09999999999999998 0
4.927442732700831 0.09999999999999998 0
4.902365184115038 0.09999999999999998 0
4.876383358163845 0.09999999999999998 0
4.849464646250945 0.09999999999999998 0
4.821575265490734 0.09999999999999998 0
4.792680210568745 0.09999999999999998 0
4.762743217504259 0.09999999999999998 0
4.731726721093127 0.09999999999999998 0
4.699591792119629 0.09999999999999998 0
4.666298097847204 0.09999999999999998 0
4.631803855727511 0.09999999999999998 0
4.59606577276401 0.09999999999999998 0
4.559038994385303 0.09999999999999998 0
4.520677063903423 0.09999999999999998 0
4.480931830068194 0.09999999999999998 0
4.439753414131168 0.09999999999999998 0
4.397090127422413 0.09999999999999998 0
4.352888433502947 0.09999999999999998 0
4.30709286149647 0.09999999999999998 0
4.259645931857462 0.09999999999999998 0
4.21048809091142 0.09999999999999998 0
4.159557658145804 0.09999999999999998 0
4.106790711730831 0.09999999999999998 0
4.052121021846763 0.09999999999999998 0
3.995479982138669 0.09999999999999998 0
3.936796511423682 0.09999999999999998 0
3.87599695144833 0.09999999999999998 0
3.813004993202528 0.09999999999999998 0
3.747741595811613 0.09999999999999998 0
3.680124845777335 0.09999999999999998 0
3.61006988405128 0.09999999999999998 0
3.537488777637434 0.09999999999999998 0
3.462290459134968 0.09999999999999998 0
3.384380529299798 0.09999999999999998 0
3.303661238816625 0.09999999999999998 0
3.22003125884039 0.09999999999999998 0
3.133385652256484 0.09999999999999998 0
3.043615662724465 0.09999999999999998 0
2.950608612343885 0.09999999999999998 0
2.854247794188322 0.09999999999999998 0
2.754412278769099 0.09999999999999998 0
2.650976771089047 0.09999999999999998 0
2.543811438899502 0.09999999999999998 0
2.432781815732947 0.09999999999999998 0
2.317748528429654 0.09999999999999998 0
2.198567215313515 0.09999999999999998 0
2.075088318278254 0.09999999999999998 0
1.947156850909515 0.09999999999999998 0
1.814612267715594 0.09999999999999998 0
1.677288219837201 0.09999999999999998 0
1.535012370443857 0.09999999999999998 0
1.387606143663737 0.09999999999999998 0
1.234884505343182 0.09999999999999998 0
1.076655892996454 0.09999999999999998 0
0.912721638154153 0.09999999999999998 0
0.7428760445783809 0.09999999999999998 0
0.5669059577204294 0.09999999999999998 0
0.3845905058926844 0.09999999999999998 0
0.1957008685724793 0.09999999999999998 0
1 6 0 4
401
402
403
404
0 -0.09999999999956452 0
0 -0.2999999999989799 0
0 -0.4999999999989501 0
0 -0.699999999999475 0
2 1 0 5331
405
406
407
408
409
410
411
412
413
414
415
416
417
418
419
420
421
422
423
424
425
426
427
428
429
430
431
432
433
434
435
436
437
438
439
440
441
442
443
444
445
446
447
448
449
450
451
452
453
454
455
456
457
458
459
460
461
462
463
464
465
466
467
468
469
470
471
472
473
474
475
476
477
478
479
480
481
482
483
484
485
486
487
488
489
490
491
492
493
494
495
496
497
498
499
500
501
502
503
504
505
506
507
508
509
510
511
512
513
514
515
516
517
518
519
520
521
522
523
524
525
526
527
528
529
530
531
532
533
534
535
536
537
538
539
540
541
542
543
544
545
546
547
548
549
550
551
552
553
554
555
556
557
558
559
560
561
562
563
564
565
566
567
568
569
570
571
572
573
574
575
576
577
578
579
580
581
582
583
584
585
586
587
588
589
590
591
592
593
594
595
596
597
598
599
600
601
602
603
604
605
606
607
608
609
610
611
612
613
614
615
616
617
618
619
620
621
622
623
624
625
626
627
628
629
630
631
632
633
634
635
636
637
638
639
640
641
642
643
644
645
646
647
648
649
650
651
652
653
654
655
656
657
658
659
660
661
662
663
664
665
666
667
668
669
670
671
672
673
674
675
676
677
678
679
680
681
682
683
684
685
686
687
688
689
690
691
692
693
694
695
696
697
698
699
700
701
702
703
704
705
706
707
708
709
710
711
712
713
714
715
716
717
718
719
720
721
722
723
724
725
726
727
728
729
730
731
732
733
734
735
736
737
738
739
740
741
742
743
744
745
746
747
748
749
750
751
752
753
754
755
756
757
758
759
760
761
762
763
764
765
766
767
768
769
770
771
772
773
774
775
776
777
778
779
780
781
782
783
784
785
786
787
788
789
790
791
792
793
794
795
796
797
798
799
800
801
802
803
804
805
806
807
808
809
810
811
812
813
814
815
816
817
818
819
820
821
822
823
824
825
826
827
828
829
830
831
832
833
834
835
836
837
838
839
840
841
842
843
844
845
846
847
848
849
850
851
852
853
854
855
856
857
858
859
860
861
862
863
864
865
866
867
868
869
870
871
872
873
874
875
876
877
878
879
880
881
882
883
884
885
886
887
888
889
890
891
892
893
894
895
896
897
898
899
900
901
902
903
904
905
906
907
908
909
910
911
912
913
914
915
916
917
918
919
920
921
922
923
924
925
926
927
928
929
930
931
932
933
934
935
936
937
938
939
940
941
942
943
944
945
946
947
948
949
950
951
952
953
954
955
956
957
958
959
960
961
962
963
964
965
966
967
968
969
970
971
972
973
974
975
976
977
978
979
980
981
982
983
984
985
986
987
988
989
990
991
992
993
994
995
996
997
998
999
1000
1001
1002
1003
1004
1005
1006
1007
1008
1009
1010
1011
1012
1013
1014
1015
1016
1017
1018
1019
1020
1021
1022
1023
1024
1025
1026
1027
1028
1029
1030
1031
1032
1033
1034
1035
1036
1037
1038
1039
1040
1041
1042
1043
1044
1045
1046
1047
1048
1049
1050
1051
1052
1053
1054
1055
1056
1057
1058
1059
1060
1061
1062
1063
1064
1065
1066
1067
1068
1069
1070
1071
1072
1073
1074
1075
1076
1077
1078
1079
1080
1081
1082
1083
1084
1085
1086
1087
1088
1089
1090
1091
1092
1093
1094
1095
1096
1097
1098
1099
1100
1101
1102
1103
1104
1105
1106
1107
1108
1109
1110
1111
1112
1113
1114
1115
1116
1117
1118
1119
1120
1121
1122
1123
1124
1125
1126
1127
1128
1129
1130
1131
1132
1133
1134
1135
1136
1137
1138
1139
1140
1141
1142
1143
1144
1145
1146
1147
1148
1149
1150
1151
1152
1153
1154
1155
1156
1157
1158
1159
1160
1161
1162
1163
1164
1165
1166
1167
1168
1169
1170
1171
1172
1173
1174
1175
1176
1177
1178
1179
1180
1181
1182
1183
1184
1185
1186
1187
1188
1189
1190
1191
1192
1193
1194
1195
1196
1197
1198
1199
1200
1201
1202
1203
1204
1205
1206
1207
1208
1209
1210
1211
1212
1213
1214
1215
1216
1217
1218
1219
1220
1221
1222
1223
1224
1225
1226
1227
1228
1229
1230
1231
1232
1233
1234
1235
1236
1237
1238
1239
1240
1241
1242
1243
1244
1245
1246
1247
1248
1249
1250
1251
1252
1253
1254
1255
1256
1257
1258
1259
1260
1261
1262
1263
1264
1265
1266
1267
1268
1269
1270
1271
1272
1273
1274
1275
1276
1277
1278
1279
1280
1281
1282
1283
1284
1285
1286
1287
1288
1289
1290
1291
1292
1293
1294
1295
1296
1297
1298
1299
1300
1301
1302
1303
1304
1305
1306
1307
1308
1309
1310
1311
1312
1313
1314
1315
1316
1317
1318
1319
1320
1321
1322
1323
1324
1325
1326
1327
1328
1329
1330
1331
1332
1333
1334
1335
1336
1337
1338
1339
1340
1341
1342
1343
1344
1345
1346
1347
1348
1349
1350
1351
1352
1353
1354
1355
1356
1357
1358
1359
1360
1361
1362
1363
1364
1365
1366
1367
1368
1369
1370
1371
1372
1373
1374
1375
1376
1377
1378
1379
1380
1381
1382
1383
1384
1385
1386
1387
1388
1389
1390
1391
1392
1393
1394
1395
1396
1397
1398
1399
1400
1401
1402
1403
1404
1405
1406
1407
1408
1409
1410
1411
1412
1413
1414
1415
1416
1417
1418
1419
1420
1421
1422
1423
1424
1425
1426
1427
1428
1429
1430
1431
1432
1433
1434
1435
1436
1437
1438
1439
1440
1441
1442
1443
1444
1445
1446
1447
1448
1449
1450
1451
1452
1453
1454
1455
1456
1457
1458
1459
1460
1461
1462
1463
1464
1465
1466
1467
1468
1469
1470
1471
1472
1473
1474
1475
1476
1477
1478
1479
1480
1481
1482
1483
1484
1485
1486
1487
1488
1489
1490
1491
1492
1493
1494
1495
1496
1497
1498
1499
1500
1501
1502
1503
1504
1505
1506
1507
1508
1509
1510
1511
1512
1513
1514
1515
1516
1517
1518
1519
1520
1521
1522
1523
1524
1525
1526
1527
1528
1529
1530
1531
1532
1533
1534
1535
1536
1537
1538
1539
1540
1541
1542
1543
1544
1545
1546
1547
1548
1549
1550
1551
1552
1553
1554
1555
1556
1557
1558
1559
1560
1561
1562
1563
1564
1565
1566
1567
1568
1569
1570
1571
1572
1573
1574
1575
1576
1577
1578
1579
1580
1581
1582
1583
1584
1585
1586
1587
1588
1589
1590
1591
1592
1593
1594
1595
1596
1597
1598
1599
1600
1601
1602
1603
1604
1605
1606
1607
1608
1609
1610
1611
1612
1613
1614
1615
1616
1617
1618
1619
1620
1621
1622
1623
1624
1625
1626
1627
1628
1629
1630
1631
1632
1633
1634
1635
1636
1637
1638
1639
1640
1641
1642
1643
1644
1645
1646
1647
1648
1649
1650
1651
1652
1653
1654
1655
1656
1657
1658
1659
1660
1661
1662
1663
1664
1665
1666
1667
1668
1669
1670
1671
1672
1673
1674
1675
1676
1677
1678
1679
1680
1681
1682
1683
1684
1685
1686
1687
1688
1689
1690
1691
1692
1693
1694
1695
1696
1697
1698
1699
1700
1701
1702
1703
1704
1705
1706
1707
1708
1709
1710
1711
1712
1713
1714
1715
1716
1717
1718
1719
1720
1721
1722
1723
1724
1725
1726
1727
1728
1729
1730
1731
1732
1733
1734
1735
1736
1737
1738
1739
1740
1741
1742
1743
1744
1745
1746
1747
1748
1749
1750
1751
1752
1753
1754
1755
1756
1757
1758
1759
1760
1761
1762
1763
1764
1765
1766
1767
1768
1769
1770
1771
1772
1773
1774
1775
1776
1777
1778
1779
1780
1781
1782
1783
1784
1785
1786
1787
1788
1789
1790
1791
1792
1793
1794
1795
1796
1797
1798
1799
1800
1801
1802
1803
1804
1805
1806
1807
1808
1809
1810
1811
1812
1813
1814
1815
1816
1817
1818
1819
1820
1821
1822
1823
1824
1825
1826
1827
1828
1829
1830
1831
1832
1833
1834
1835
1836
1837
1838
1839
1840
1841
1842
1843
1844
1845
1846
1847
1848
1849
1850
1851
1852
1853
1854
1855
1856
1857
1858
1859
1860
1861
1862
1863
1864
1865
1866
1867
1868
1869
1870
1871
1872
1873
1874
1875
1876
1877
1878
1879
1880
1881
1882
1883
1884
1885
1886
1887
1888
1889
1890
1891
1892
1893
1894
1895
1896
1897
1898
1899
1900
1901
1902
1903
1904
1905
1906
1907
1908
1909
1910
1911
1912
1913
1914
1915
1916
1917
1918
1919
1920
1921
1922
1923
1924
1925
1926
1927
1928
1929
1930
1931
1932
1933
1934
1935
1936
1937
1938
1939
1940
1941
1942
1943
1944
1945
1946
1947
1948
1949
1950
1951
1952
1953
1954
1955
1956
1957
1958
1959
1960
1961
1962
1963
1964
1965
1966
1967
1968
1969
1970
1971
1972
1973
1974
1975
1976
1977
1978
1979
1980
1981
1982
1983
1984
1985
1986
1987
1988
1989
1990
1991
1992
1993
1994
1995
1996
1997
1998
1999
2000
2001
2002
2003
2004
2005
2006
2007
2008
2009
2010
2011
2012
2013
2014
2015
2016
2017
2018
2019
2020
2021
2022
2023
2024
2025
2026
2027
2028
2029
2030
2031
2032
2033
2034
2035
2036
2037
2038
2039
2040
2041
2042
2043
2044
2045
2046
2047
2048
2049
2050
2051
2052
2053
2054
2055
2056
2057
2058
2059
2060
2061
2062
2063
2064
2065
2066
2067
2068
2069
2070
2071
2072
2073
2074
2075
2076
2077
2078
2079
2080
2081
2082
2083
2084
2085
2086
2087
2088
2089
2090
2091
2092
2093
2094
2095
2096
2097
2098
2099
2100
2101
2102
2103
2104
2105
2106
2107
2108
2109
2110
2111
2112
2113
2114
2115
2116
2117
2118
2119
2120
2121
2122
2123
2124
2125
2126
2127
2128
2129
2130
2131
2132
2133
2134
2135
2136
2137
2138
2139
2140
2141
2142
2143
2144
2145
2146
2147
2148
2149
2150
2151
2152
2153
2154
2155
2156
2157
2158
2159
2160
2161
2162
2163
2164
2165
2166
2167
2168
2169
2170
2171
2172
2173
2174
2175
2176
2177
2178
2179
2180
2181
2182
2183
2184
2185
2186
2187
2188
2189
2190
2191
2192
2193
2194
2195
2196
2197
2198
2199
2200
2201
2202
2203
2204
2205
2206
2207
2208
2209
2210
2211
2212
2213
2214
2215
2216
2217
2218
2219
2220
2221
2222
2223
2224
2225
2226
2227
2228
2229
2230
2231
2232
2233
2234
2235
2236
2237
2238
2239
2240
2241
2242
2243
2244
2245
2246
2247
2248
2249
2250
2251
2252
2253
2254
2255
2256
2257
2258
2259
2260
2261
2262
2263
2264
2265
2266
2267
2268
2269
2270
2271
2272
2273
2274
2275
2276
2277
2278
2279
2280
2281
2282
2283
2284
2285
2286
2287
2288
2289
2290
2291
2292
2293
2294
2295
2296
2297
2298
2299
2300
2301
2302
2303
2304
2305
2306
2307
2308
2309
2310
2311
2312
2313
2314
2315
2316
2317
2318
2319
2320
2321
2322
2323
2324
2325
2326
2327
2328
2329
2330
2331
2332
2333
2334
2335
2336
2337
2338
2339
2340
2341
2342
2343
2344
2345
2346
2347
2348
2349
2350
2351
2352
2353
2354
2355
2356
2357
2358
2359
2360
2361
2362
2363
2364
2365
2366
2367
2368
2369
2370
2371
2372
2373
2374
2375
2376
2377
2378
2379
2380
2381
2382
2383
2384
2385
2386
2387
2388
2389
2390
2391
2392
2393
2394
2395
2396
2397
2398
2399
2400
2401
2402
2403
2404
2405
2406
2407
2408
2409
2410
2411
2412
2413
2414
2415
2416
2417
2418
2419
2420
2421
2422
2423
2424
2425
2426
2427
2428
2429
2430
2431
2432
2433
2434
2435
2436
2437
2438
2439
2440
2441
2442
2443
2444
2445
2446
2447
2448
2449
2450
2451
2452
2453
2454
2455
2456
2457
2458
2459
2460
2461
2462
2463
2464
2465
2466
2467
2468
2469
2470
2471
2472
2473
2474
2475
2476
2477
2478
2479
2480
2481
2482
2483
2484
2485
2486
2487
2488
2489
2490
2491
2492
2493
2494
2495
2496
2497
2498
2499
2500
2501
2502
2503
2504
2505
2506
2507
2508
2509
2510
2511
2512
2513
2514
2515
2516
2517
2518
2519
2520
2521
2522
2523
2524
2525
2526
2527
2528
2529
2530
2531
2532
2533
2534
2535
2536
2537
2538
2539
2540
2541
2542
2543
2544
2545
2546
2547
2548
2549
2550
2551
2552
2553
2554
2555
2556
2557
2558
2559
2560
2561
2562
2563
2564
2565
2566
2567
2568
2569
2570
2571
2572
2573
2574
2575
2576
2577
2578
2579
2580
2581
2582
2583
2584
2585
2586
2587
2588
2589
2590
2591
2592
2593
2594
2595
2596
2597
2598
2599
2600
2601
2602
2603
2604
2605
2606
2607
2608
2609
2610
2611
2612
2613
2614
2615
2616
2617
2618
2619
2620
2621
2622
2623
2624
2625
2626
2627
2628
2629
2630
2631
2632
2633
2634
2635
2636
2637
2638
2639
2640
2641
2642
2643
2644
2645
2646
2647
2648
2649
2650
2651
2652
2653
2654
2655
2656
2657
2658
2659
2660
2661
2662
2663
2664
2665
2666
2667
2668
2669
2670
2671
2672
2673
2674
2675
2676
2677
2678
2679
2680
2681
2682
2683
2684
2685
2686
2687
2688
2689
2690
2691
2692
2693
2694
2695
2696
2697
2698
2699
2700
2701
2702
2703
2704
2705
2706
2707
2708
2709
2710
2711
2712
2713
2714
2715
2716
2717
2718
2719
2720
2721
2722
2723
2724
2725
2726
2727
2728
2729
2730
2731
2732
2733
2734
2735
2736
2737
2738
2739
2740
2741
2742
2743
2744
2745
2746
2747
2748
2749
2750
2751
2752
2753
2754
2755
2756
2757
2758
2759
2760
2761
2762
2763
2764
2765
2766
2767
2768
2769
2770
2771
2772
2773
2774
2775
2776
2777
2778
2779
2780
2781
2782
2783
2784
2785
2786
2787
2788
2789
2790
2791
2792
2793
2794
2795
2796
2797
2798
2799
2800
2801
2802
2803
2804
2805
2806
2807
2808
2809
2810
2811
2812
2813
2814
2815
2816
2817
2818
2819
2820
2821
2822
2823
2824
2825
2826
2827
2828
2829
2830
2831
2832
2833
2834
2835
2836
2837
2838
2839
2840
2841
2842
2843
2844
2845
2846
2847
2848
2849
2850
2851
2852
2853
2854
2855
2856
2857
2858
2859
2860
2861
2862
2863
2864
2865
2866
2867
2868
2869
2870
2871
2872
2873
2874
2875
2876
2877
2878
2879
2880
2881
2882
2883
2884
2885
2886
2887
2888
2889
2890
2891
2892
2893
2894
2895
2896
2897
2898
2899
2900
2901
2902
2903
2904
2905
2906
2907
2908
2909
2910
2911
2912
2913
2914
2915
2916
2917
2918
2919
2920
2921
2922
2923
2924
2925
2926
2927
2928
2929
2930
2931
2932
2933
2934
2935
2936
2937
2938
2939
2940
2941
2942
2943
2944
2945
2946
2947
2948
2949
2950
2951
2952
2953
2954
2955
2956
2957
2958
2959
2960
2961
2962
2963
2964
2965
2966
2967
2968
2969
2970
2971
2972
2973
2974
2975
2976
2977
2978
2979
2980
2981
2982
2983
2984
2985
2986
2987
2988
2989
2990
2991
2992
2993
2994
2995
2996
2997
2998
2999
3000
3001
3002
3003
3004
3005
3006
3007
3008
3009
3010
3011
3012
3013
3014
3015
3016
3017
3018
3019
3020
3021
3022
3023
3024
3025
3026
3027
3028
3029
3030
3031
3032
3033
3034
3035
3036
3037
3038
3039
3040
3041
3042
3043
3044
3045
3046
3047
3048
3049
3050
3051
3052
3053
3054
3055
3056
3057
3058
3059
3060
3061
3062
3063
3064
3065
3066
3067
3068
3069
3070
3071
3072
3073
3074
3075
3076
3077
3078
3079
3080
3081
3082
3083
3084
3085
3086
3087
3088
3089
3090
3091
3092
3093
3094
3095
3096
3097
3098
3099
3100
3101
3102
3103
3104
3105
3106
3107
3108
3109
3110
3111
3112
3113
3114
3115
3116
3117
3118
3119
3120
3121
3122
3123
3124
3125
3126
3127
3128
3129
3130
3131
3132
3133
3134
3135
3136
3137
3138
3139
3140
3141
3142
3143
3144
3145
3146
3147
3148
3149
3150
3151
3152
3153
3154
3155
3156
3157
3158
3159
3160
3161
3162
3163
3164
3165
3166
3167
3168
3169
3170
3171
3172
3173
3174
3175
3176
3177
3178
3179
3180
3181
3182
3183
3184
3185
3186
3187
3188
3189
3190
3191
3192
3193
3194
3195
3196
3197
3198
3199
3200
3201
3202
3203
3204
3205
3206
3207
3208
3209
3210
3211
3212
3213
3214
3215
3216
3217
3218
3219
3220
3221
3222
3223
3224
3225
3226
3227
3228
3229
3230
3231
3232
3233
3234
3235
3236
3237
3238
3239
3240
3241
3242
3243
3244
3245
3246
3247
3248
3249
3250
3251
3252
3253
3254
3255
3256
3257
3258
3259
3260
3261
3262
3263
3264
3265
3266
3267
3268
3269
3270
3271
3272
3273
3274
3275
3276
3277
3278
3279
3280
3281
3282
3283
3284
3285
3286
3287
3288
3289
3290
3291
3292
3293
3294
3295
3296
3297
3298
3299
3300
3301
3302
3303
3304
3305
3306
3307
3308
3309
3310
3311
3312
3313
3314
3315
3316
3317
3318
3319
3320
3321
3322
3323
3324
3325
3326
3327
3328
3329
3330
3331
3332
3333
3334
3335
3336
3337
3338
3339
3340
3341
3342
3343
3344
3345
3346
3347
3348
3349
3350
3351
3352
3353
3354
3355
3356
3357
3358
3359
3360
3361
3362
3363
3364
3365
3366
3367
3368
3369
3370
3371
3372
3373
3374
3375
3376
3377
3378
3379
3380
3381
3382
3383
3384
3385
3386
3387
3388
3389
3390
3391
3392
3393
3394
3395
3396
3397
3398
3399
3400
3401
3402
3403
3404
3405
3406
3407
3408
3409
3410
3411
3412
3413
3414
3415
3416
3417
3418
3419
3420
3421
3422
3423
3424
3425
3426
3427
3428
3429
3430
3431
3432
3433
3434
3435
3436
3437
3438
3439
3440
3441
3442
3443
3444
3445
3446
3447
3448
3449
3450
3451
3452
3453
3454
3455
3456
3457
3458
3459
3460
3461
3462
3463
3464
3465
3466
3467
3468
3469
3470
3471
3472
3473
3474
3475
3476
3477
3478
3479
3480
3481
3482
3483
3484
3485
3486
3487
3488
3489
3490
3491
3492
3493
3494
3495
3496
3497
3498
3499
3500
3501
3502
3503
3504
3505
3506
3507
3508
3509
3510
3511
3512
3513
3514
3515
3516
3517
3518
3519
3520
3521
3522
3523
3524
3525
3526
3527
3528
3529
3530
3531
3532
3533
3534
3535
3536
3537
3538
3539
3540
3541
3542
3543
3544
3545
3546
3547
3548
3549
3550
3551
3552
3553
3554
3555
3556
3557
3558
3559
3560
3561
3562
3563
3564
3565
3566
3567
3568
3569
3570
3571
3572
3573
3574
3575
3576
3577
3578
3579
3580
3581
3582
3583
3584
3585
3586
3587
3588
3589
3590
3591
3592
3593
3594
3595
3596
3597
3598
3599
3600
3601
3602
3603
3604
3605
3606
3607
3608
3609
3610
3611
3612
3613
3614
3615
3616
3617
3618
3619
3620
3621
3622
3623
3624
3625
3626
3627
3628
3629
3630
3631
3632
3633
3634
3635
3636
3637
3638
3639
3640
3641
3642
3643
3644
3645
3646
3647
3648
3649
3650
3651
3652
3653
3654
3655
3656
3657
3658
3659
3660
3661
3662
3663
3664
3665
3666
3667
3668
3669
3670
3671
3672
3673
3674
3675
3676
3677
3678
3679
3680
3681
3682
3683
3684
3685
3686
3687
3688
3689
3690
3691
3692
3693
3694
3695
3696
3697
3698
3699
3700
3701
3702
3703
3704
3705
3706
3707
3708
3709
3710
3711
3712
3713
3714
3715
3716
3717
3718
3719
3720
3721
3722
3723
3724
3725
3726
3727
3728
3729
3730
3731
3732
3733
3734
3735
3736
3737
3738
3739
3740
3741
3742
3743
3744
3745
3746
3747
3748
3749
3750
3751
3752
3753
3754
3755
3756
3757
3758
3759
3760
3761
3762
3763
3764
3765
3766
3767
3768
3769
3770
3771
3772
3773
3774
3775
3776
3777
3778
3779
3780
3781
3782
3783
3784
3785
3786
3787
3788
3789
3790
3791
3792
3793
3794
3795
3796
3797
3798
3799
3800
3801
3802
3803
3804
3805
3806
3807
3808
3809
3810
3811
3812
3813
3814
3815
3816
3817
3818
3819
3820
3821
3822
3823
3824
3825
3826
3827
3828
3829
3830
3831
3832
3833
3834
3835
3836
3837
3838
3839
3840
3841
3842
3843
3844
3845
3846
3847
3848
3849
3850
3851
3852
3853
3854
3855
3856
3857
3858
3859
3860
3861
3862
3863
3864
3865
3866
3867
3868
3869
3870
3871
3872
3873
3874
3875
3876
3877
3878
3879
3880
3881
3882
3883
3884
3885
3886
3887
3888
3889
3890
3891
3892
3893
3894
3895
3896
3897
3898
3899
3900
3901
3902
3903
3904
3905
3906
3907
3908
3909
3910
3911
3912
3913
3914
3915
3916
3917
3918
3919
3920
3921
3922
3923
3924
3925
3926
3927
3928
3929
3930
3931
3932
3933
3934
3935
3936
3937
3938
3939
3940
3941
3942
3943
3944
3945
3946
3947
3948
3949
3950
3951
3952
3953
3954
3955
3956
3957
3958
3959
3960
3961
3962
3963
3964
3965
3966
3967
3968
3969
3970
3971
3972
3973
3974
3975
3976
3977
3978
3979
3980
3981
3982
3983
3984
3985
3986
3987
3988
3989
3990
3991
3992
3993
3994
3995
3996
3997
3998
3999
4000
4001
4002
4003
4004
4005
4006
4007
4008
4009
4010
4011
4012
4013
4014
4015
4016
4017
4018
4019
4020
4021
4022
4023
4024
4025
4026
4027
4028
4029
4030
4031
4032
4033
4034
4035
4036
4037
4038
4039
4040
4041
4042
4043
4044
4045
4046
4047
4048
4049
4050
4051
4052
4053
4054
4055
4056
4057
4058
4059
4060
4061
4062
4063
4064
4065
4066
4067
4068
4069
4070
4071
4072
4073
4074
4075
4076
4077
4078
4079
4080
4081
4082
4083
4084
4085
4086
4087
4088
4089
4090
4091
4092
4093
4094
4095
4096
4097
4098
4099
4100
4101
4102
4103
4104
4105
4106
4107
4108
4109
4110
4111
4112
4113
4114
4115
4116
4117
4118
4119
4120
4121
4122
4123
4124
4125
4126
4127
4128
4129
4130
4131
4132
4133
4134
4135
4136
4137
4138
4139
4140
4141
4142
4143
4144
4145
4146
4147
4148
4149
4150
4151
4152
4153
4154
4155
4156
4157
4158
4159
4160
4161
4162
4163
4164
4165
4166
4167
4168
4169
4170
4171
4172
4173
4174
4175
4176
4177
4178
4179
4180
4181
4182
4183
4184
4185
4186
4187
4188
4189
4190
4191
4192
4193
4194
4195
4196
4197
4198
4199
4200
4201
4202
4203
4204
4205
4206
4207
4208
4209
4210
4211
4212
4213
4214
4215
4216
4217
4218
4219
4220
4221
4222
4223
4224
4225
4226
4227
4228
4229
4230
4231
4232
4233
4234
4235
4236
4237
4238
4239
4240
4241
4242
4243
4244
4245
4246
4247
4248
4249
4250
4251
4252
4253
4254
4255
4256
4257
4258
4259
4260
4261
4262
4263
4264
4265
4266
4267
4268
4269
4270
4271
4272
4273
4274
4275
4276
4277
4278
4279
4280
4281
4282
4283
4284
4285
4286
4287
4288
4289
4290
4291
4292
4293
4294
4295
4296
4297
4298
4299
4300
4301
4302
4303
4304
4305
4306
4307
4308
4309
4310
4311
4312
4313
4314
4315
4316
4317
4318
4319
4320
4321
4322
4323
4324
4325
4326
4327
4328
4329
4330
4331
4332
4333
4334
4335
4336
4337
4338
4339
4340
4341
4342
4343
4344
4345
4346
4347
4348
4349
4350
4351
4352
4353
4354
4355
4356
4357
4358
4359
4360
4361
4362
4363
4364
4365
4366
4367
4368
4369
4370
4371
4372
4373
4374
4375
4376
4377
4378
4379
4380
4381
4382
4383
4384
4385
4386
4387
4388
4389
4390
4391
4392
4393
4394
4395
4396
4397
4398
4399
4400
4401
4402
4403
4404
4405
4406
4407
4408
4409
4410
4411
4412
4413
4414
4415
4416
4417
4418
4419
4420
4421
4422
4423
4424
4425
4426
4427
4428
4429
4430
4431
4432
4433
4434
4435
4436
4437
4438
4439
4440
4441
4442
4443
4444
4445
4446
4447
4448
4449
4450
4451
4452
4453
4454
4455
4456
4457
4458
4459
4460
4461
4462
4463
4464
4465
4466
4467
4468
4469
4470
4471
4472
4473
4474
4475
4476
4477
4478
4479
4480
4481
4482
4483
4484
4485
4486
4487
4488
4489
4490
4491
4492
4493
4494
4495
4496
4497
4498
4499
4500
4501
4502
4503
4504
4505
4506
4507
4508
4509
4510
4511
4512
4513
4514
4515
4516
4517
4518
4519
4520
4521
4522
4523
4524
4525
4526
4527
4528
4529
4530
4531
4532
4533
4534
4535
4536
4537
4538
4539
4540
4541
4542
4543
4544
4545
4546
4547
4548
4549
4550
4551
4552
4553
4554
4555
4556
4557
4558
4559
4560
4561
4562
4563
4564
4565
4566
4567
4568
4569
4570
4571
4572
4573
4574
4575
4576
4577
4578
4579
4580
4581
4582
4583
4584
4585
4586
4587
4588
4589
4590
4591
4592
4593
4594
4595
4596
4597
4598
4599
4600
4601
4602
4603
4604
4605
4606
4607
4608
4609
4610
4611
4612
4613
4614
4615
4616
4617
4618
4619
4620
4621
4622
4623
4624
4625
4626
4627
4628
4629
4630
4631
4632
4633
4634
4635
4636
4637
4638
4639
4640
4641
4642
4643
4644
4645
4646
4647
4648
4649
4650
4651
4652
4653
4654
4655
4656
4657
4658
4659
4660
4661
4662
4663
4664
4665
4666
4667
4668
4669
4670
4671
4672
4673
4674
4675
4676
4677
4678
4679
4680
4681
4682
4683
4684
4685
4686
4687
4688
4689
4690
4691
4692
4693
4694
4695
4696
4697
4698
4699
4700
4701
4702
4703
4704
4705
4706
4707
4708
4709
4710
4711
4712
4713
4714
4715
4716
4717
4718
4719
4720
4721
4722
4723
4724
4725
4726
4727
4728
4729
4730
4731
4732
4733
4734
4735
4736
4737
4738
4739
4740
4741
4742
4743
4744
4745
4746
4747
4748
4749
4750
4751
4752
4753
4754
4755
4756
4757
4758
4759
4760
4761
4762
4763
4764
4765
4766
4767
4768
4769
4770
4771
4772
4773
4774
4775
4776
4777
4778
4779
4780
4781
4782
4783
4784
4785
4786
4787
4788
4789
4790
4791
4792
4793
4794
4795
4796
4797
4798
4799
4800
4801
4802
4803
4804
4805
4806
4807
4808
4809
4810
4811
4812
4813
4814
4815
4816
4817
4818
4819
4820
4821
4822
4823
4824
4825
4826
4827
4828
4829
4830
4831
4832
4833
4834
4835
4836
4837
4838
4839
4840
4841
4842
4843
4844
4845
4846
4847
4848
4849
4850
4851
4852
4853
4854
4855
4856
4857
4858
4859
4860
4861
4862
4863
4864
4865
4866
4867
4868
4869
4870
4871
4872
4873
4874
4875
4876
4877
4878
4879
4880
4881
4882
4883
4884
4885
4886
4887
4888
4889
4890
4891
4892
4893
4894
4895
4896
4897
4898
4899
4900
4901
4902
4903
4904
4905
4906
4907
4908
4909
4910
4911
4912
4913
4914
4915
4916
4917
4918
4919
4920
4921
4922
4923
4924
4925
4926
4927
4928
4929
4930
4931
4932
4933
4934
4935
4936
4937
4938
4939
4940
4941
4942
4943
4944
4945
4946
4947
4948
4949
4950
4951
4952
4953
4954
4955
4956
4957
4958
4959
4960
4961
4962
4963
4964
4965
4966
4967
4968
4969
4970
4971
4972
4973
4974
4975
4976
4977
4978
4979
4980
4981
4982
4983
4984
4985
4986
4987
4988
4989
4990
4991
4992
4993
4994
4995
4996
4997
4998
4999
5000
5001
5002
5003
5004
5005
5006
5007
5008
5009
5010
5011
5012
5013
5014
5015
5016
5017
5018
5019
5020
5021
5022
5023
5024
5025
5026
5027
5028
5029
5030
5031
5032
5033
5034
5035
5036
5037
5038
5039
5040
5041
5042
5043
5044
5045
5046
5047
5048
5049
5050
5051
5052
5053
5054
5055
5056
5057
5058
5059
5060
5061
5062
5063
5064
5065
5066
5067
5068
5069
5070
5071
5072
5073
5074
5075
5076
5077
5078
5079
5080
5081
5082
5083
5084
5085
5086
5087
5088
5089
5090
5091
5092
5093
5094
5095
5096
5097
5098
5099
5100
5101
5102
5103
5104
5105
5106
5107
5108
5109
5110
5111
5112
5113
5114
5115
5116
5117
5118
5119
5120
5121
5122
5123
5124
5125
5126
5127
5128
5129
5130
5131
5132
5133
5134
5135
5136
5137
5138
5139
5140
5141
5142
5143
5144
5145
5146
5147
5148
5149
5150
5151
5152
5153
5154
5155
5156
5157
5158
5159
5160
5161
5162
5163
5164
5165
5166
5167
5168
5169
5170
5171
5172
5173
5174
5175
5176
5177
5178
5179
5180
5181
5182
5183
5184
5185
5186
5187
5188
5189
5190
5191
5192
5193
5194
5195
5196
5197
5198
5199
5200
5201
5202
5203
5204
5205
5206
5207
5208
5209
5210
5211
5212
5213
5214
5215
5216
5217
5218
5219
5220
5221
5222
5223
5224
5225
5226
5227
5228
5229
5230
5231
5232
5233
5234
5235
5236
5237
5238
5239
5240
5241
5242
5243
5244
5245
5246
5247
5248
5249
5250
5251
5252
5253
5254
5255
5256
5257
5258
5259
5260
5261
5262
5263
5264
5265
5266
5267
5268
5269
5270
5271
5272
5273
5274
5275
5276
5277
5278
5279
5280
5281
5282
5283
5284
5285
5286
5287
5288
5289
5290
5291
5292
5293
5294
5295
5296
5297
5298
5299
5300
5301
5302
5303
5304
5305
5306
5307
5308
5309
5310
5311
5312
5313
5314
5315
5316
5317
5318
5319
5320
5321
5322
5323
5324
5325
5326
5327
5328
5329
5330
5331
5332
5333
5334
5335
5336
5337
5338
5339
5340
5341
5342
5343
5344
5345
5346
5347
5348
5349
5350
5351
5352
5353
5354
5355
5356
5357
5358
5359
5360
5361
5362
5363
5364
5365
5366
5367
5368
5369
5370
5371
5372
5373
5374
5375
5376
5377
5378
5379
5380
5381
5382
5383
5384
5385
5386
5387
5388
5389
5390
5391
5392
5393
5394
5395
5396
5397
5398
5399
5400
5401
5402
5403
5404
5405
5406
5407
5408
5409
5410
5411
5412
5413
5414
5415
5416
5417
5418
5419
5420
5421
5422
5423
5424
5425
5426
5427
5428
5429
5430
5431
5432
5433
5434
5435
5436
5437
5438
5439
5440
5441
5442
5443
5444
5445
5446
5447
5448
5449
5450
5451
5452
5453
5454
5455
5456
5457
5458
5459
5460
5461
5462
5463
5464
5465
5466
5467
5468
5469
5470
5471
5472
5473
5474
5475
5476
5477
5478
5479
5480
5481
5482
5483
5484
5485
5486
5487
5488
5489
5490
5491
5492
5493
5494
5495
5496
5497
5498
5499
5500
5501
5502
5503
5504
5505
5506
5507
5508
5509
5510
5511
5512
5513
5514
5515
5516
5517
5518
5519
5520
5521
5522
5523
5524
5525
5526
5527
5528
5529
5530
5531
5532
5533
5534
5535
5536
5537
5538
5539
5540
5541
5542
5543
5544
5545
5546
5547
5548
5549
5550
5551
5552
5553
5554
5555
5556
5557
5558
5559
5560
5561
5562
5563
5564
5565
5566
5567
5568
5569
5570
5571
5572
5573
5574
5575
5576
5577
5578
5579
5580
5581
5582
5583
5584
5585
5586
5587
5588
5589
5590
5591
5592
5593
5594
5595
5596
5597
5598
5599
5600
5601
5602
5603
5604
5605
5606
5607
5608
5609
5610
5611
5612
5613
5614
5615
5616
5617
5618
5619
5620
5621
5622
5623
5624
5625
5626
5627
5628
5629
5630
5631
5632
5633
5634
5635
5636
5637
5638
5639
5640
5641
5642
5643
5644
5645
5646
5647
5648
5649
5650
5651
5652
5653
5654
5655
5656
5657
5658
5659
5660
5661
5662
5663
5664
5665
5666
5667
5668
5669
5670
5671
5672
5673
5674
5675
5676
5677
5678
5679
5680
5681
5682
5683
5684
5685
5686
5687
5688
5689
5690
5691
5692
5693
5694
5695
5696
5697
5698
5699
5700
5701
5702
5703
5704
5705
5706
5707
5708
5709
5710
5711
5712
5713
5714
5715
5716
5717
5718
5719
5720
5721
5722
5723
5724
5725
5726
5727
5728
5729
5730
5731
5732
5733
5734
5735
5.56771493133259 0.09830482614305087 0
5.60800288937822 0.09782750908676709 0
5.652691760451795 0.09710628884068119 0
5.529045441132812 0.09664525190261243 0
5.704057835279093 0.09674008333314423 0
5.75663512040777 0.09621250638865848 0
5.479141685685263 0.09665558619234614 0
5.813881660103792 0.09573244483078108 0
5.874169195192458 0.09493003837028675 0
5.943927035883386 0.09409804066454408 0
5.418563290706136 0.09384622089267064 0
6.016119968487928 0.09304203653827262 0
5.341144161990192 0.09128190914479381 0
5.586685670574962 0.09817229841916045 0
6.089293809779367 0.091497040815176 0
6.171415452371001 0.09052640523049385 0
5.629320392053175 0.09759977625578714 0
6.253583296637622 0.09182236736624963 0
5.577161864919598 -0.8821177325917829 0
5.260541818915595 0.08907985793188815 0
5.160706098747119 0.08654211412910812 0
5.552165490968058 0.09789514089364282 0
5.675571131154989 0.0970906376060917 0
6.332650918363992 0.08982729636187003 0
5.421778059301009 -0.8792364086947191 0
5.0504681717242 0.0827462379660413 0
5.506640323504844 0.09649590300966801 0
5.727241368096989 0.09664243862228673 0
5.783697564371333 0.09562562569755158 0
5.262572676807159 -0.8748517807736199 0
5.718875668689472 -0.8689667430041981 0
4.914461418849594 0.07746637345355874 0
5.105322816678139 -0.8713842308944248 0
4.775861794072358 0.07379406303022694 0
5.451492919440899 0.09433849067961522 0
5.840549896070835 0.09536318207054811 0
5.904580415700113 0.09459820662857123 0
5.977871131512673 0.09304329154474053 0
6.39100079277577 0.0887089076414896 0
6.454841438850238 0.0879866889326644 0
4.912454125459166 -0.8669480400651693 0
4.612773352236782 0.06464664134111996 0
5.908162862956717 -0.8497382086086813 0
4.691102718690031 -0.859744932464945 0
4.420040615034518 0.06743910222083414 0
4.2371534473436 0.06034394390359594 0
5.386603690257477 0.09279402591505601 0
5.541335217190076 0.09770298552013292 0
4.48738992700271 -0.8515923549483675 0
5.618375358793992 0.09801375755179187 0
5.596009591260438 0.0980742284805948 0
5.640631798708962 0.0974135083155946 0
5.689267274126247 0.09692061960682943 0
5.575811648994564 0.09820901208847643 0
6.047765318613309 0.09243524720455301 0
6.124511894035704 0.09226433094680871 0
6.210738707488761 0.09067019284753858 0
6.509987375126705 0.08836114158464536 0
4.259627870040749 -0.8382429823173463 0
6.140458544834425 -0.8318021249230783 0
4.021774431976543 0.05520872041396316 0
6.614311812016652 -0.2804398517016168 0
3.782470879520382 0.04874394226235997 0
3.996256488032601 -0.8398801639780978 0
3.698762861069573 -0.8322260446196986 0
3.502839312453171 0.03325023024274382 0
6.631023085702836 -0.1164652788133215 0
5.346513285658066 -0.8795292683091458 0
3.269937590956234 0.03780811271839524 0
4.986891264909648 0.08328476553168203 0
5.108554800199967 0.08471838399711785 0
5.222646851723407 0.08904789232643259 0
5.309933567743956 0.09166336567808092 0
5.493520328741224 0.09626633363570491 0
5.519064387868454 0.09740815953007299 0
3.455879739616047 -0.8141576602647997 0
5.66233867589473 0.0972414191522759 0
5.490794311161008 -0.8789190444717933 0
5.714910480499002 0.09662550735286447 0
5.739157653877754 0.09611506732166678 0
5.561525422765898 0.09819835309523145 0
5.770363532149492 0.09585074986198183 0
5.798280944005243 0.09563047360958277 0
5.856622877554779 0.09505216085163744 0
5.923708367301864 0.0944080874051389 0
6.552648261261768 0.08752683439689335 0
6.284329162563044 0.08981418688973627 0
2.99634805527704 0.03194275068162561 0
3.182741403787982 -0.8207078942648051 0
2.703568656259377 0.01466484709448492 0
2.868891056894886 -0.8147757439946008 0
2.375265172081301 0.002111888339832349 0
2.534785525063603 -0.80004647496527 0
6.596998494555888 0.08708583596406035 0
2.011122584593885 -0.008863881174283203 0
6.643325692139909 -0.0007017634032696542 0
2.167285039688463 -0.7898200675865681 0
1.766055632058913 -0.7881827218385218 0
6.577704811218397 -0.5683621675369892 0
1.463809599009596 -0.03608341577404564 0
1.15702576842415 -0.7668422337061447 0
5.802730033621469 -0.8622507888429328 0
0.8407048942331046 -0.04025143675762345 0
5.624666672993413 -0.8784339529361194 0
5.201593398643223 -0.8729371354406494 0
5.030460060100923 -0.8689197172280748 0
4.831976930613972 -0.865500243227636 0
4.596816920627832 -0.856408776269985 0
4.378850607966948 -0.8522839110715008 0
4.132741545750715 -0.8442019003621627 0
3.859708550078817 -0.8345225977349191 0
0.466763908179034 -0.06182161565175717 0
1.156539435515395 -0.02704028530037227 0
1.762350452186127 -0.02094269203980937 0
1.463077548297791 -0.7821969700257544 0
3.643805067565706 0.03400299176329873 0
3.906396731436009 0.04826233005050535 0
4.130231053027854 0.05798495840241492 0
4.330260565945175 0.06385309875951314 0
4.536603767643187 0.06702377645473913 0
4.715346824251984 0.07539047944909195 0
4.863139268560263 0.0770357959411036 0
5.19271172164723 0.084874554807366 0
5.286538340230525 0.09014637670250709 0
5.369381491349667 0.09227414595577213 0
5.402783185571927 0.09330587171799123 0
5.438813814312871 0.09451804983724918 0
5.468562168929657 0.09549577512981203 0
5.535484344835575 0.09747430949590581 0
5.547103799596816 0.09755479725009253 0
5.613522275184345 0.09752397483648435 0
5.623787625311637 0.09778729780549381 0
5.696668923901943 0.09687495112413985 0
5.536189868536042 -0.8823099319787296 0
5.571732270796145 0.09835483547782786 0
5.603244849588384 0.09802101503050009 0
5.886419837524759 0.09461125573450276 0
5.9579162855861 0.0947125998986191 0
6.062954291191902 0.09239756636291097 0
6.106691569733126 0.09275524273639724 0
6.142563316127128 0.09210638163158699 0
6.190961089223229 0.09147337459167119 0
6.231616356123703 0.09102976616761208 0
6.482409287980976 0.08748505082936875 0
6.417578431806771 0.08917882465660731 0
6.307918619784228 0.09019719560948454 0
6.355725525661022 0.0879475334850698 0
0.8302254752719153 -0.7554370242019225 0
6.335427159722228 -0.7973978172448613 0
0.485765045275574 -0.7194028126879776 0
6.627505038672275 0.08726039444359726 0
0.1969251916113568 -0.4191751667353696 0
6.648136392069204 0.05147511243512176 0
6.580583275848878 -0.4715188788182272 0
6.503957585046599 -0.5188201984990262 0
6.50444574658354 -0.4345924574038069 0
6.437747191418579 -0.4728658515537569 0
6.437963047511834 -0.400680139701204 0
6.378863424214803 -0.4342709101181276 0
6.37896375605445 -0.3706584332427297 0
6.325536369172738 -0.4024149648964264 0
6.32647073355371 -0.3437936432962812 0
6.27795558306205 -0.3728860502732572 0
6.277964542750938 -0.3199581590256203 0
6.232925331799759 -0.3457010305255659 0
6.234389911885893 -0.2945307105057702 0
6.193595195738585 -0.3187682308887305 0
6.193241147632618 -0.2740260393475206 0
6.156353057899975 -0.2952329398518282 0
6.156306046499299 -0.2527953402565172 0
6.12100044735539 -0.2729081235789752 0
6.119834862168338 -0.3148375486048329 0
6.085301634046931 -0.2935287488958085 0
6.087451548278835 -0.2533685890205111 0
6.053604162212622 -0.2727854381081747 0
6.054949601210479 -0.2363395914669967 0
6.023935613892384 -0.2521853470644774 0
6.021277282330548 -0.2890300715904387 0
5.988891227777139 -0.2646727894340504 0
5.989080250395074 -0.3034813014513744 0
5.958277932263315 -0.2846843266899237 0
5.958328622780975 -0.3199087798270127 0
5.929595326417672 -0.3009815828066412 0
5.929160674366743 -0.2680230982924086 0
5.901976956892094 -0.283088970458737 0
5.90027342418188 -0.3148738487036131 0
5.873585840633107 -0.2972408014303893 0
5.871407488224542 -0.3285031132258776 0
5.845762530336938 -0.3103140949315328 0
5.847843513662589 -0.2800677360687423 0
5.820774810464975 -0.293159664767336 0
5.818283430289437 -0.32274523030185 0
5.793953966559927 -0.3056895711735572 0
5.79113076095639 -0.3345159095133342 0
5.76739285654729 -0.3181587607906189 0
5.76465078926182 -0.3461750922898489 0
5.741592083385409 -0.330137156458869 0
5.738978728939825 -0.3574921688681849 0
5.716867338387505 -0.3411233293451859 0
5.718457868051235 -0.3143235281739135 0
5.694952991227442 -0.3255663477832641 0
5.692308920671795 -0.3517218512544966 0
5.671182299869258 -0.3358592940803596 0
5.672809340570866 -0.3102983682233607 0
5.650266363244238 -0.3204061922999793 0
5.647459461019261 -0.3457354014749804 0
5.627370670374078 -0.3301305967345444 0
5.630289086535559 -0.3054527091028497 0
5.607656729552468 -0.3150231494087838 0
5.604324997623605 -0.3393543733074084 0
5.58490094281439 -0.3242020060422268 0
5.581406458436931 -0.3483170516985012 0
5.562302355505285 -0.3330298313355174 0
5.565768904293243 -0.3092080657263677 0
5.543635696536152 -0.3180508020765072 0
5.539798011651277 -0.3417348877776706 0
5.521071605219184 -0.3266135452299282 0
5.517142657216155 -0.3500742299167557 0
5.498370412296858 -0.3350165271850954 0
5.49450758351003 -0.3584017149682923 0
5.475941971059685 -0.343527770572708 0
5.547240412375629 -0.2946367056641688 0
5.472059298699663 -0.3671947637130843 0
5.453367203029616 -0.3520858439893958 0
5.449514815113695 -0.3759941618826213 0
5.430808450843732 -0.3606788193411957 0
5.434751028239646 -0.3369127585280806 0
5.412160161838928 -0.3454592004636248 0
5.416055239344808 -0.3217837899825006 0
5.393550128290357 -0.330140128643456 0
5.389446154214919 -0.3541439686329434 0
5.370661190998689 -0.3385412672854047 0
5.468567243288707 -0.3908734186612258 0
5.366481499161093 -0.3628413422444515 0
5.347168239967859 -0.346830032240709 0
5.397621713351741 -0.3066144617494176 0
5.343105177591584 -0.3716649197967533 0
5.323555128840757 -0.3554077261799487 0
5.319463238011305 -0.380596351668115 0
5.299920032385658 -0.3643768536746339 0
5.303950483800983 -0.3390900331941569 0
5.280272909997476 -0.3481633873829293 0
5.284444988925529 -0.3229827149827084 0
5.260746886946118 -0.3318325755690885 0
5.256120191522616 -0.3573378771645971 0
5.236126456238148 -0.3405719968804212 0
5.231507257727133 -0.366607128866074 0
5.210795186460734 -0.3491839271603344 0
5.265225846849985 -0.306783868006963 0
5.823299135523681 -0.2640566429855354 0
5.206334403491669 -0.3759886117085074 0
5.185139156053045 -0.3582102004682524 0
5.180544585333593 -0.3859203246529624 0
5.159239568151852 -0.3678754700303667 0
5.163919951459286 -0.3401723681719955 0
5.138008549184801 -0.3498205069780571 0
5.154284265486774 -0.3955741239069382 0
5.175984689206098 -0.4137945394321472 0
5.14284803036504 -0.3222405944960712 0
5.116462429489708 -0.331782352826935 0
5.149493131569185 -0.4234773301173711 0
5.121825846002093 -0.3052332638618961 0
5.094863762110463 -0.31395027535856 0
5.17144824414132 -0.441787228315545 0
5.144679531646705 -0.4518686018615325 0
5.103705632428949 -0.2832878943313992 0
5.073007722569102 -0.2952337230924748 0
5.165559796339005 -0.4695512721889336 0
5.139823442244799 -0.4804450596597853 0
5.078035264284042 -0.2670068286837823 0
5.050927236304144 -0.2767397495772769 0
5.045559471979273 -0.3055858715178575 0
5.022779719428275 -0.2864005071411623 0
5.017027417900469 -0.3154374023591295 0
4.99388081365151 -0.2962260507127062 0
4.98846401135131 -0.3267700806471207 0
4.964202300513358 -0.3065119133767532 0
4.958199899787814 -0.3369545597131927 0
4.93368741479124 -0.3168711725079734 0
4.927326606733868 -0.3476533058339938 0
4.902449378682253 -0.3276361157889804 0
4.896718479091862 -0.360941352631911 0
4.870377502750989 -0.3389840726494133 0
4.865528202989003 -0.3744524880871104 0
4.83740844750581 -0.3506943909979102 0
4.830980725746493 -0.3857391468465215 0
4.803241293327881 -0.3622389648237616 0
6.025967794168142 -0.2169709656750208 0
4.861232930451054 -0.411866840916479 0
5.761442345148731 -0.3738903823604848 0
5.165043766272697 -0.4991753601486858 0
5.056218090874121 -0.2484027706035036 0
5.082241622057253 -0.2386752112835237 0
5.134457330330031 -0.5093717284853398 0
6.05434375030549 -0.2024633041766722 0
6.026591396625827 -0.1856726461014747 0
4.7964963574934 -0.3990635057286612 0
4.767708720829448 -0.3740566804498049 0
4.907393955933822 -0.2945620981676183 0
6.051735911565656 -0.1713756662465447 0
6.026476089534168 -0.1563719137725669 0
5.061385240047057 -0.220732012234987 0
5.087209093105278 -0.2113522367703894 0
5.157197283576013 -0.5283022143876712 0
4.760941412069046 -0.4117148015832797 0
4.731428480205832 -0.3868588910934196 0
4.738810044077761 -0.3487217615653738 0
4.701203493088668 -0.3602990488025093 0
6.05072463624711 -0.1425651985295537 0
6.027576691557764 -0.129334381596701 0
5.066815417594461 -0.1939547075762578 0
5.092120915351723 -0.1850646775837112 0
4.694208342688687 -0.4002571216542916 0
4.662958243993451 -0.3723032214651385 0
5.129908336270141 -0.5388520577304701 0
6.191302761155954 -0.2358691046942773 0
5.339111773008558 -0.3967610668702804 0
6.049795078684174 -0.1163907441644824 0
6.028458268406835 -0.1033994514275902 0
6.006860992701648 -0.1152523537594443 0
6.008267346714939 -0.09064635388587347 0
5.988117297986996 -0.102283471021279 0
5.987891041690059 -0.08056987933461102 0
5.9699591114451 -0.09055759295875988 0
5.970728472064811 -0.07081451078941024 0
5.952982129145027 -0.07953426909102336 0
4.655438278693389 -0.4139694538405345 0
4.623738967735988 -0.3862126027847295 0
5.953414138905602 -0.05886241521198904 0
5.937287078592111 -0.06816589033096543 0
6.321584740025476 -0.2913941921859496 0
5.936299165338848 -0.05029508982169474 0
5.921921036070519 -0.05801822522753364 0
5.152314965196492 -0.5578442273725484 0
5.180145477209333 -0.5472692417807764 0
5.072137061088061 -0.1679650024626652 0
5.096482049329438 -0.1595432822228904 0
5.921520046574141 -0.04175845807720396 0
5.907088680022217 -0.04923512807874549 0
4.708644699500868 -0.3228692437304886 0
5.906206390013699 -0.03400785208592783 0
5.892668319424854 -0.04069134527964276 0
5.892278426319958 -0.05686738792392421 0
5.878582983788255 -0.04780118694689948 0
5.879275756590951 -0.03202878106219448 0
5.865349684019098 -0.03896017438982368 0
5.864325537594596 -0.05469757993443251 0
5.85116497409948 -0.04570924897933995 0
5.849902151499153 -0.06128059378036621 0
5.837057173521075 -0.05212733897271395 0
5.840747016739089 -0.03701064295775674 0
5.826092499977317 -0.04097717801252128 0
5.823237189621531 -0.05794283833987518 0
5.810835962059615 -0.0489567403925761 0
5.809097642676177 -0.06430774704942685 0
5.796520885368418 -0.05544746673458151 0
5.795147817173172 -0.07123164422347877 0
5.78269660104835 -0.06171300322508403 0
5.781141947372518 -0.07829284333013938 0
5.768787896564181 -0.06750881541411632 0
5.77076693293106 -0.05303343141537076 0
5.757072144893756 -0.05873935303421949 0
5.755383739754533 -0.07309650990452586 0
5.743845806602923 -0.06402739188420314 0
5.742183108646572 -0.07809821957877368 0
5.730666320629678 -0.06932241365048783 0
5.732334124630205 -0.05554535047902122 0
5.719735841186432 -0.06060246205244321 0
5.721455658965095 -0.04730663613385939 0
5.709236792306815 -0.0522420473627143 0
5.707137053197721 -0.06549213903461033 0
5.696442835741331 -0.05689352508819529 0
5.694553776238681 -0.07025373154019718 0
5.684118949738986 -0.06172829321605333 0
5.685758037146592 -0.04857041982321819 0
5.673853376724339 -0.05324412517367428 0
5.671822828057242 -0.06597255583285541 0
5.661884156284202 -0.05751206160035284 0
5.664048247709315 -0.04506233155260726 0
5.652338350416206 -0.04922874761270404 0
5.649737334210869 -0.06168256414399267 0
5.640222407023734 -0.0531384990219794 0
5.637516166524483 -0.06569758415107099 0
5.628020285195333 -0.05704906158259448 0
5.63078478215174 -0.04487410048109457 0
5.618817739844681 -0.04860081452599466 0
5.61591386846729 -0.06074317185216967 0
5.606654762807009 -0.05225595012290663 0
5.60374224706538 -0.06452104592829201 0
5.594325785454747 -0.05582388033118513 0
5.591426851767415 -0.06827781002309298 0
5.582136308455895 -0.05937166356326924 0
5.585035827267537 -0.04708714490218944 0
5.572902856207571 -0.05051826137735627 0
5.569807871683849 -0.06290217138474143 0
5.560663944910612 -0.05380838145433672 0
5.557309440672059 -0.06617738932710093 0
5.548303441711253 -0.05719936511167737 0
5.544715428168963 -0.06967917139843137 0
5.535577782167182 -0.06057782953242647 0
5.531946999944434 -0.07336016128171244 0
5.522149349157282 -0.06351732138744776 0
5.518837211190027 -0.0769974347892271 0
5.508742741026049 -0.06674376375537507 0
5.57578175227916 -0.0386100612655777 0
5.505506312769215 -0.08067599206079507 0
5.49560580169101 -0.07081003132355526 0
5.525943879065824 -0.05105733709225239 0
5.492003986521651 -0.08456601915147478 0
5.481962112074922 -0.07454629399403645 0
5.478166297021294 -0.08850044032666565 0
5.467958625181176 -0.07823628664582377 0
5.471760292407684 -0.06441985774555496 0
5.457829465584613 -0.06799600307914838 0
5.453872396320228 -0.08186492212685932 0
5.443985968674317 -0.07156860159467099 0
5.439480734476028 -0.08550175878996571 0
5.429391279927108 -0.07494593467663252 0
5.424778121337895 -0.08929542097802008 0
5.414114350721619 -0.07839984999033017 0
5.409843021397583 -0.09325899617026812 0
5.398695608401072 -0.08186540466070258 0
5.46180028958017 -0.05445894934648222 0
5.39421466951549 -0.0964774061239293 0
5.382900001466642 -0.08535978246574477 0
5.541523791379349 -0.08291035082495291 0
5.378244129536395 -0.1006338311568527 0
5.366998640292564 -0.08961064580544323 0
5.403830888936832 -0.06399227982910069 0
5.812572523512166 -0.03446162780073464 0
5.36208960109952 -0.1066686653199374 0
5.350247897918476 -0.09354756085713789 0
5.420290969260991 -0.103641039435885 0
5.488577160143443 -0.09881205762113528 0
5.344908099289336 -0.1130550016594611 0
5.333230428017552 -0.098689959026805 0
5.338519240716034 -0.08084461326067967 0
5.321480624506224 -0.08512015835709509 0
5.315975019078283 -0.1025995418948211 0
5.303980694087778 -0.0888673403330716 0
5.29857596098946 -0.1062834603894003 0
5.286071407270978 -0.09257631648385223 0
5.326680546833718 -0.06857237535003351 0
6.049968898039294 -0.09182018691772194 0
5.986488815511597 -0.06223092045445859 0
5.124086165967012 -0.5683479971511441 0
5.935577599270609 -0.08813479930050244 0
4.6158633511139 -0.4286826665122777 0
4.583306782674503 -0.4008163016036827 0
5.175324071916023 -0.5764469661880037 0
5.202249371904951 -0.5666759535754026 0
5.280717846517828 -0.11053794506509 0
5.268261685845657 -0.09646999828180448 0
5.273493287356525 -0.07874501800255349 0
5.255634470640917 -0.08259715896076787 0
5.936553822906557 -0.03344323646574155 0
4.591638684864066 -0.3578057504884112 0
4.550245741582114 -0.3721635179121734 0
4.541684012725373 -0.4157363166996296 0
4.507681243990756 -0.3861780500657173 0
5.198111115721673 -0.5949478135896172 0
5.225120036917783 -0.5846275901812144 0
5.293507744363415 -0.1242754366220041 0
5.600626406655515 -0.07725853552999208 0
5.076944790199011 -0.1425352322198918 0
5.052818180132995 -0.150967037381973 0
5.377199874435062 -0.1155521295755596 0
4.559148608124532 -0.3291958990473304 0
5.807456623182079 -0.0798286589341935 0
5.275038917658295 -0.1288672319861094 0
5.261032666711761 -0.06515231339170799 0
5.242978744377589 -0.06902839093998693 0
4.498635599611447 -0.431718104141558 0
4.463071246993858 -0.4000326694249232 0
4.648045082624725 -0.4548033231009044 0
5.220609004018584 -0.6130566564488698 0
5.24750658392952 -0.6028801939931171 0
5.057696509840624 -0.1256044400771282 0
5.033617135402198 -0.1340197398261452 0
5.098051709529908 -0.5454905880908089 0
5.094809101962519 -0.5794416030783983 0
5.242859216083836 -0.6308752588255377 0
5.269210867727432 -0.621312105105834 0
4.453799964759613 -0.4469675717860871 0
4.417339993130548 -0.4152690995710507 0
4.427263085765565 -0.3675226117789858 0
4.380404271544696 -0.3827298285687502 0
4.370268953589811 -0.4312319470591661 0
4.332603538636313 -0.3979963936801755 0
5.216531097935225 -0.6409601264777292 0
5.071032236758342 -0.5594228135546326 0
5.065491321193106 -0.5913742635145107 0
5.264673515084754 -0.6485730694345868 0
5.290420243850017 -0.6386115128361249 0
5.295085518235863 -0.6118377423004671 0
5.315767461232558 -0.6287791472847363 0
5.320255123440094 -0.6026865156734962 0
5.340513137871241 -0.6192861486946249 0
5.34477592311405 -0.5936027759982038 0
5.364744488251796 -0.6100786694075505 0
5.360690813489278 -0.6355575036051864 0
5.384727512617393 -0.62631530981627 0
5.38068181167719 -0.6517666241828172 0
5.404716957673166 -0.6426234935029846 0
5.408876963043308 -0.6170841282107935 0
5.428932521791503 -0.633481771227442 0
5.433224841486965 -0.6077781654916672 0
5.453517886477497 -0.6244130159031195 0
5.457804995034119 -0.5983969065310129 0
5.478352427574501 -0.6152063713689623 0
5.473754366661769 -0.6414824007957149 0
5.499182847043612 -0.6322287972622852 0
5.503779835220451 -0.6055145814371508 0
5.525115793661282 -0.6230364901382256 0
5.529869380561753 -0.5956669216389088 0
5.551500664234956 -0.6135895659177836 0
5.55616197814154 -0.5846806212322651 0
5.578448749213697 -0.6040503348794086 0
5.54551665138386 -0.6452654333154815 0
5.58329394255516 -0.5743066085787984 0
5.606149107613337 -0.5943901857050906 0
5.400632843197779 -0.6680175762418444 0
4.390982982651479 -0.3346760418520215 0
5.248495782792784 -0.05158867176147501 0
5.230567690197915 -0.0553947549360431 0
6.070603316124771 -0.1035625661603024 0
6.070080819092505 -0.07942792933109533 0
6.090508738908142 -0.0908288205742971 0
6.090332028436531 -0.06782233331832342 0
6.110006581683319 -0.07867526459241438 0
6.110115185953417 -0.05628495103568776 0
6.12908926007565 -0.06690490984320796 0
6.091431656734288 -0.04714648929560686 0
5.611112246655141 -0.5648343091574618 0
5.634451228691875 -0.5840913844960879 0
5.629293355241463 -0.6145423863291366 0
5.659069878668529 -0.6035885971369126 0
5.040922053150091 -0.5703933651150066 0
5.03470038379146 -0.6019992936724082 0
6.129176794795609 -0.04506383274098211 0
6.147486793752458 -0.05516295758633771 0
5.288732942472403 -0.1432310972479213 0
5.269214816179794 -0.1478429387049462 0
5.009486354408613 -0.5812952276270349 0
4.321485140482823 -0.4481220380731681 0
4.282281944187313 -0.4129607220269261 0
5.038785946424928 -0.108952526893823 0
5.014174848565295 -0.1170300982310772 0
5.062515170536134 -0.1007439409539389 0
5.621647344283614 -0.03678730553674263 0
5.286104894653179 -0.665812336922792 0
5.003663251101849 -0.6143803520515969 0
4.977375345203493 -0.5926985781608844 0
4.490124082900493 -0.4784910076361872 0
5.437337508429058 -0.5818284275678739 0
5.057032197148108 -0.6242043690810191 0
6.146963568312989 -0.03390189797137851 0
6.165346611545534 -0.0438906404393279 0
6.22717205516835 -0.4028406601547666 0
5.238384696339977 -0.08792858438391374 0
5.111697317506953 -0.2019231875897287 0
5.235811757481756 -0.03813216608215954 0
5.218055349628903 -0.04194050910937397 0
5.253787634833257 -0.03514984602534503 0
5.324852073112056 -0.5768076559417061 0
5.419599386097362 -0.2984474917081247 0
5.401733721092288 -0.2837355133191861 0
5.4227199591999 -0.2756726849580631 0
4.271334738444005 -0.4656189354983794 0
4.230795240173078 -0.4300370830002758 0
4.242433874312879 -0.3762416630763445 0
4.189638867050396 -0.3935186923087487 0
5.988427384255932 -0.339177640238014 0
5.588083506145306 -0.5450444426673184 0
4.201644831566957 -0.3387278628044824 0
4.147991046942568 -0.3555541308135238 0
4.135707931225884 -0.4116928933280118 0
4.0927298082391 -0.3724930388734723 0
4.080011056420629 -0.4305010964492691 0
4.035533156039399 -0.3899615998395927 0
5.653285636233069 -0.6342948098793527 0
5.68425680944542 -0.6240385466578803 0
5.690255833061126 -0.5910574395334881 0
5.716982492991253 -0.6123120116682812 0
5.615495958745947 -0.5357114922808235 0
4.970925144524853 -0.6260283165882965 0
4.944060869410596 -0.6043006308181043 0
5.044020353360793 -0.0842958462888691 0
5.067473515053025 -0.07658213307437511 0
5.117235801214914 -0.4660836452800419 0
5.405688251128051 -0.2614914124625822 0
5.425942626756059 -0.2536885288777514 0
6.164384974028011 -0.0233564941133894 0
6.18279681745668 -0.03282371911054273 0
6.183842370329737 -0.05416710701777644 0
6.20110795179289 -0.04266704630889166 0
6.20310034282532 -0.06443389065258132 0
6.223412672174891 -0.04884172679763134 0
6.22375703469393 -0.0754431217146587 0
6.24534825886809 -0.062063181372749 0
6.245630988656117 -0.08799373562443133 0
6.266810065800525 -0.07422658548838224 0
6.266716693010034 -0.04885913100689135 0
6.288412405669239 -0.05990816410541862 0
6.14709718778388 -0.01398699485633579 0
5.283379216351921 -0.162696613174874 0
5.263134592712696 -0.1674424055802542 0
5.723137564227292 -0.5774009896015901 0
5.750220893698033 -0.5987782716992763 0
5.223616667640518 -0.02438868281058156 0
5.205506872544396 -0.02796104970484597 0
5.199866882830629 -0.04607321607003874 0
5.187238019072043 -0.03205550123232016 0
4.022371795298413 -0.4499437213727726 0
3.976444782825493 -0.4070629146730751 0
6.198749562623491 -0.02139881301822263 0
6.28946930793005 -0.08573516342654575 0
6.311164077553963 -0.07111588714350413 0
6.309286072271313 -0.04548840999115812 0
6.331986162423745 -0.05593941261053472 0
6.335207697941151 -0.08213796780705106 0
6.356813434482259 -0.06613242680232906 0
6.36033648571964 -0.09414663713410727 0
6.381809896674608 -0.0773845474814131 0
6.386759516666324 -0.1066403279191528 0
4.938157401236547 -0.6394691798548505 0
4.909902806029397 -0.6163528397628918 0
5.756849733474057 -0.5639157875476637 0
5.785415148092427 -0.5864172245841652 0
5.793229792368774 -0.549029898671211 0
5.821820820380204 -0.5743018170286245 0
4.050487949459325 -0.3340441322734509 0
4.948669145089448 -0.3646208062799832 0
5.049391919901283 -0.06058305887581489 0
4.311239547667409 -0.4989594526342179 0
5.189882399948556 -0.4594458428206039 0
5.710878220202344 -0.647160734720635 0
5.593197546309722 -0.5170709220472358 0
5.008882520844246 -0.1427057530490515 0
4.988782607343806 -0.1251794494700833 0
5.40933227594876 -0.2397901058928044 0
5.429417835782306 -0.2323447256340273 0
5.389061951456119 -0.2473707184080542 0
5.619925512686505 -0.5073050957761134 0
4.260474474947791 -0.518676396705172 0
5.071919457195635 -0.05315869254405301 0
5.830736053031503 -0.5339741797461297 0
5.858669268008207 -0.5624121461985191 0
6.378886142224918 -0.04942911238458743 0
6.406699645119303 -0.06267800223792247 0
3.963084194531894 -0.4708584695230034 0
3.915169497948237 -0.4253682385747996 0
5.181414201320581 -0.05045562261261039 0
4.964368058916335 -0.6599107346052531 0
4.903681581507858 -0.6529017447672425 0
4.874749035927985 -0.6288249310512344 0
5.445560758686824 -0.399945045833998 0
5.464973515907353 -0.4151768361483661 0
5.442140900587878 -0.424417131364097 0
5.461033890570779 -0.4401079695069116 0
5.439672913675144 -0.450440421074623 0
5.484734842638286 -0.430567644957441 0
3.9014166334798 -0.4917383982210196 0
3.851980201430925 -0.445913882578834 0
3.866683507901088 -0.3796386963207652 0
3.80205355359915 -0.4002015361379495 0
5.193244438721496 -0.01415015955309012 0
5.174723674982429 -0.01797531418507666 0
5.277491529035521 -0.182551054745352 0
5.256811897216707 -0.1876969488530869 0
5.242163764209796 -0.1718203914399874 0
5.235302053864071 -0.191675423781895 0
3.81767443591144 -0.3340928614738936 0
3.751882993419807 -0.35392516992823 0
3.735895395855504 -0.4219448021647548 0
3.683419877086076 -0.3731153388957751 0
3.667394621873193 -0.4442459106577076 0
3.613248880431675 -0.394685856251384 0
4.987061147971223 -0.5588453472343923 0
5.297925130170261 -0.1775246636245611 0
5.480700348524807 -0.4560013752298729 0
6.4015009612257 -0.03330483037000084 0
6.42670945123121 -0.04232027765848079 0
6.372751079577654 -0.02166574511522207 0
4.98338659101803 -0.1521957209527364 0
4.962475848860369 -0.1336062991391265 0
4.969233114066522 -0.1069836503216226 0
4.941700652863655 -0.1151286337255398 0
4.949092786550186 -0.08526280807944156 0
4.920558888939514 -0.095669672363138 0
4.914387607937311 -0.1241913950811892 0
4.892528581239382 -0.1047225792183719 0
4.886339543915936 -0.1339408122888955 0
4.863800707730173 -0.1136426574023041 0
4.85728357750173 -0.1436726130240812 0
4.833805377744083 -0.1225674556004303 0
4.827422998202479 -0.153984367323139 0
4.802675770814217 -0.1302102423054545 0
4.841003621587361 -0.09410111058536369 0
5.392864350006279 -0.2261646769933069 0
4.926522425499873 -0.06845294862279477 0
5.054494048556394 -0.03753111753709149 0
4.868433521347311 -0.6662367489173109 0
4.838813007148794 -0.6417582160628933 0
5.075541666745773 -0.03117936039944666 0
4.301521578812598 -0.5531627386214817 0
5.813157494509 -0.6083902937319994 0
4.84525130174161 -0.5990895382911491 0
4.809113728640463 -0.6166869239578243 0
4.801849115709235 -0.6556971169040223 0
4.771098900690079 -0.6304407208781051 0
5.868169656725155 -0.5198446582123788 0
5.898934352092054 -0.5492961494543089 0
6.13001940813459 -0.08818249353670428 0
5.230642564960176 -0.5583790429439228 0
5.292741434141016 -0.1971843577742957 0
5.598120785165882 -0.4894379443156983 0
5.315177501278029 -0.4058899437883861 0
5.335121788136136 -0.422265913700413 0
5.623930977452699 -0.4794018229056417 0
5.44572515721837 -0.2457961201934426 0
5.448985220723109 -0.2250604181399018 0
4.010742159038507 -0.5116597122829795 0
5.146609011979588 -0.298565275372928 0
5.220279694778624 -0.1759111512068438 0
4.796411883623256 -0.1644084494463064 0
4.770918103016428 -0.1397135027204538 0
3.630107729181697 -0.3222033835603648 0
3.557894224776136 -0.3434526008069865 0
3.540886179223522 -0.4177745113470012 0
3.483729172718165 -0.364863328436434 0
3.466596770083808 -0.4415610756257093 0
3.406888986557156 -0.3859983070835878 0
4.249409828098075 -0.572895724735923 0
5.310843058576376 -0.4314461971937441 0
5.330970152802447 -0.4480267003696837 0
6.422654011988763 -0.01689696069778268 0
6.447993966089411 -0.02551910810977913 0
6.451884825175904 -0.05182021842374546 0
6.473923985762186 -0.03451158221660701 0
6.477701244756503 -0.06373161767027005 0
6.499906394857968 -0.04457374479235204 0
5.376576217806591 -0.6771256281221307 0
5.396484377629895 -0.6933778539476809 0
5.372637492165287 -0.7025181649651131 0
5.392283283679675 -0.7187752231513993 0
5.368456305471232 -0.7278791699811802 0
5.388049786400273 -0.7441831649376008 0
5.411846637975957 -0.7351925280391777 0
5.364463999720162 -0.7526169790827814 0
5.180923972360175 -0.0003121260564864061 0
5.162408866712457 -0.003965581809220232 0
5.349342150992904 -0.5679340574605753 0
5.465089672075334 -0.2380574625795852 0
5.468014202299345 -0.2176956723325732 0
5.451709816527885 -0.2043531857539074 0
5.471027398778431 -0.1978899704666195 0
5.486301549356456 -0.2102836580789175 0
5.489065475160064 -0.1910222856041987 0
5.504205431125997 -0.2028869331543469 0
5.506898962818676 -0.1840784231837075 0
5.521877699284332 -0.1956939928051551 0
5.524580564319653 -0.1770232563158306 0
5.539166887954492 -0.188642917600447 0
5.54209838198798 -0.1704621787374054 0
5.556245860684162 -0.1817483043633625 0
5.558863044639504 -0.1636631753591197 0
5.57303584411813 -0.1749128947152313 0
5.570613209588151 -0.1931834969936134 0
5.587529571549377 -0.1857109045975653 0
5.590071437425989 -0.1677499042737694 0
5.604530300596643 -0.1786149860714603 0
5.607073597828031 -0.1578550573512206 0
5.621213505254766 -0.1709748562963497 0
5.625680656796845 -0.1520253945678025 0
5.638493018908502 -0.1641105212773876 0
5.636237912618062 -0.1813913111610616 0
5.652862475183447 -0.175055176428607 0
5.655727758090216 -0.1563559091246949 0
5.670203653551571 -0.1676690271046326 0
5.666980039024037 -0.1865989680307925 0
5.685307149944212 -0.1790075849851915 0
5.687241615829544 -0.1599304905847882 0
5.70307648937098 -0.1709408852886191 0
5.701275013428697 -0.190612108662126 0
5.719635046824564 -0.1820558765466206 0
5.585817308503526 -0.2034031798372219 0
5.717702523393576 -0.2023445424351245 0
5.736375252265856 -0.1929416966743958 0
5.73836162169824 -0.1731080309470955 0
5.755246424461669 -0.183707085249198 0
5.474505400358609 -0.1777810396855784 0
5.590059087744707 -0.1492523353535336 0
5.757146301227057 -0.1637699275147718 0
5.774312671525995 -0.1750296654210805 0
5.407835902774583 -0.7602400134784674 0
5.431348587271515 -0.7513739295612708 0
5.287416805829846 -0.2996316088314303 0
5.213384149230031 -0.1966706750450756 0
4.763705498648298 -0.6708811600334013 0
4.731939723040247 -0.6439151350715624 0
3.388847869870747 -0.4675664630140677 0
3.327437200867103 -0.4088398459372975 0
5.848922302237776 -0.2514450507390902 0
5.632961111146793 -0.03318201532928917 0
5.624319942242591 -0.0255665104647909 0
5.634598199505415 -0.02204206121623034 0
5.626756253335644 -0.01501420166183677 0
5.636387444133875 -0.01170103381734114 0
5.629361373327076 -0.00519468571545857 0
5.638220356633586 -0.002085266497373747 0
5.631605991349407 0.004104696631840543 0
5.63980870593902 0.007012679169185615 0
5.633556985005471 0.01280692374520181 0
5.641357812577674 0.01558470987038371 0
5.635210907128142 0.0210247950411146 0
5.62748030594053 0.01805097520675772 0
5.642920587331862 0.02354295825529851 0
5.629243932885021 0.02620652483061013 0
5.621763035919983 0.02347367174546965 0
5.623520309143824 0.0314826198255608 0
5.616663282902074 0.02925187087300634 0
5.648972064264681 0.01832897457366193 0
5.650501344039352 0.02618740749857927 0
5.65645257290924 0.02110788086603205 0
5.657955761785868 0.02880421284340713 0
5.663813202219235 0.02379370097423836 0
5.665163895515748 0.03136053706898235 0
5.671069930092131 0.02646530374994027 0
5.618079750775388 0.03626330017354421 0
5.611643292273361 0.03427983480835739 0
5.67226604827213 0.03391275511220925 0
5.678191864824088 0.0290530056217342 0
5.612992114912288 0.04074024030936772 0
5.606701602997052 0.03882833195625616 0
5.619134310006977 0.04291426224213216 0
5.679444371522377 0.03643541245077246 0
5.685276083021784 0.03160880478304161 0
5.608109421758188 0.04507419994325827 0
5.601924865092743 0.04321770759410201 0
5.659376804672975 0.0363365354445097 0
5.686575020374539 0.03890205670321607 0
5.692267358870502 0.03420782671051567 0
5.600478410979878 0.0367789509940258 0
5.595760350472142 0.04149167662905008 0
5.597316357360086 0.04758766414552883 0
5.59132936971038 0.045933523806547 0
5.589635830811312 0.03985512416773458 0
5.585166132718595 0.04437018214931214 0
5.583432723687991 0.03821466533805055 0
5.57884342311127 0.04284370640314245 0
5.577098454089082 0.03652857890800205 0
5.572542269525183 0.04123199835166979 0
5.570638585585336 0.03480210656612656 0
5.566210272416741 0.0396205088144246 0
5.564019169698793 0.03306556383937532 0
5.559386664599305 0.03800798148571215 0
5.574457787479044 0.04745640351900792 0
5.557206174774326 0.03123086230081097 0
5.552268278995198 0.03597834398930958 0
5.550080633191059 0.02964050831905577 0
5.545025950890819 0.03457616141050363 0
5.693462837643705 0.04137688022550363 0
5.699192650432597 0.03677849568451157 0
5.55431655639195 0.0431343078169058 0
5.592993273133118 0.05176857989928307 0
5.542845388118089 0.02773607255589579 0
5.537677445635104 0.03246746938568495 0
5.535550334100645 0.02536789518381364 0
5.530206895735688 0.03080452002194767 0
5.527873159406609 0.02328057356043001 0
5.522344809346415 0.02894447122198539 0
5.532603440945254 0.03738602738315448 0
5.700426010002781 0.04384695939860032 0
5.706055843353736 0.03926643669825397 0
5.581521681899828 0.03175380124022927 0
5.519942465956588 0.02112114552052873 0
5.514072477657106 0.02705816209372203 0
5.680930930808337 0.04357264435312951 0
5.707121986890423 0.04630346027657198 0
5.712772422843679 0.04170405007598355 0
5.711879557472237 0.03480783176027528 0
5.718794238258395 0.03706556717304051 0
5.691260422068074 0.02700907545431942 0
5.719584017402378 0.0451441347067883 0
5.725918897495803 0.03963092359533551 0
5.724447065705107 0.03202024376754779 0
5.732103126211862 0.03480587016655304 0
5.73284306376565 0.04387079633284528 0
5.739593637575666 0.03810877268289276 0
5.511700573138548 0.01884189192820777 0
5.505726549903029 0.02501835250772567 0
5.507784537162392 0.03291488337633898 0
5.499712980984228 0.03126213549183115 0
5.497371338173968 0.02303292042234213 0
5.491457307948068 0.02937069896029149 0
5.738507657973781 0.02976503035768843 0
5.746108271412908 0.03300967032741162 0
5.747153867577499 0.04114770174183801 0
5.753654786815273 0.03627256266589101 0
5.493927755926528 0.03754540179794895 0
5.485753303154368 0.03571945915795738 0
5.48287813652749 0.02784495897715231 0
5.477088827266376 0.03415560240411955 0
5.474149753004525 0.02603227259691578 0
5.468104329425366 0.0325965236599926 0
5.465219876247045 0.02382498170115626 0
5.458989096205376 0.03083161749035154 0
5.455975871167659 0.02177949891195572 0
5.449565773728891 0.02905829335100893 0
5.446513255657859 0.01979299801407489 0
5.43988722601176 0.02720582692268649 0
5.437050920204252 0.01746591858617148 0
5.429941685569124 0.02545712219685493 0
5.754509719093891 0.04430733783891495 0
5.761173478593041 0.03954390902768724 0
5.760310158116159 0.03122118090179261 0
5.768031894247324 0.03473684202618275 0
5.701815044421363 0.05077064095577745 0
5.42688011159408 0.01510473357330092 0
5.419414190183553 0.02337897606961638 0
5.768744035598458 0.04319193388601584 0
5.775624890320689 0.03835333102226245 0
5.415942194859479 0.0130689397709175 0
5.408702236521247 0.02143877026163152 0
5.404987289359585 0.01076327033497851 0
5.397260037047354 0.01980019871452742 0
5.614692568926583 0.02209903209135262 0
5.776347494007321 0.04662825501265194 0
5.783115502612938 0.04191813949580352 0
5.393653695477284 0.008407163628883146 0
5.385718638552583 0.01794191651561405 0
5.541554096814751 0.01931902579732624 0
5.562567964568783 0.02631941586075055 0
5.488467289927266 0.04365217325555742 0
5.669691518187282 0.01889545440266023 0
5.767301892395531 0.02600575612620204 0
5.783675687209006 0.05004118921028048 0
5.790508325616551 0.04546652103023829 0
5.790472365707918 0.03677027795332088 0
5.797705116759592 0.04079639687424171 0
5.461997104084629 0.03956905851031293 0
5.797701606447992 0.04919036078093091 0
5.805044688072809 0.04475080755307166 0
5.804846906435657 0.03648308191793224 0
5.812647759108725 0.04027771688653654 0
5.812014701617867 0.0492605195941632 0
5.820491561778944 0.04584344683123467 0
5.820094375318994 0.03537259049305685 0
5.827924823728759 0.04012246204208991 0
5.381989309539186 0.005953598185569454 0
5.374009836123939 0.01512980250358746 0
5.472612900616035 0.01823915266845154 0
5.433643645453389 0.03509857689592255 0
5.401273124132016 0.02998491631923102 0
5.777137933957055 0.0545364844844926 0
5.829396938117619 0.04828945334604925 0
5.836294286671557 0.0439187538561744 0
5.835938778808107 0.03545816364033103 0
5.843903779335506 0.03971246712744669 0
5.518024995015676 0.0126707554083095 0
5.369963860725742 0.003261205285615564 0
5.361750598975532 0.01265759543958742 0
5.365893956709077 0.0245324755866645 0
5.353529763716873 0.02222688411538941 0
5.349372626271401 0.01030824631581821 0
5.340963619036256 0.02008602718197342 0
5.336503927965542 0.007869237298508483 0
5.327829206937062 0.01806817280578543 0
5.843842195605735 0.04802606437588731 0
5.851932198619172 0.04447161134868081 0
5.852306971731903 0.03558421810178928 0
5.860158641183558 0.04025308230369737 0
5.423258451365251 0.004606632339091884 0
5.859825285088627 0.04955045605861066 0
5.868268146559854 0.04546113517211141 0
5.868601860120507 0.03589150965487288 0
5.877001694800759 0.04128365708287347 0
5.877534188710767 0.03118343370266302 0
5.885872894801553 0.03685801819522972 0
5.885272106615057 0.04677172626073837 0
5.894187057468997 0.04260343038809174 0
5.645508277125286 -0.009386766859060921 0
5.895008577176927 0.03253830664936581 0
5.903414521070094 0.03844031985203922 0
5.619873441106897 -0.00804641797607044 0
5.902392803175383 0.04843613586269694 0
5.911467999915203 0.04441872500022346 0
5.912832234234171 0.03419681220816072 0
5.921076947095671 0.04043085988778678 0
5.323293744351943 0.005262230808027729 0
5.31433366812108 0.01586809318826307 0
5.922617641669658 0.02986618318330119 0
5.931169783983074 0.03646085148691992 0
5.332554075097084 0.03028929342705805 0
5.929367563279584 0.04780133798576718 0
5.939664176813354 0.04316801476769993 0
5.941282229822058 0.03231454583041551 0
5.950057152781389 0.03927237504047722 0
5.951681480364918 0.02826291978439324 0
5.960953576731002 0.03562904665799355 0
5.962646483852103 0.02403670470937183 0
5.972156927013747 0.03158786758352682 0
5.973801263901377 0.01924772515281757 0
5.98317594337249 0.02687964377248302 0
5.985361876522288 0.01434460071866968 0
5.995708505306224 0.02395928678920029 0
5.997577015176208 0.009586859974008308 0
6.007998784184491 0.01778487972285112 0
6.010208532129633 0.004123657207622143 0
6.02101897255842 0.0128800405205284 0
6.018742443371108 0.0256337587732001 0
6.031458536068671 0.02164266300289139 0
5.980744342901161 0.03945294066716135 0
6.029400826033609 0.03430123269195686 0
6.041639616720602 0.03044213603896053 0
5.959290577139059 0.04773148939291612 0
6.023581436682493 -0.001373381759157878 0
5.630131964536286 0.03376601933332853 0
5.910434622491225 0.05441444236951357 0
5.901637989871979 0.05805861042973096 0
5.378391215043484 -0.006125042926275021 0
5.475140389783057 -0.05097794827541501 0
5.465419246073911 -0.04126593316026501 0
5.477949787111964 -0.03772275390894126 0
5.867322318444696 -0.02414188981144224 0
6.0017812441493 -0.1698417913438258 0
5.761106737022384 -0.5206745504780725 0
5.73359677662309 -0.04230611387212171 0
5.723546142932402 -0.03439853678448646 0
5.73498722608301 -0.02975504129762477 0
5.725427718401929 -0.02254289804973043 0
5.736669503384044 -0.01869000746825225 0
3.427130239346327 -0.3088829379162493 0
5.371735691022047 -0.07375170539206398 0
5.598588501621408 0.05333808536487489 0
5.594584699663875 0.05726019962862268 0
5.599666693425836 0.05879756269786429 0
5.596016680851761 0.06240674213284848 0
5.600742298895125 0.0638444207279846 0
5.597023042370994 0.06700969908714274 0
5.601539247010218 0.06875400358521937 0
5.592608553028676 0.06590650742970754 0
5.593734521851044 0.07042886139060142 0
5.589457957632746 0.06928532833218756 0
5.59042175145823 0.07332747779340126 0
5.586488824891045 0.07241492661134639 0
5.605261489233336 0.0653595747641203 0
5.606472334259946 0.06990958769674968 0
5.609772407210879 0.06681356266404463 0
5.610819449471401 0.07115446131527969 0
5.614129974597337 0.06820926244462797 0
5.615262024564096 0.07246601011284916 0
5.618442939792031 0.06957933321442467 0
5.619523320892698 0.07390825313405175 0
5.622673018603249 0.07098434938361985 0
5.623592905599314 0.07525698667664166 0
5.626834827388279 0.07233829648706513 0
5.627609343052608 0.07662203537428437 0
5.630959529759657 0.07374742619614402 0
5.630206767284236 0.06942967305887196 0
5.634413250126107 0.07073801403323572 0
5.607592709110507 0.07382339174093565 0
5.587535098468884 0.07636200963765526 0
5.583688534796797 0.07545270501026045 0
5.591518847587967 0.07757880738661047 0
5.635078350025056 0.07525423949551946 0
5.638654405895819 0.07230807611426279 0
5.63787545113131 0.06770350136073153 0
5.642323444732733 0.0692498349277216 0
5.643037791473303 0.07389322132921461 0
5.646672492548177 0.07095697939930712 0
5.584700749236363 0.07913913479554745 0
5.581036800052361 0.07821074113209345 0
5.579943763160045 0.07455630511318954 0
5.577282674432094 0.07732620517160341 0
5.576138581866219 0.07359245996040084 0
5.573376507615159 0.07645906844426045 0
5.572241066286892 0.07260476575493724 0
5.569435283490719 0.07557250947945288 0
5.568244819626543 0.07159244425716024 0
5.56530730987906 0.07465422473597962 0
5.564115990023706 0.07054847250649926 0
5.561062172370868 0.0737149282532075 0
5.566432178640959 0.07849387285037443 0
5.641528265584161 0.06444833238145056 0
5.647422901191611 0.07546295939029113 0
5.650998671082125 0.07260635177697444 0
5.559854856610678 0.06946425992101438 0
5.55673679050291 0.07272236729000765 0
5.555467217599633 0.06831340168257635 0
5.552182752027102 0.0717455183507188 0
5.550797106475935 0.06705435267424857 0
5.547571513334826 0.07068714098476883 0
5.553688511648216 0.07607573057212906 0
5.651614454112698 0.07698349849450839 0
5.655289158257872 0.07411921215825704 0
5.654400442614927 0.06957943482002966 0
5.659011104524943 0.07125324487031709 0
5.659776139911864 0.07587090482364764 0
5.663562084434059 0.07308930508043207 0
5.582106185371396 0.08175727967544671 0
5.662853687747189 0.06821444185187781 0
5.667388045475531 0.07018748386514186 0
5.668041629606514 0.07500422249971862 0
5.671872545808876 0.07217146268700089 0
5.546120321413711 0.06592454148170142 0
5.542651527823359 0.06962101741250951 0
5.620567849673169 0.07810875936683583 0
5.672424938487262 0.07689583483280248 0
5.676304346238968 0.07406358497347161 0
5.676782415276453 0.07953032060379668 0
5.680772116839596 0.07615189925869811 0
5.680219167520034 0.07114068408031896 0
5.684719726424398 0.07319419444049287 0
5.541228287694917 0.06468635336614305 0
5.537767805708188 0.06846145202148259 0
5.539188560075094 0.07328475319751482 0
5.534313510361614 0.07222894458083708 0
5.53279490173502 0.06738408290530473 0
5.5292820481171 0.07123595687088854 0
5.527621609652115 0.06620683397024965 0
5.523944271744826 0.07027879642307912 0
5.522277554408314 0.06502042108349405 0
5.518468978013795 0.06924860549859901 0
5.516765862656694 0.06379916961143275 0
5.512952842046461 0.06811307450800988 0
5.526029275897721 0.07488933722568752 0
5.643882217613194 0.07814454368192211 0
5.514725453439838 0.07347483211686724 0
5.509346961794614 0.07238224738771544 0
5.535945269496048 0.07688491791301126 0
5.585522080728912 0.08268024817835452 0
5.583031828792184 0.08518837241250038 0
5.585980827706426 0.08606753812101743 0
5.74821725983792 0.04895257616516477 0
5.938787364720095 0.05249647753918686 0
5.307386960255017 -0.4561628467403707 0
5.68523151588634 0.07807107648941827 0
5.689174285729448 0.07525617407955329 0
6.039088374844408 0.04217853933297568 0
6.051304476460082 0.03875890539316004 0
6.053864623198341 0.02604307387459839 0
6.063823493811261 0.03462575279228026 0
6.026700132559173 0.04720281515652693 0
6.066445935915567 0.02134924624353334 0
6.076609177882123 0.03036747960090458 0
5.058944168883367 -0.01504552626662053 0
5.037349702876465 -0.02203271569729289 0
5.081177495506504 -0.008455452260936573 0
5.574849554728148 0.07035738983861682 0
4.291448630202852 -0.6091529698424876 0
4.764116290484505 -0.1748254605155176 0
4.738444367754899 -0.1516775791608323 0
4.745504213539787 -0.114527571564545 0
4.712417506709864 -0.1273363026154419 0
4.704772272597478 -0.162871553733821 0
4.678223560642368 -0.1387368998778199 0
4.686298420658694 -0.1030037928127776 0
4.650499679673855 -0.1118594220980018 0
4.642407710967998 -0.1498136569882375 0
4.613995101654702 -0.1220216306591585 0
4.605621943897714 -0.1613548541732816 0
4.577371361274011 -0.1348758313916779 0
5.507333560809096 0.06701005138405608 0
5.503656511120575 0.07142412550669039 0
6.362050498585187 -0.1252054177535476 0
6.393214365759921 -0.1388646110361015 0
5.907556283592406 -0.5047042373765253 0
5.941312104998793 -0.5323881373277445 0
5.931854949093788 -0.5796208292193912 0
5.977669943024162 -0.5614015298405682 0
5.968660218592204 -0.6102195167151162 0
6.016465784270712 -0.5921319819283015 0
6.025821392409961 -0.5346659787057485 0
6.065396775269382 -0.5730058877373384 0
6.495666007867982 -0.01676309779276203 0
4.773472484937672 -0.592748034500743 0
5.530398251743325 -0.5631427807730424 0
5.085158402867302 -0.09315102392819521 0
4.789993425291224 -0.197960725534066 0
5.684176113452907 0.06810833264270005 0
5.579784620200546 0.08427857424204491 0
5.198668987218925 0.003586983018229278 0
5.668432220208594 0.07944660006426592 0
5.666633778068563 0.0651686517826941 0
6.163749984667658 -0.004104869082483911 0
6.147796949395202 0.004713487121626616 0
6.162873861043485 0.01374119701106585 0
6.148121290806473 0.02187956827284311 0
6.161627054439307 0.03061204784835044 0
6.176522500091652 0.02303218915911068 0
5.452526788177764 -0.04463639873803902 0
5.600788071231436 -0.3637723426634826 0
5.736008113667454 -0.2122287908845244 0
6.430822429728438 -0.3370912028917008 0
6.223534740648621 -0.1016012127046726 0
5.784066163550911 0.05779805955999557 0
5.778011680643575 0.06197618432250743 0
5.784472199272468 0.06506882330044242 0
5.778839130191207 0.06915096237535701 0
5.772682009034804 0.06641995116628571 0
5.785014726066809 0.07296975810099636 0
5.551709316837776 -0.0447757546095416 0
5.544990049955839 -0.1527762746547615 0
4.341917311297064 -0.5870419251492741 0
5.73554162366634 -0.3856058371603799 0
5.427381024935209 -0.7760480340969066 0
5.450405714596397 -0.7664834383396419 0
6.320356156080539 -0.468649156743715 0
5.814843540432117 -0.3520614178658096 0
5.535997543967085 -0.3651571936788265 0
4.724288408334822 -0.685869590682139 0
4.691204492715663 -0.6571321186113585 0
5.956446301450648 -0.3548811222811595 0
5.728061163348412 -0.01105278264684366 0
5.716877982038945 -0.01532192304561167 0
5.728741038547556 -0.08265211196350147 0
6.443076756895128 -0.000878202695200046 0
6.420378209219765 0.007423619718276951 0
5.456204143424348 -0.0318502323200508 0
5.443623075858684 -0.0350226952130539 0
5.79057826235096 0.06833505824081149 0
5.309658529076579 0.002620879429986104 0
5.300652954595546 0.01343032024957589 0
5.305420514827376 0.02661483899650152 0
5.291740883165613 0.02427765147140921 0
5.708486975512526 0.05317584610762381 0
5.454692071982838 -0.7425810791258791 0
5.473561120726306 -0.7576487269555701 0
4.567789563846013 -0.1737677186189899 0
4.537793692239594 -0.1454320706886039 0
4.528435160079413 -0.1861590493446236 0
4.497737195420868 -0.157430609473546 0
4.507513512325852 -0.1160378947237588 0
4.466370685593481 -0.1277894983070559 0
4.969710377666583 -0.2753984730142682 0
6.131638353982722 -0.003965673738368475 0
5.171138358845171 -0.6049669300963159 0
6.074459411668692 0.04345388658126596 0
6.086603632461027 0.03940496712023099 0
5.477982177559456 -0.7339607849062213 0
5.497005071001583 -0.7497066559351706 0
5.492511732343268 -0.7738686470459338 0
5.516067948906639 -0.7656079429846304 0
4.585577105019142 -0.09304006907344677 0
6.521282738192666 -0.02565680170846048 0
5.968564771728611 -0.1116893514395455 0
5.558811340626661 0.06456271318808582 0
5.332071531256434 -0.004723214750775876 0
3.524892548637381 -0.4952873057846813 0
6.148095806792004 0.03773977021126574 0
5.260285160227388 -0.6758563138946935 0
4.919610817596487 -0.58155544932181 0
4.896914397158386 -0.6883188088487789 0
5.444835009948496 -0.7901112848001755 0
5.61721504915751 0.06598241613768684 0
5.504080848812598 -0.2249098196934642 0
4.790355138705716 -0.4364133505425406 0
5.775666727698348 -0.1544847139513614 0
5.792986509443228 -0.1658893676407399 0
5.647209109446958 -0.0744354445846792 0
5.588150083687641 0.06499135433718865 0
5.404355760647863 -0.7846364764028881 0
4.795514026634514 -0.6963244809638971 0
5.156030419180065 -0.02202384107274721 0
5.474334244324825 -0.1029321572540758 0
5.485116339009428 -0.1136304735536583 0
5.470155789097205 -0.1179397327324844 0
5.250518784397375 -0.2098637790240994 0
5.698854234087718 -0.2110613441077352 0
4.956795962999012 -0.1611207494706111 0
5.753394852158657 -0.08683491950788833 0
5.509217152324084 0.01033250266847835 0
5.516146666802575 0.003699285988136467 0
5.506368928503562 0.001271829754836841 0
5.51333196677715 -0.005704653849344385 0
5.523453984730947 -0.003043028623834343 0
4.659779313017038 -0.07543484041841873 0
4.694441769579624 -0.06690461849792854 0
5.046415529386953 -0.5382381782746175 0
5.186892356421134 0.01692530869541321 0
5.204515076691615 0.02080557985185624 0
5.038397764058878 -0.3338010768115621 0
3.720788767710907 -0.4912269559938332 0
5.704270784406618 -0.1519813594786094 0
5.68925723230018 -0.1415004758664974 0
5.863322922583446 -0.07094096770093772 0
5.58058743013221 0.08742815432591736 0
5.57759859983814 0.08666586131294288 0
4.880462752907386 -0.1637027827188741 0
3.576109633049239 -0.2705941186559492 0
3.64825930928473 -0.2517889508832241 0
5.744995123955324 0.02454948197558352 0
5.531228708936387 0.06221900130445762 0
5.636791185389761 0.0628092998812092 0
5.640641642124034 0.05939068497320619 0
5.661953540528278 0.06312714703639341 0
5.689571736145894 0.08010257673492274 0
5.693606907521556 0.07738986354145334 0
5.693208226058545 0.07237192450602596 0
5.69771842667915 0.07457617871807093 0
5.357887538920979 0.03370356316433201 0
5.867456214604828 0.05460131157124649 0
5.859695537084574 0.05852019132222674 0
5.866677717821259 0.06316542357413837 0
5.372648278166928 -0.2334264683201533 0
5.376636182714592 -0.2126140280265872 0
5.368710543690517 -0.2545666676211312 0
3.308738862899351 -0.4918524023338074 0
3.246100668131322 -0.4334720134177453 0
3.266444513073639 -0.3493718844362684 0
3.182508905429047 -0.3736404074819465 0
3.161896085759406 -0.4591643683886578 0
3.096027781198686 -0.3978774542005259 0
5.536508058337887 -0.2072713044767629 0
5.281935038273244 -0.6931456801133449 0
5.255937440001977 -0.7033443609910535 0
5.277740411100925 -0.720973468235367 0
5.251534605132826 -0.731108865930116 0
5.273500107243677 -0.7488853670975373 0
5.247023782777544 -0.7592892860653355 0
5.224751245361178 -0.7409104611484594 0
5.520495609606238 -0.7412231445119399 0
5.539853038820766 -0.7570208677095144 0
5.536533274418632 -0.7808019127230633 0
5.559534634027854 -0.7734136945819634 0
5.56423232903152 -0.7477391098636277 0
5.584219519252605 -0.7650583985030991 0
5.943786634283216 0.02136652109705271 0
5.868875609494403 0.02551188510161337 0
5.878355973133528 0.02057404025079631 0
5.718200520870047 -0.004528382533463863 0
5.708590315280573 -0.008357661355446452 0
5.913777649974731 0.02317581798251325 0
5.515561902412001 -0.0906248054990956 0
5.758776276443367 -0.4027533426428102 0
5.731904098515246 -0.4146127801851409 0
5.908960938054459 0.06360822211738337 0
5.859529035112214 0.06689527252863571 0
4.160698608099336 -0.300722667246499 0
4.213589402536581 -0.2842953727957103 0
4.17328843145842 -0.2466181159195005 0
4.22525274353471 -0.230465795395163 0
4.185546620200856 -0.192755818876541 0
4.23552690001027 -0.1786244570495756 0
4.133442301248913 -0.2090003640313174 0
5.588262093406234 -0.08132720089250811 0
5.598082763578449 -0.09059213597440785 0
5.584772718642374 -0.09486102817614107 0
6.247134869496364 -0.1150250234792626 0
4.238060083825333 -0.6277835736329251 0
5.589742088028339 -0.7378798927535232 0
5.611492260353559 -0.7570072826370817 0
5.773251425820002 0.07287050031080644 0
5.7676591020185 0.07051419003284735 0
5.698059914623867 0.0795523811732667 0
5.702175920219089 0.07680431064377494 0
5.401557110368123 -0.000428506855967424 0
6.093158772347596 -0.1161981400230227 0
5.453788175038217 0.01236389096675087 0
5.127023844403467 -0.4065020438104299 0
5.296674079987383 0.03727501771382305 0
5.282851168883418 0.03509068929422685 0
5.277782733640562 0.02199516691606179 0
5.268808430591476 0.03301949947367736 0
5.568646275373574 -0.2861213358785677 0
6.047814666755198 0.05065063434652244 0
6.516171651110915 0.0007292956203953903 0
5.987163795388776 0.002221683716705049 0
5.987606205752823 -0.3760549743924527 0
6.505235618635242 -0.07442639049766843 0
5.90127401688065 0.066621416863406 0
4.456236634933262 -0.1702014336851025 0
4.423876379762882 -0.1395509892996492 0
5.198202641387494 -0.1810447741758614 0
5.20518780393549 -0.1595967844942792 0
6.175387740697041 0.03880372343243546 0
6.18900076777571 0.03192481088938329 0
3.204066541554915 -0.2887871263874447 0
3.074979039050344 -0.4867916925999135 0
3.006536973525704 -0.4237963744421485 0
5.520653635979544 0.05942068197335982 0
5.51485727395502 0.05805724802904928 0
5.042073202667336 0.0005160159953868954 0
5.02015625624412 -0.006159862647303437 0
5.504632696240311 -0.4464269633665239 0
4.63428348425406 -0.1871539344276194 0
4.145770206213071 -0.1548218233152603 0
4.092718588859865 -0.1711730396109396 0
5.962688448811484 0.01324492121502415 0
5.567163148465573 0.0676695473333624 0
5.191067520244567 -0.2030430330540854 0
5.209783755056309 -0.2194584748794633 0
5.685754941655766 0.0827527071674774 0
5.501489496044466 0.06592694654669368 0
5.497681923720657 0.07055186663361337 0
4.683588613461251 -0.7002615488543145 0
4.649519803358783 -0.671832683990922 0
4.657939292154504 -0.6279445649441959 0
4.614402205482337 -0.6409858772179615 0
4.606700691244597 -0.6873745981756942 0
4.570308497434748 -0.6555613599616447 0
5.51117411773351 0.07766954679497828 0
6.076759574193169 -0.5217211756732141 0
6.116183142438708 -0.5553940918517584 0
6.079639266466602 0.01656661753777261 0
6.068583767080608 0.007015515143949842 0
5.49979886033888 0.07616353816053084 0
5.493679416148383 0.07507482163785596 0
5.491668108808073 0.06959059272066696 0
5.487815462803812 0.07441446580470684 0
5.485542136749147 0.06864012947264814 0
5.481615583164093 0.07363404586065933 0
5.479219181357429 0.0677021733936308 0
5.47522684650246 0.07275405916404251 0
5.472658225921954 0.06660397138375876 0
5.468504176413234 0.07190565472919436 0
5.465939786116111 0.06556193613790973 0
5.46146055107579 0.07106231459932939 0
5.458828234753632 0.0647647192831376 0
5.454237318138556 0.07017412811045784 0
5.451417954187628 0.06352038947600168 0
5.446664650497976 0.06921377825433331 0
5.574996496888003 -0.7913666661934019 0
5.635590142581957 0.05767991330841335 0
5.639720599725039 0.05403617450048323 0
5.682322628510146 0.09702336496827488 0
5.64800420598459 -0.4956553610486493 0
3.030329295093359 -0.3334065018926486 0
2.938414342577413 -0.3588240125077788 0
2.914608540027794 -0.4516503339519378 0
2.844488603891244 -0.3831597338717083 0
2.821731105584576 -0.476277808463866 0
2.746365329693432 -0.4085961390868607 0
5.220115462089494 -0.769957820498216 0
5.197199306336596 -0.7510168583367549 0
5.462237986374078 -0.2590118825946515 0
5.666030580815757 0.05979875985863965 0
5.660992662876073 0.05771837378070271 0
4.333214014990149 -0.644539728439147 0
5.602818058265811 -0.4619268853262154 0
5.628094989321148 -0.4520126208701708 0
5.500741902268913 -0.4721050337505273 0
5.476642808096219 -0.4815586551339774 0
4.477286526544779 -0.08635282046399151 0
5.791415924565673 0.07499253167416435 0
5.796546123724822 0.07128014909360997 0
5.768062666318603 0.07658858229724039 0
5.762443057370621 0.07387684974467348 0
5.874319218785407 -0.478395561605828 0
6.050460092049802 -0.06924280988002396 0
5.263422383701158 0.0194657493039193 0
6.540851094520354 -0.007686753182475714 0
5.182924224094325 -0.1644968484106329 0
5.189805603408936 -0.1425467947814706 0
5.540598185860714 0.07782116235114715 0
5.537520888613185 0.08118028756496368 0
5.541786452856079 0.08206429369698136 0
5.326919050347358 -0.4737440832188312 0
5.302040598157159 -0.482514804456406 0
4.842745326934357 -0.3116801288939401 0
5.192635673405302 -0.7807919152982659 0
5.169064661150363 -0.7619260679408405 0
5.174014133846253 -0.7318585021498056 0
5.145187888170513 -0.7427379188567222 0
5.150195496871807 -0.7119313820986088 0
5.120818294003759 -0.7230916433205198 0
5.115970538654529 -0.754342260398559 0
5.091025500189961 -0.7342667151266442 0
5.443839428210014 0.06203734544809947 0
5.438888573172388 0.06817174192184472 0
5.79396850170522 -0.1454243051483617 0
5.811806073139264 -0.1566153389304844 0
4.413243122585557 -0.1834187378622885 0
4.385236813426801 -0.6273097176448734 0
6.006110286463827 -0.6424483207632146 0
6.106670741220751 -0.6104338946321334 0
6.162382388228909 -0.5907038674505524 0
5.9583838516684 -0.6602831894953319 0
5.269277342770389 -0.7768343378832451 0
5.587447623386355 -0.03536335229137916 0
5.578810611451319 -0.02737967748510764 0
6.084427832184139 0.05204703534884252 0
6.095994797197591 0.04810257623032436 0
5.702454528808769 0.08168327931881761 0
5.706610248033103 0.07900970664261367 0
5.706337045851124 0.07405520178477054 0
5.710877347227337 0.07633948739790655 0
5.28607662951926 -0.4405528412777311 0
6.078876841920068 -0.185616825065206 0
5.435970420914773 0.06072093881454491 0
5.430738751553728 0.0672872388623706 0
5.427794119119023 0.0594283257123413 0
5.422290060609697 0.06632628339055296 0
5.419315464080637 0.05809021869419995 0
5.413785658016378 0.06506684965529305 0
6.438091384134879 0.02125214956899692 0
5.352074435148646 -0.2405420788901539 0
5.253935067639305 0.03123242246304729 0
5.015115063838 -0.02906500140757192 0
4.997305978146602 -0.01282005126002153 0
5.773495221412927 0.07919857130262953 0
6.419280719352651 0.02867253996676095 0
4.668883747303963 -0.0425637587188263 0
5.710831868173558 0.08130457140726523 0
5.71533342591631 0.07870972547042374 0
5.715207582189352 0.0735282897597867 0
5.719884793959889 0.07606071631855497 0
5.71973530967868 0.07068170122928705 0
5.724576004359736 0.07330621444105298 0
5.724433451339204 0.06768122608681187 0
5.729398142535587 0.07043271987339846 0
5.729557975882497 0.07606198521685024 0
5.73431393049411 0.07322867954279401 0
5.73448315558089 0.07876839034935312 0
5.739250661031296 0.0759676924165798 0
5.739558396263517 0.0702612295736755 0
5.719453612406774 0.08110698112143068 0
4.70253394619537 -0.03237902569395037 0
5.351218215236213 -0.4645793301163421 0
5.50361460212617 -0.00840672162378895 0
5.770438786556639 -0.195390143179492 0
5.369720313346244 0.03593372317036207 0
5.362087498515577 0.0447056343972369 0
5.373343243500743 0.04708431644626671 0
5.366229452357681 0.05543723447450817 0
5.355083149618395 0.05333544971953198 0
5.37751546833983 0.05825426898512936 0
5.866141598604509 0.07132755118724128 0
5.544824181820628 0.06088248600473112 0
4.623576137848637 -0.5927934837027601 0
4.756900913886353 -0.2091119624028174 0
5.745869500611869 -0.02510034122633431 0
5.747043676792086 -0.01299031918532191 0
5.756476117360082 -0.02008826633905186 0
5.757997194200881 -0.008225757621464358 0
5.76706530151839 -0.01536969571949877 0
6.187981886522048 0.04702490199105137 0
6.201634761085799 0.04027068234509388 0
5.729361920790089 0.06456542786628329 0
2.869119571554013 -0.2873743718479649 0
5.520566458027703 -0.01289529599532073 0
5.530641235258178 -0.01008477950580581 0
5.295704670606627 -4.745987825705358e-05 0
5.305085543865428 -0.01123047765284947 0
6.364580485011153 -0.1585642693419497 0
6.397593128200008 -0.1744708919923275 0
5.762551655141491 0.06780479786470502 0
5.278163754384374 -0.06116874585343833 0
5.085853912258064 -0.7667292720592724 0
5.059881894603241 -0.7453420569337493 0
5.810501563532325 -0.1779741429811497 0
5.829808765821661 -0.1682167142924582 0
5.830921970823857 -0.1468210235563171 0
5.849074738035904 -0.1582605938361073 0
5.849378997287678 -0.1377077999778269 0
5.867862507925894 -0.1490867131309076 0
5.867513309115074 -0.1705762358495854 0
5.887973593073351 -0.1591605103028536 0
5.886828650747138 -0.1829386162381186 0
5.90857893628049 -0.171003279469509 0
6.099371865354284 0.03562571417912068 0
5.873228747121154 0.06771868783660506 0
5.710185971347594 0.001883634096689626 0
5.700697162960752 -0.001919737337388163 0
5.699093735990214 -0.01199110770356804 0
5.691018399328049 -0.005456264284504526 0
5.396257254062704 -0.2055221859652246 0
5.380381188383104 -0.1921539345338958 0
5.399292648526359 -0.1854794927625253 0
3.594511891697911 -0.1991391548754073 0
3.666134356563837 -0.1839459425680898 0
4.562032760917561 -0.7034087548143858 0
4.978339555572891 -0.1800436620048269 0
4.951105522928927 -0.1896022246617773 0
5.538893824997818 0.08513901137366967 0
5.534209670357423 0.08460966488853827 0
5.542661510080848 0.08593679914242111 0
4.105900962536163 -0.1172169428916973 0
4.051849870379747 -0.1330057674568863 0
4.158360798845307 -0.1012656878274646 0
6.547182130905016 -0.03415041775829555 0
5.094444349873292 -0.04604352790960418 0
4.194533353854648 -0.5902379487603748 0
4.183027059012597 -0.6473745330504945 0
6.42778145585357 -0.1522321258398488 0
6.432919643351653 -0.1919315930395865 0
6.466675321969271 -0.1669303615527587 0
5.025335933438751 0.0163760826916419 0
5.737134388726023 0.02133112171836327 0
5.616760839117278 -0.7277778553935775 0
5.6390471657242 -0.7472484845911984 0
5.633634356341823 -0.7770792553061809 0
5.66244275329619 -0.7669726696961706 0
3.371061127809493 -0.5503154888259587 0
5.578493625796733 0.08957104254970373 0
5.575585739228839 0.08885953931668468 0
5.579961237248332 0.09829222366706106 0
5.58126394959889 0.09034864910591051 0
5.510657918038358 -0.1657055533314907 0
5.66549578973377 0.05419534023870776 0
5.218093489395629 -0.3233699091001569 0
6.53576635728689 0.01715441732744004 0
6.512729099842287 0.02498724669084802 0
6.223020625336756 -0.1294103556141674 0
6.248679841121829 -0.1442178680912479 0
5.697323323866376 0.06953253462678799 0
5.588944430484508 -0.02384273820469891 0
5.581288087281678 -0.01666663449979056 0
5.571736366057394 -0.01942434271476051 0
5.574587448003067 -0.009612262634401283 0
5.583890132121489 -0.006630794961534326 0
5.576888696019878 -2.603703566821999e-05 0
5.585827174243763 0.002726213040893464 0
5.568054230598431 -0.002256120057107569 0
5.609239097289699 0.06156228602703735 0
5.705333593559304 -0.1338131642650366 0
5.691552256315923 -0.1239371394623938 0
5.191833592253425 0.03284676417934101 0
5.175400832687673 0.030058525951797 0
5.208705483198302 0.03903309048289031 0
5.69007467006352 0.08476068417474036 0
6.431062093543007 -0.5530725787109976 0
5.689471064352863 -0.01553649834620516 0
5.681325039004531 -0.008993227766324757 0
5.273708470238645 0.04659105075780659 0
6.011859256744172 -0.01064960055354615 0
5.763141818286195 0.08002110330576473 0
5.757799130941067 0.0776049377828455 0
5.574750586429818 0.08609789585656624 0
5.572684209218609 0.0882633668760955 0
5.796919299041695 0.07771291142992987 0
5.802271296614572 0.07418797763433321 0
5.360900085269972 -0.1991636064158893 0
5.364707143291392 -0.1790907478589785 0
5.358890494121476 0.06370160354081317 0
5.348188303793887 0.06184170197784817 0
5.351819469722692 -0.3223711096855845 0
4.446628048999401 -0.2144896487901846 0
6.026113108192043 -0.01659644474741564 0
4.600179698191748 -0.3153118436398777 0
5.35927090915819 -0.413074284824105 0
3.881711085740117 -0.3141082036562718 0
3.833419377325367 -0.2686345140367705 0
5.458990697942372 -0.7181566636293644 0
5.461957850385681 -0.5723405157312973 0
5.440640804736077 -0.5567395202535699 0
5.167670801370782 -0.1477157213735606 0
5.174732195441476 -0.1260124400806578 0
4.664331062499453 -0.5842428946590419 0
5.494137077291016 -0.6586885044942274 0
6.559534176925544 0.009449583140819269 0
5.869117474917641 0.01456618412929643 0
5.879203199663607 0.009352517947993688 0
2.720815410501955 -0.5170813091011354 0
2.64594039897895 -0.4370541843115176 0
2.671191965874439 -0.333790628116737 0
2.568338072339146 -0.3623858652963013 0
2.540418849238374 -0.465025300305792 0
2.461710914179621 -0.3903119577754132 0
2.434569544422322 -0.4992255339174761 0
2.352170888173987 -0.4199171186388822 0
5.887276961983043 -0.1349850287000365 0
5.73907807413781 0.0812493693450265 0
5.768361892432243 -0.004069632447857661 0
5.777510145213716 -0.01076846228504899 0
5.77889957581419 0.0004474583012231776 0
5.787916791257559 -0.006167540338414835 0
5.78926852686223 0.005026723539822209 0
5.798189621944967 -0.001511500310061729 0
5.518967727305807 0.05343730338410958 0
5.90799335161222 0.07226199401376239 0
5.915734302360477 0.06895098288733295 0
4.717483929366979 -0.7282621487615978 0
5.26818839565943 -0.2847027506296327 0
4.373485164594952 -0.6827212150559705 0
5.184286148164434 -0.2259055469896395 0
5.200344105267137 -0.2434483809406374 0
6.471638969737918 -0.2103827255944445 0
6.508561783405292 -0.183052612109245 0
5.997246176507533 -0.6948241961718709 0
5.143170892827348 -0.007473961392675974 0
5.410680742774855 0.05675276481777242 0
5.40508257406081 0.0637939779723761 0
5.771605216326115 -0.2890502253327684 0
5.756500031440996 -0.1418962898063722 0
5.802412502869515 0.08057046920710029 0
5.807897120243685 0.07716362577055526 0
5.046867878553791 0.0227810812040838 0
5.447228703477675 -0.0227807220387469 0
5.459635258904504 -0.01967405333536558 0
5.434787949013676 -0.02578785522834494 0
4.380188287966241 -0.1518580226077789 0
4.391620765538855 -0.1082996386722204 0
4.370812993121079 -0.1980311276443794 0
5.489782098241221 0.07953410497768651 0
5.496439843149453 -0.001033525968191762 0
5.153542180532161 -0.1313272661295747 0
5.159463886833929 -0.1095455450056192 0
5.655133351738728 0.01321289335698295 0
4.754066409147859 -0.4497808789057132 0
5.16441550748667 -0.7921019994316332 0
6.175101179807315 0.05358576416289211 0
3.893059062268865 -0.2494710110691806 0
3.845951906345843 -0.2068351245620181 0
4.608393748328773 -0.4711187137676461 0
5.859323553037958 0.07472393021323875 0
5.852834854444727 0.07068889970589128 0
5.550548786040535 -0.2718141198036892 0
5.529675694154413 -0.280331480364111 0
5.807823530836217 0.07079760620344297 0
5.813556876997036 0.07361744238766442 0
6.09337900150725 0.06022239542150269 0
6.105029910338629 0.0565215211366312 0
6.082261001807574 0.06415648771062536 0
5.30664922927315 -0.1402933586915697 0
5.900315396965846 0.07558329931743282 0
3.289535314687884 -0.5754495983000547 0
5.126061793787632 -0.6921312407631135 0
5.347980472226529 -0.2619772698450764 0
5.33109037949012 -0.2476862155481108 0
5.670415433448763 0.05649549809699831 0
2.596114093171112 -0.2586415015601983 0
5.49592476595447 0.04542510165529248 0
5.255519802524868 -0.1329949114180919 0
5.347867823387233 -0.4894450025364298 0
5.371528984824858 -0.481001066406898 0
5.634600674193086 0.05214334765086172 0
5.638783255303476 0.0483502377546225 0
5.644274759299368 0.05033714525502297 0
5.629868386155452 0.05522951161400547 0
4.677372327512016 -0.008659878844126855 0
4.643795699094155 -0.01745207026455726 0
5.248531813879499 0.01683986848317463 0
5.756110054916271 -0.4326749889796786 0
5.728314977029239 -0.4445494340205667 0
5.784047476220277 -0.4200612464512807 0
5.634488520730839 -0.07876206502902462 0
5.644973264728819 -0.08797842979970286 0
5.852845075119566 0.07826596585161316 0
5.846839600491816 0.07437297386213197 0
4.784130361328225 -0.474434347365925 0
5.655876851027797 -0.7971417499758404 0
5.685956611837473 -0.7875030762420554 0
5.693056674226747 -0.755199679410703 0
5.719165322545909 -0.7772576559394246 0
5.726330695264053 -0.741796899715492 0
5.753785097347792 -0.7661202015650176 0
5.761630171711719 -0.7285229810119693 0
5.791378367879835 -0.7544693071525448 0
5.734668719612626 0.08405774581576286 0
5.594729768035276 -0.1046290065381214 0
5.581055768007547 -0.108959724602958 0
4.747311962900925 -0.4885034045839885 0
6.082733934245615 0.001737740254384101 0
5.464358603301358 0.07825541841114968 0
5.848066043717766 -0.07794948617410499 0
5.227190180810264 -0.3933103208397655 0
5.572518571890082 -0.2636477150692823 0
5.365672130233778 -0.008952555021203481 0
5.374729120030636 -0.01888112873087517 0
5.361216176703048 -0.02165849062977139 0
5.470666592527049 0.06008167627628588 0
5.40208253303331 0.05480163449159975 0
4.783244229825432 -0.2324533831776293 0
4.815127614503568 -0.2170734273808697 0
5.948284148265675 -0.3970648548921586 0
5.98367005185428 -0.4188989239136326 0
6.02148661918071 -0.3974660162933272 0
5.194384763686765 -0.06476546628339638 0
5.645561301567882 0.06121286507118898 0
4.67577588213773 -0.7439644606924953 0
5.496794298141312 -0.4978267908272161 0
6.202938084729664 0.02529777976931955 0
6.215650529196299 0.033697316418923 0
6.214656858462444 0.04883636235047284 0
6.228560868921257 0.04271839432957054 0
6.229955378905101 0.02703971391048037 0
6.243090885215564 0.03642511098999935 0
6.244692126928601 0.02003208271818678 0
6.258463768091898 0.02988552578789155 0
6.26028753888123 0.0125585862854066 0
6.274248604284076 0.0230166080543578 0
6.272110098395308 0.04034921687471245 0
6.288757825494445 0.03683955000131869 0
6.290778544302912 0.01812454192640074 0
6.304736122152413 0.02839301944516309 0
6.30257164303624 0.04250279074479663 0
6.317044400210383 0.04153393662914829 0
6.320631466661944 0.02290734767972013 0
6.334340148873452 0.03334255047733387 0
6.245714689482424 0.002275187996796762 0
5.524914368969331 -0.4625416778161168 0
5.528597254317758 -0.4367039447801312 0
5.623842607244282 -0.6435017168724038 0
5.568283934911712 -0.7205748759389294 0
4.52814386594503 -0.6729806550175718 0
4.536987350766911 -0.6246809488882687 0
5.573573667638264 0.09096304865710414 0
5.570685487415286 0.09040545553901913 0
5.569800138229226 0.08765971521985622 0
5.56782424750241 0.08986975995774166 0
5.566944287423629 0.08708778853798846 0
5.564901959874565 0.08934519684421155 0
5.563952544902062 0.08655718559770953 0
5.56187425694103 0.08882353355316192 0
5.560883525622495 0.08591276050384414 0
5.558739647791428 0.08828028388159365 0
5.557129724198647 0.09794882418704227 0
4.347791674148893 -0.1187986337479598 0
4.358939222072236 -0.0751740385098649 0
4.314173238557854 -0.08597052181831628 0
5.477836919377053 0.078626755128787 0
5.79216518613147 0.08089753403874791 0
6.241348968460024 0.0520499995039949 0
4.323021488983152 -0.699531931140697 0
5.705098153796245 -0.4251361997181304 0
5.431087497152281 -0.03818684846337401 0
5.422226860184009 -0.02867329996077662 0
5.862001474980713 -0.08772334466142719 0
5.480757233302825 -0.1289838142597009 0
5.465751029943238 -0.1333925298537433 0
5.494386196564808 -0.1249916101970313 0
5.644403939479233 -0.7173024648513363 0
5.579092845711816 0.008937133620405678 0
5.587781438246758 0.01137642680623004 0
5.594304190284647 0.005468664041458331 0
5.643301672645643 0.04435098736646623 0
4.519522111839176 -0.7212870634290917 0
6.12373508248549 -0.5017305793000302 0
5.872777149324745 0.07553288231692026 0
5.631376576386144 -0.09232110064285895 0
5.642020467242464 -0.1019050028121143 0
5.655987203068248 -0.09730696044495862 0
5.433876294994425 0.07477420308347076 0
6.070809844930616 -0.008532949442541437 0
5.370485455582078 -0.03202318783385261 0
5.356614894574834 -0.03504709753580725 0
5.384144420080883 -0.02893016013164437 0
6.435277139857998 0.04161288330412411 0
6.457026151768286 0.03461326610290807 0
5.545744898475179 0.08304059786818813 0
5.546036056534456 0.08649603442174214 0
5.034798480642835 -0.2296477988425983 0
5.55772829035233 0.08517529033403473 0
5.652269680796597 -0.1116660866526896 0
5.489333779605191 0.06361071809319147 0
4.265480958727853 -0.2670877511083484 0
5.054621916580102 -0.7787174221181581 0
5.028027067517902 -0.7573698837887194 0
5.744067729829973 0.01573767908364495 0
6.199093325764935 -0.1154206330020928 0
6.198099765048879 -0.1441449318044882 0
5.479583400570172 -0.3199825265019458 0
5.493567089888751 -0.01102944313830009 0
5.501390946271913 -0.01897122698041405 0
5.527841825923214 -0.02015640456705568 0
5.537992723392009 -0.01725102336390409 0
5.540570342152131 -0.007198305433119037 0
5.449648537155173 0.07599273384539725 0
5.555493883428806 0.08769694510220466 0
5.724065007895616 0.06171925295126619 0
5.03364988428171 -0.7233274853122227 0
5.00091297997284 -0.7353410268995826 0
4.995290488951421 -0.7701588281097798 0
5.60749584552129 -0.4346725484791029 0
5.632949025458264 -0.4251042180046518 0
5.813679310499621 0.08016887014526303 0
5.819304070244957 0.07674222733409747 0
5.829172123671984 0.0949419621689927 0
5.819186649555457 0.06998437353791895 0
5.824945920595454 0.07333690367057991 0
4.138535694708002 -0.608357562192761 0
4.126399676368047 -0.6680327760176108 0
5.79934997380858 0.00947237124445841 0
5.808351681802566 0.002990839329140756 0
5.696883867913838 -0.02087188946385814 0
2.382233547653227 -0.3114494501242228 0
2.269976244984461 -0.3384665787555783 0
2.238934212002545 -0.4525641291426075 0
2.152240203178325 -0.3665291427000195 0
2.119942233495318 -0.4816988818053061 0
2.031604777401125 -0.3963345907783032 0
4.44433838717165 -0.4944956982871749 0
5.831300639024318 -0.1257709934942907 0
5.948103602281389 -0.7123914148821444 0
5.907291124653476 -0.1963682795930553 0
5.929601014283318 -0.1847180383357734 0
5.879573385979296 0.07221161161846013 0
6.554646217669185 0.03281279927164776 0
6.57705871779204 0.02548988013853402 0
5.559749813222318 0.09122508354771859 0
5.714876812617359 0.06813754978392958 0
5.448788186732479 0.05619899923767736 0
5.368199255022496 -0.5057177075449752 0
5.391707508149666 -0.4973890242605019 0
6.150661373111856 -0.6529766182551204 0
6.212002034838416 -0.6287830999483399 0
5.215326521617527 -0.7980132866885341 0
5.67975697745688 -0.0192321684798099 0
5.486115565427271 -0.003333620155990777 0
5.660100938887763 0.05200640230350463 0
5.387064333170394 -0.5216087565389295 0
5.628511958183274 -0.1060452392301884 0
5.565809147782261 0.09209582177593463 0
5.179909521835595 0.04498649061220659 0
5.16401335827362 0.04286978447792834 0
2.89048105251952 -0.5405262847669642 0
5.416528699275704 0.04979700181451516 0
1.998482970478391 -0.5194049124185515 0
1.907910912424748 -0.4315610701596011 0
5.328618585703506 -0.5519056727914651 0
5.304507432008568 -0.560171178915803 0
6.332470873811297 0.05237073311357943 0
6.347985130656088 0.04474925606859334 0
6.351464806084675 0.02678210372473153 0
6.364639292261424 0.03904723344259961 0
4.038349147089947 -0.1885469222198786 0
3.997241646223 -0.1475351111719355 0
5.295442626911018 -0.7664859414538964 0
5.291313939935593 -0.7940405672981734 0
5.777139598453092 -0.02213481158505984 0
5.539994086229974 0.08857798203250258 0
5.290436625030797 -0.01405870445149712 0
5.299877868041209 -0.02566034718724608 0
5.408360406720822 0.07206604128325531 0
5.399668608727028 0.07090082825295559 0
6.157421698893173 -0.2118487125848418 0
5.352859381170987 -0.6870301620720271 0
4.992118983530244 -0.03668452907263345 0
4.973991243022134 -0.02020157552078095 0
4.979403584227925 0.0040532977028673 0
4.955915224306684 -0.003252332126169215 0
4.961570670937744 0.02111858145369736 0
4.937544317008008 0.01389156286645174 0
6.582857006839378 0.002149835930683686 0
5.686204318471605 0.08723580188708216 0
4.967365785443699 -0.7475013820706238 0
5.819349677388066 0.0831892968940964 0
5.671847377432224 -0.01254359589831925 0
5.799717114504479 -0.7144372023767656 0
5.830597361718715 -0.7417952571367087 0
4.558929738719987 -0.2134428225148289 0
4.010106492711179 -0.09213732431296835 0
3.954481466922281 -0.1067266316948573 0
5.781303445492116 -0.4518284118907712 0
5.758434582351588 0.08321147373827431 0
5.753441871760479 0.08104854549627943 0
5.748188570074543 0.09643241191233587 0
5.751973576739248 0.07520766128117234 0
5.554444254196174 0.08447065073980523 0
5.828210251593658 -0.1903652367625838 0
5.03070902732988 0.03786833781376549 0
5.914990130218372 0.07728468199154125 0
5.922490143567693 0.07413321303239885 0
5.196546550380081 -0.1203671868027375 0
5.512909971666362 0.05193751753724261 0
5.596064849501464 0.01388009304962084 0
5.602552628916692 0.008145292362628689 0
5.600826750193688 -0.0003988452824774322 0
5.930626016114207 -0.159666366156472 0
5.42393762858308 -0.4096696278988062 0
6.328785448229411 -0.03102711484055321 0
3.615839834532869 -0.1267139490473416 0
3.541797585639404 -0.1475749115410799 0
3.686197948603198 -0.1118814234598269 0
5.835812617450314 -0.7000190081007385 0
5.517093802172379 0.04711903045763616 0
4.080062561837135 -0.627164014703259 0
4.067766560810195 -0.6888851771535799 0
4.019830423409854 -0.6465277909321973 0
6.414635771946426 0.04811856911338921 0
4.961508647788592 -0.7834491995322577 0
4.935038895789623 -0.7604990078639264 0
5.692985667938708 0.004456016423995995 0
3.350246004470006 -0.6333641787358841 0
5.988958777342763 -0.74849068697642 0
4.171201897995573 -0.7103692212414328 0
1.943678030149955 -0.3061890003871897 0
1.817467193835033 -0.3392989044265857 0
1.781832181589073 -0.4669757007544203 0
1.686160336953451 -0.3717884975884866 0
6.134864093078557 0.0300020128699979 0
6.135659591475851 0.0447068922446965 0
6.397124381295481 -0.2179977624670295 0
2.185590380801115 -0.2513222701182647 0
6.14692771456247 0.0520142620761897 0
6.135891813571469 0.05776254150201213 0
6.145700591607783 0.06497684418013971 0
6.332212672059168 -0.1437546025057655 0
6.33957431688872 -0.1816624567958126 0
5.719163101047132 0.00565185112642085 0
5.711700822502756 0.01146234487766998 0
6.186833453514538 0.06103994278939391 0
5.258005989481627 0.005370163734646304 0
5.516287198955287 0.07862369851097994 0
5.513107111754572 0.08248112757332601 0
5.517816558744334 0.08341189358676117 0
5.51469094381525 0.08696605980518485 0
5.510122439885201 0.08619446731715763 0
5.519212593156196 0.08779401004086491 0
5.522220296312684 0.08445946256868687 0
5.523568885905831 0.08865803060943023 0
5.755176260418978 0.05195693965523028 0
5.749152140467241 0.05638485597263574 0
5.155326861766207 -0.6811119464489293 0
5.131420924652937 -0.6612896371944971 0
5.70703763383325 -0.1172918313312637 0
5.694934807648775 -0.1069299616104545 0
4.436959519771426 -0.3197372768343925 0
5.139619033301599 -0.1164104728862952 0
5.146989757231004 -0.09387259609033902 0
6.013492456427331 -0.02652005611194697 0
5.763337253562712 0.08564868359106682 0
4.749768443952783 -0.2436301455109847 0
4.777596404053721 -0.266163849547695 0
5.694141507885686 -0.5564420735923897 0
5.160503215091294 -0.1691176266382536 0
6.172553132343822 -0.1298580178328552 0
5.742522698427242 0.05321855273887766 0
5.878991573604821 0.07969278194185631 0
4.124875896426435 -0.4693822226143701 0
5.846618024749512 0.08157873129549394 0
5.720794437910155 -0.1263010669687874 0
4.710767527612362 0.0009494250292422788 0
4.735202299576577 -0.02216322732583043 0
5.346463415894513 -0.1841619409873864 0
5.350348668343923 -0.1652690796002787 0
5.368763448913299 -0.1596941847133125 0
5.728959398182334 0.0583488202144 0
4.931432007626318 -0.01107371648295273 0
4.912383553951615 0.006766112407995424 0
4.90619371332629 -0.01907757934806036 0
4.886739913241989 -0.001999331629315978 0
4.879990362296634 -0.0276992293751199 0
4.85983806768855 -0.009917542493153074 0
5.343912300161648 -0.736798747354636 0
5.825052203880829 0.06638485351840274 0
5.682233964356604 0.08542195055777213 0
5.846401829018243 0.06713267951555568 0
6.207120756871668 -0.6965972648248975 0
5.579260716061565 0.09231624691480039 0
5.58192730957415 0.09304377458444466 0
4.742597257762579 0.01042716285568722 0
4.766620886672169 -0.01236625835677865 0
4.759500254158574 -0.04436142417152864 0
4.789381288840898 -0.03591233784196123 0
4.799550724696725 -0.005862151883590132 0
5.560296532859013 0.08305401864028777 0
5.841292200157154 0.07748311367799426 0
6.404006582728448 0.01659420998711864 0
6.57203748483962 0.04757821529617921 0
6.592757411191968 0.04154885446636097 0
5.809132267133689 0.0139930966501043 0
5.818368332538691 0.007667408304064327 0
5.817743617683353 -0.00331444187681049 0
5.827906756807314 0.001031558047098546 0
5.673422746539968 -0.002591069470513742 0
5.698466381955964 0.08432235615875283 0
5.702630910309641 0.08632616960237138 0
5.588688142681244 0.08380277992538794 0
5.589000779848864 0.08746208258575405 0
5.591708907238813 0.08487099201099127 0
5.592390958685288 0.08798179691455255 0
5.59481802311797 0.08576241267705555 0
5.59549607441873 0.08882469800837192 0
5.5978417737555 0.08669466552332908 0
5.598547381037503 0.08976805902694841 0
5.600892630449378 0.08768695951727426 0
5.600188612106326 0.08448907500236227 0
5.603290056835908 0.08551052421889756 0
5.603943571746377 0.08870309912871027 0
5.60636746555577 0.08656034105275079 0
5.590479404812137 0.0904585817132621 0
5.591313068885015 0.09786509783354003 0
5.607000059803466 0.08971706136447145 0
5.609487676747083 0.08764352711137327 0
5.608837343796058 0.08435682061119032 0
5.611994465287682 0.0854925583474713 0
5.612598674015929 0.08876893071111111 0
5.615114746182787 0.08667323037136813 0
5.615643903973707 0.08989519831630684 0
5.618185282562092 0.08782997497049172 0
5.611424399952019 0.08206108539619858 0
5.602611490398442 0.08222535873644388 0
5.618601506458252 0.09105767805022731 0
5.621212848378086 0.08903647999981935 0
5.599317973808388 0.08118650354733356 0
5.316917152324271 -0.783903912499081 0
5.312844758382925 -0.8110100221389405 0
5.338102864795096 -0.8009457927166972 0
5.654730148653704 -0.03696093520057259 0
4.482897746267318 -0.5242534538902107 0
5.498035853496836 -0.05659393241678901 0
5.700733077634757 -0.4550651717836774 0
5.483213582491943 -0.01369934744265018 0
5.475003274976599 -0.005694932235143649 0
5.893745828690972 0.06064300016851829 0
4.119179752399158 -0.06379794022286175 0
4.169251729619349 -0.05073697674526957 0
5.454189090090928 -0.1217593077056432 0
5.449530678332264 -0.1375224978027928 0
5.547968881848981 -0.01422029329034321 0
5.6794880785071 0.06598398934263336 0
5.683716139756676 0.06273506779254692 0
5.570633796127173 -0.09879807696077075 0
5.566821297262472 -0.1131045472756876 0
5.664704989803022 0.04838963844806507 0
5.136776908002503 -0.02608522475755832 0
5.532820072881568 -0.2582765785661043 0
5.512503198325517 -0.2661355267168702 0
5.310341844718366 0.0392939019304577 0
5.301636948046519 0.04961794222930578 0
5.314760730017376 0.05158926568685979 0
5.306601426206862 0.06168383468767981 0
5.319111627578145 0.06444880048606122 0
5.571728342241662 -0.4993006214448711 0
5.596262454481119 0.09176102781897114 0
5.599257271236375 0.09269759003580569 0
6.102424654612426 0.06804933160212513 0
6.360758216555795 0.05617772014682772 0
6.377175515682197 0.05107616924580371 0
4.973505328217579 -0.2098703230845459 0
4.945563003302044 -0.2201581346879842 0
5.588899092563499 0.05603878471664879 0
1.649758233148553 -0.5040490195092041 0
1.550265787299872 -0.4057728106941129 0
4.554251355660455 -0.7505500374383072 0
6.271120237390054 -0.6702434676454665 0
5.828320647504837 0.01259162193329486 0
5.838152220757682 0.006163834841588728 0
5.837469605040233 -0.005662261623070627 0
5.848421376055974 0.000118370863354123 0
5.379944016464332 -0.04246774473200818 0
5.393196611445295 -0.03994697723919464 0
5.583917708525636 0.09116160477799001 0
6.431641428589637 0.06007822133119452 0
6.213409106839195 -0.5674102014136388 0
5.604629743111611 0.09175074348943701 0
4.325186076191877 -0.04086288939077823 0
4.371089425387474 -0.03172025739749124 0
5.417985490293569 -0.5657121794399589 0
4.890031137835518 0.02556783565054375 0
5.703436575140289 0.0570369842749945 0
5.697896806505138 0.05469126721897663 0
5.62735024096202 -0.8066029237703456 0
5.648975731057508 -0.8264118442735571 0
5.753969764524722 0.08633498136302682 0
5.41178042698264 -0.5141519343940355 0
5.790745803946312 0.01623798736633166 0
5.610348919141554 -0.291164535696508 0
5.632542931323177 -0.2816806535303733 0
5.613595317090895 -0.2679398966882334 0
5.634863166279624 -0.2589028661014284 0
5.61748782393561 -0.2456170632159305 0
5.637595965875964 -0.2368026461404131 0
5.655134954538525 -0.2498881386357566 0
6.262298598226248 -0.005478497325690509 0
5.351964337687147 0.07185803288804599 0
5.341402987451538 0.07014949641357046 0
6.028667343727244 -0.03294707506162067 0
5.613806139448068 -0.02968995335429795 0
5.47206942205158 -0.5061627033667555 0
5.491971766226222 -0.5213011718921448 0
5.081041168526251 -0.7998670546967802 0
5.216587915211773 0.008094386428434429 0
5.571577882465485 0.0929936366177038 0
5.293893832687391 0.05984208371775306 0
5.690328695655539 0.08913333644740164 0
5.101947363013108 -0.6718327466059699 0
6.084265585985538 -0.3333751827112561 0
6.117341259628162 -0.3568223858476133 0
5.859626324106152 0.08220192451090683 0
4.281070776511854 -0.05393671918837627 0
5.810996708044597 -0.4382842500228999 0
6.452149726091304 -0.08416794154538987 0
4.517922328428909 -0.07489827466354262 0
4.488083113395366 -0.04554617213839215 0
4.527850994236915 -0.03443098055645242 0
4.49865950946587 -0.006229379147999913 0
5.739634639572622 0.08658759549430327 0
5.73478200334814 0.08906982572149459 0
5.730515733302994 0.08674401027407797 0
5.375612169064136 -0.4555328908622564 0
5.362104053774308 0.07389924122078115 0
5.561028025519262 -0.1457788714592552 0
5.548018873013412 -0.1351662673449607 0
5.532024397912711 -0.1418534478172981 0
5.534595784414687 -0.125354643227426 0
5.420488310302856 -0.6844110027891073 0
5.326576066053224 0.05429092670567608 0
6.04555580746142 -0.726583395392304 0
5.517612703209117 -0.5142103611157164 0
5.574397856339466 0.09355240114323496 0
4.007209303835015 -0.7099824508768188 0
3.957862980756688 -0.6667257670519455 0
5.746296191337514 -0.8011695076355246 0
3.429727208901205 -0.6000919643932796 0
3.286755880924787 -0.2648571990930032 0
3.225560878415714 -0.2039858363200962 0
3.311190609636235 -0.1768462489911503 0
5.535456655152587 -0.02774450598432747 0
5.649092066941051 0.04663398396197299 0
5.440770240925252 -0.2899954526800479 0
5.287321439873979 -0.8212755456714582 0
2.698002065614267 -0.230739180114029 0
5.796216012281887 0.06457304626997182 0
6.018947717795217 -0.4382415500303068 0
6.055222694218845 -0.4174607818890994 0
5.633135628710803 0.04646822257340315 0
4.819984454762658 -0.4611718310774479 0
4.814073832932641 -0.4987539764790865 0
4.849733540939884 -0.4853166590821623 0
4.843653943935124 -0.5226521028620428 0
4.878894291716597 -0.5092385370029158 0
4.884544172331146 -0.4725217801058993 0
4.912813155187095 -0.4959237774746342 0
4.918562515304215 -0.4604011234391601 0
4.946046123470365 -0.48294816550731 0
4.951646947927175 -0.4485062764579579 0
4.978129860415038 -0.4703988059090387 0
4.983529355254145 -0.4368522426221272 0
5.009516884407321 -0.4580173407558522 0
5.014694966322569 -0.4256835218786538 0
5.039858436323474 -0.446102114457349 0
5.045210996391472 -0.4146078038391862 0
5.020422663865759 -0.393999691022603 0
5.621016959933343 0.0857052262673256 0
5.623929417418243 0.08693811954446781 0
5.624228341768711 0.09031771091544097 0
5.627007015978544 0.08825950460488222 0
5.62659072255604 0.0849175714447543 0
5.629772574250921 0.08629789575985561 0
5.630078617114255 0.08968356564569364 0
5.633003120585426 0.08762372679002681 0
5.635256729475281 0.09746311795592688 0
5.632498904987135 0.08431793435666696 0
5.635905266690078 0.08565306361644749 0
5.636261516335766 0.08909797118698716 0
5.639241906436627 0.08702730422115314 0
5.639534062066785 0.09052101564725097 0
5.642445523496672 0.08851945437141273 0
5.646835296824538 0.09744978830127526 0
6.133879710624406 0.07089655995262061 0
4.458722850945557 -0.01651193199560757 0
5.923555345876504 0.06573429846630698 0
5.930104985517952 0.07106569032688785 0
5.928961362867003 0.07922812040670525 0
5.936495145766053 0.07634865005777078 0
5.657657486353142 -0.2281704412758548 0
5.675153853633587 -0.2409586442141868 0
5.450855107956436 -0.01117093799272988 0
4.364435842214098 -0.7368876634706663 0
5.620549124655943 -0.2239887947410225 0
4.789112490632612 -0.07011947684787499 0
4.985383497269461 0.02804060116392444 0
5.344126804161385 -0.06500002155021102 0
5.333237048988427 -0.05072688898738925 0
5.315183356518409 -0.05650711159802414 0
5.176861507088574 -0.2495401677873877 0
5.193907331544812 -0.2676489919495884 0
5.215466940755656 -0.2591335580640161 0
5.15976632044517 -0.2312964238609877 0
5.884857859651087 -0.2079445178310866 0
5.39873428636405 -0.02656841805150982 0
5.482540890672254 -0.709482414016436 0
6.174337659858517 0.06797377740040694 0
5.797120347418269 -0.01294884636694042 0
5.577594666505756 -0.3727383503007394 0
5.123603076943533 -0.01102007084005122 0
5.131628876669139 0.007146394884811802 0
5.308898605448776 -0.8381942170038356 0
5.879922552653424 -0.01676794955456323 0
6.514433109172942 -0.2306695565105768 0
6.552646005994861 -0.2007674971796568 0
6.543089618511489 -0.1545701488893241 0
4.924935755132779 -0.4261295547638203 0
5.673087896928454 -0.2628541613110198 0
5.693519672307848 -0.2537618644196245 0
4.989106446049727 -0.8061785344326415 0
5.335344085509253 -0.2258487293375437 0
5.31662676540598 -0.231374685605591 0
5.31032919725135 -0.2548752275404711 0
5.294153058379232 -0.2355037729509095 0
6.056986449932382 -0.002450619799091075 0
6.05761170496868 -0.01949608558659317 0
3.270642358537314 -0.6598599085647838 0
4.526417557747637 -0.5064959791041062 0
5.121363167567054 -0.6042859679064257 0
5.648063312507205 0.04025143962014344 0
5.869498355809817 0.002459979881074897 0
5.603787366005052 0.05507425234334466 0
5.642740878856843 0.0919470959144375 0
5.645638386259312 0.09001805145901381 0
5.645358696579305 0.08649645316394791 0
5.648623748779632 0.08803560745183162 0
5.648800716621374 0.09220878044973763 0
5.651894290245474 0.08978157553640571 0
5.651811713336255 0.08589396580979465 0
5.654994693147082 0.08770470565996744 0
5.655161602409194 0.09136607377596698 0
5.65830788535926 0.08947021748920644 0
5.658153207645686 0.08567433695467888 0
5.661575465757193 0.08753127847676248 0
5.669146202368421 0.0969841556004974 0
5.613133449615344 0.09189251129576811 0
5.699158289129551 0.08879167654782727 0
5.582115148398088 -0.4442476767558787 0
4.489410862530764 -0.6449188377599998 0
5.929178486502209 -0.2107053231524078 0
5.952697285042152 -0.1983255102623872 0
5.463355800840394 -0.693265328660265 0
5.65567713799721 0.05548552364459503 0
5.898085849538472 -0.347479752388635 0
5.868323002797561 -0.3608938170610512 0
4.710324310738329 -0.7721901988866253 0
4.751414472774493 -0.7568552086586556 0
4.745185614623654 -0.8026978245908734 0
4.785141001978181 -0.7847664348177107 0
5.749034005023891 0.08444309404871392 0
5.353638497703056 -0.1468559774271215 0
5.56890485128629 0.08478254356821119 0
5.416154253409844 -0.04162018845948253 0
5.28509590313891 -0.0285623804079968 0
5.661398919145379 0.08362838617504821 0
5.720240820283186 0.01505919802586799 0
5.489537824736911 0.006514869775347376 0
5.912245156344753 -0.4637218614275371 0
5.87714614542399 -0.4360511535589716 0
6.246674421663204 -0.0167943170091568 0
5.381021531136502 0.03885821222649584 0
4.854351451698197 -0.03662784154628312 0
3.141906767880119 -0.2274780361306813 0
3.163780756576264 -0.1423132927118744 0
3.078247559204936 -0.1655695439114459 0
5.051732245905274 0.04430518486222071 0
5.067397734137533 0.02966978541590904 0
5.072121459382021 0.05020920826329665 0
5.089390592613747 0.03676363894631945 0
5.526489253081049 0.08554306084885514 0
5.527600445110266 0.08957310171860801 0
4.641005789374589 -0.4963340323115875 0
5.379713174083227 -0.2915676358634446 0
5.759015209363998 0.003056428055204565 0
4.862148864416048 -0.7038574555527912 0
5.385835214039862 -0.3784867498200051 0
5.755374120006028 -0.03186591142888155 0
5.234304884144288 -0.6844384375954032 0
3.651898502365697 -0.5159568387121589 0
3.706243116267564 -0.5641722383984324 0
3.635669558342049 -0.5890154575586229 0
3.691476795268008 -0.6389171836355835 0
3.619225843152357 -0.6632764244807144 0
3.761449562790547 -0.6136683161317456 0
3.747306844999369 -0.688081430114595 0
3.817687732192327 -0.6653590130115407 0
3.944591668850653 -0.7321267244742542 0
5.109776662887068 -0.3610831516761636 0
4.943444759989935 0.03831435040419748 0
5.523936313488754 0.04855440913603054 0
5.477487236606545 -0.1450479104993058 0
4.669108829984087 -0.7870733090350895 0
4.39990594512826 -0.2849171709984161 0
5.316000101479712 -0.02348087335140346 0
6.094266977970905 0.01208588946116928 0
6.097614692330737 -0.003577704591580163 0
5.724399621898287 -0.4746317570714035 0
4.516207366285927 -0.2299733781895042 0
2.531123437861747 -0.5873057469559453 0
2.406297358229656 -0.6092612921689875 0
5.818640982712449 0.06244305030833538 0
5.705022228889542 -0.07902635327267422 0
5.004528255489264 -0.4907491732246967 0
3.20553387192824 -0.6003001847454129 0
5.872313066509632 0.0827585278802396 0
6.113573059677138 0.06453971416875715 0
3.967221345808386 -0.05049481743158784 0
3.909546724329341 -0.06709308649453696 0
4.722778204320717 -0.2202151430134829 0
5.607550145369884 0.09272925956431527 0
5.584526010291249 0.09378530552135755 0
5.149790448391538 -0.04079821799042206 0
5.432813518314637 0.0525198359951379 0
5.592071503784304 -0.1191030997822725 0
5.308149385370259 -0.5351677569607425 0
5.284272463274932 -0.5430979672170139 0
5.848773876988167 0.01205653236308433 0
6.307327200526729 -0.02131072142327423 0
5.416107178280207 -0.1988055565018936 0
5.418617178670331 -0.1790959543241243 0
5.402982350035693 -0.1664472590004266 0
5.420890456398697 -0.1599679840331925 0
5.40665826483685 -0.1481385373988055 0
5.435471420287427 -0.171745053490888 0
5.026245972874473 -0.06787169830872469 0
1.595336317626443 -0.2499099565486871 0
1.450323931976601 -0.3003563092485371 0
1.410774246248337 -0.4432785097492021 0
1.307303779112407 -0.3393334696540383 0
1.267270983864669 -0.4835247841420509 0
1.159246408153856 -0.3756321664069529 0
5.452700788531849 -0.490931535488148 0
5.238955903958415 0.02878389615842869 0
5.24465771977288 0.04301803989019547 0
5.525478148421765 -0.03034983857308864 0
4.439623065357821 -0.5489132764307971 0
5.601829708957865 0.07873037563731695 0
5.598486044373635 0.07754338636307977 0
5.589959771451057 0.01952497172440921 0
5.597768758196526 0.02187938681336162 0
5.885733469223174 0.07652903398510259 0
5.664264317168692 -0.005953911890203238 0
5.662626722590681 -0.01513162264392753 0
5.682748750371774 0.08958795164716502 0
5.678931543686313 0.08799135142550528 0
2.624542342079048 -0.1578616856405097 0
2.520865250171954 -0.1823826717977417 0
5.567565231153978 -0.212405936112257 0
5.583483527328181 -0.2231630985313013 0
4.41703452865226 -0.7159074328010125 0
5.355732550249379 0.08146556430648985 0
5.698964833180176 -0.7212724253415552 0
5.664854868757193 0.08556432481841716 0
5.664977431314886 0.08943890353350101 0
5.668273074761792 0.08750220903449651 0
6.372808165208345 0.06709765566928896 0
6.387948669300723 0.06267448805692059 0
4.686204435088754 0.0235002630969381 0
5.735683680597466 0.01243964248532387 0
5.742626805579556 0.006350459967967221 0
5.242941264925354 0.002261459958049921 0
4.35504711582363 -0.3014315104526895 0
5.831013735710979 0.06960363968129223 0
5.831180400220849 0.06249387263147418 0
5.550298672509721 -0.004204473116662235 0
5.543033344347549 0.002439777045224753 0
5.552740796201614 0.005045858282058145 0
5.507696575285793 -0.2897054877960869 0
5.768982956134913 -0.6893709173582203 0
4.71598995295393 -0.2548691172807477 0
5.888080001562259 0.01574276289774671 0
5.889772933931933 0.0040708945294927 0
5.511831643335508 0.09042011250278205 0
4.927400016969474 -0.7965368252578352 0
4.897072236848227 -0.7662923295224173 0
4.312967963970085 -0.7541740032441677 0
3.785071559925639 -0.2230865757139202 0
3.801371952951094 -0.1583389072480566 0
5.505291655983012 0.06124934827915988 0
5.499116270095902 0.05984564111355423 0
5.676103590619747 -0.1312056834471318 0
5.877495609084178 -0.08060596434554615 0
5.876851489260283 -0.09821306551822497 0
5.89314543900373 -0.09043004040216775 0
5.539728666086013 0.05948707130236883 0
5.543566729455618 0.05542988866467589 0
5.54905800236192 0.0570219718058481 0
5.537948303525091 0.05396541590169752 0
5.542098091916018 0.04959984573569039 0
6.000005822466815 -0.01953245415869215 0
3.330554279235719 -0.7277906806587398 0
5.692713270258417 0.06723900461910653 0
5.130506983253065 -0.04549315027263884 0
5.507365099828474 0.0896578225793654 0
5.505535597261233 0.08549169189993294 0
5.502621920600244 0.08904087068830588 0
5.823675135547893 -0.7836421879188729 0
5.873051797447329 -0.7664900235883584 0
5.299261885258496 0.07119368198384242 0
5.286176458474871 0.06968075240120067 0
5.642388800400096 0.03762615174730268 0
5.759318708918094 0.02246685157566015 0
5.92403639590978 0.01855114623441827 0
5.914575853989939 0.01130683436236291 0
5.925820031554182 0.006362559976395579 0
5.915583684933262 -0.001376338482942213 0
5.927796144952255 -0.006603473935903995 0
5.938515485724118 0.001779552701326569 0
5.52491828026761 0.09226399418265425 0
5.825334645632602 -0.2372240698188357 0
5.800273355150972 -0.2487887704530241 0
5.17518985915987 -0.06930444977324539 0
6.173389647417178 -0.1007788318627796 0
6.551393906165761 0.05744236279653834 0
2.201155990865758 -0.5761633729588266 0
5.766382166739559 0.01695834312626204 0
6.015643969486009 -0.04346743595246495 0
5.608165875823378 0.08097896768730356 0
4.292819125867624 -0.009247667921538258 0
5.597124149628495 -0.3885382946416155 0
5.574926810332075 -0.3973141840899541 0
5.620615834303896 -0.3796716501446451 0
4.60084673708539 -0.5142284441555317 0
4.923212591164305 -0.1995851277341746 0
4.916390149186803 -0.229303451458512 0
4.687840922538324 -0.231692688413559 0
4.681167509400394 -0.2665963077471987 0
5.302855930322439 -0.710441871709808 0
3.837710123209747 -0.5115790379177843 0
3.88208036003512 -0.5601761729271101 0
4.054592830430109 -0.7485381997127809 0
5.157681433849133 0.02696464465092961 0
5.14659974662983 0.04055666690782893 0
5.188383352461248 -0.08422216415065667 0
5.808146610310409 -0.2000138183129807 0
6.368513265128848 0.02141015461897241 0
6.354749510411674 0.008053865212395438 0
5.880327491300868 0.06447181024948981 0
6.272224533813626 -0.1282905950989458 0
6.275947204788397 -0.158617920960689 0
6.248794810631441 -0.1763671474550241 0
6.278301782874657 -0.1929616565150451 0
4.968730160230592 -0.04471217140848246 0
4.987136432370612 -0.06085298999211795 0
5.980833831107308 -0.4574143206731154 0
5.895038982527174 -0.3796585229589973 0
5.840367241985724 0.0843201722244705 0
5.835492836052635 0.0804153972736395 0
5.500820282874954 0.08470051875447106 0
5.497842345909992 0.08842189400587971 0
5.555085103967434 -0.1022638419886962 0
5.068797255934454 -0.4347002579213326 0
5.063967408518976 -0.4658659750665058 0
5.073968255915891 -0.403760839734532 0
5.520874110621873 0.04165618682351348 0
4.892993101848237 -0.8077149735584516 0
4.858987088434933 -0.7865666071009363 0
5.808093331804142 -0.4720347286743792 0
5.697106570515256 -0.4866636553994391 0
5.845697550488824 0.087656216064711 0
5.594174064073092 0.08255351814450723 0
5.63819687893217 0.08334120865708847 0
5.952499301940905 -0.2255199164794893 0
5.275087147641955 -0.01666112974882617 0
5.100465510820068 -0.1347254387942089 0
3.945717600431261 -0.2929857488491536 0
5.154631925160593 0.05883438788535429 0
5.136506926976113 0.05419113992845307 0
4.874173345523258 -0.05565915253038953 0
5.734796500835288 0.06145025189191442 0
5.693257948144026 -0.2759348683573888 0
5.713365147270459 -0.2664420078235102 0
5.847238599611527 -0.09551598737492337 0
5.935070184181757 0.08400087231890351 0
5.94258818166544 0.08125733256523504 0
5.944096150864984 0.07349072602170262 0
5.950425450338771 0.07877192587032721 0
5.951902451748222 0.07054527614067713 0
5.958438649580174 0.07605365838595377 0
5.959982624665606 0.06748598550161487 0
5.96691481817766 0.07325217058220063 0
5.968391415540379 0.06431104070979379 0
5.975589460606611 0.07029516825023896 0
5.977078964883978 0.06102933126400079 0
5.984251882596439 0.06717721471313493 0
5.993293124793686 0.09363022050743394 0
5.98265674053599 0.07628140359261135 0
5.99135596349338 0.07336382695713164 0
5.993164702685011 0.0640603044745259 0
6.00039035326764 0.07049878588906339 0
6.002436941140408 0.06092240869302695 0
6.009596197182888 0.06760158179715088 0
6.007287415241991 0.07690983087259445 0
6.016499528889621 0.07425281745169188 0
6.031879312977067 0.09310423322755956 0
5.965309148161101 0.08174478516612185 0
5.995075041514221 0.05427463549420775 0
6.004827958475142 0.05084276991984277 0
6.018921089557475 0.06488344249537414 0
6.025877296187273 0.0716533857919634 0
5.953187107371992 0.06235899936516914 0
5.510694217173052 0.0461702826778529 0
5.347576755090271 -0.02445945305944703 0
5.12896528774097 0.03750096915313793 0
5.118261336567599 0.05393561132995502 0
6.026978618794723 -0.790142598693292 0
1.124301340597732 -0.5144216277712643 0
1.013472875260194 -0.4060651898820454 0
5.426298731596227 -0.01648444771100712 0
5.621064814480121 -0.8349097054134096 0
5.565128720677825 -0.2310970782907933 0
4.940864950802476 -0.5177553100375762 0
5.403170326056834 0.07897478410933356 0
5.394375389651672 0.07787795108323031 0
5.411714677688531 0.07997808315689006 0
5.390824234853033 0.06968204777365665 0
5.385411244985471 0.07689769611425264 0
6.250503292194421 -0.2090560668789899 0
5.490441571153937 0.05127642118564602 0
5.483285936188968 0.0495911638731988 0
5.847392610885337 -0.01257162995027137 0
5.66555298841902 -0.03196848584553551 0
5.439167309072205 -0.1253246338815756 0
5.812449908087098 -0.4067906079913923 0
4.508543293468205 -0.7690246374321426 0
5.679843730242789 0.09176367379042008 0
5.675730960108726 0.09063805213101866 0
5.675259042077685 0.08673687210951646 0
5.620620730725304 -0.6991677118228987 0
6.172513330741366 -0.1592177688249272 0
6.146227806976573 -0.1446072520902205 0
6.197614586808626 -0.1745865912855136 0
5.049464971550466 -0.8122677856248687 0
4.566104108890254 -0.2837572179973976 0
4.529015803070846 -0.3057041651630378 0
4.617286668089195 -0.2678704012517115 0
6.111523821895259 0.07531437984347242 0
3.559776221720108 -0.07601122521082149 0
3.487888353576911 -0.09679954548381238 0
3.46941655474509 -0.1691061557153206 0
5.122453111768093 -0.1518875357792325 0
6.281711210293903 -0.2281969147952088 0
5.647341015788234 -0.6888018532633867 0
4.893996748168856 -0.209438655466554 0
4.886568577468568 -0.2395666625544417 0
5.246641969341466 -0.2906937052101776 0
5.658330094204338 0.09301471683270097 0
4.538122598012837 0.003007805553662822 0
4.56612373339376 -0.0231845554303669 0
4.576117364507946 0.01359130927404321 0
5.344168035331046 0.05161871420068547 0
5.652845760758588 -0.4434279046605594 0
5.658677250177407 -0.415129812875621 0
5.574679152469473 0.08059433429820767 0
3.414038901617156 -0.1159376381339158 0
5.279315943620315 -0.5681992285310165 0
6.121977174330988 0.04004614382956146 0
6.120069880799962 0.02179126368483421 0
5.723480147260847 0.05556497044887408 0
5.718647835414218 0.05895319620810528 0
4.093839152635052 -0.5684768002222814 0
5.312344940850808 -0.192370341278611 0
4.26755985275023 -0.1010033573310283 0
1.04922463404279 -0.2693621855431746 0
0.89630313712645 -0.3045694373295014 0
0.8586942135419371 -0.4731075744615328 0
0.735227536134445 -0.3428086488350002 0
0.6795984184154339 -0.4959991604673893 0
0.5658902115383635 -0.3778743819812899 0
5.56592383427725 -0.07543909775879404 0
2.555643931794006 -0.08234195431828045 0
5.636703688451854 0.09252383478270258 0
5.503408967802851 0.05509440980409601 0
4.268642313607321 -0.7210210119381866 0
1.858159881966225 -0.213821791891696 0
5.722041264720451 -0.1094531091782258 0
5.73587291602358 -0.118414384118271 0
5.295729815486615 -0.04007560712200867 0
5.90201619023786 -0.2525612581093661 0
4.411295412202561 -0.7658840454515584 0
5.112085700611555 0.005041262084659499 0
6.023034238180076 0.0801236476295617 0
6.032578864211716 0.07801761806195018 0
6.035246863094876 0.06898198686622001 0
6.042208978583788 0.07601456669462074 0
4.9994617544095 -0.1974387861866639 0
5.426480898739047 -0.05082480373857191 0
5.552324335238545 0.08711935837247345 0
5.553329096109668 0.09021085867294829 0
5.668239494941131 0.09119217881966457 0
3.10394792936924 -0.08052787214647347 0
5.884832657507059 0.08363613208293713 0
5.316668098294988 -0.1728899344909427 0
5.774811710084625 0.02071426363702671 0
5.692242965499675 -0.08381261900015032 0
5.713350425936589 0.02176771195474669 0
5.70477756482491 0.0174631078940551 0
4.633249228664013 -0.7594570847618638 0
4.71705915593151 -0.463360697987156 0
4.709821714771104 -0.5028174703586231 0
4.740881699148639 -0.5278579688086866 0
4.242304732555892 -0.0186521420997192 0
5.666490053814194 0.003177081500755322 0
5.656963254061607 0.0004016901380472469 0
5.674454060255948 0.00622237129474489 0
5.008194238811909 -0.7012314085602849 0
5.039932600142475 -0.6900272457605424 0
4.39862018968487 -0.5120080298004578 0
5.814104258385429 0.08650868268304651 0
5.819526956806462 0.08933467174305457 0
5.824533226162527 0.08625645534378841 0
4.47007230867839 0.02515197405939001 0
5.592344031724043 0.02749021487521377 0
5.609114372147035 0.002602798290149999 0
5.667313795184187 -0.1061290631403031 0
6.100178364545068 0.07913865516218847 0
5.449253752381521 -0.09603000357621007 0
5.481281886988641 -0.2508625846937371 0
5.47881580986754 -0.2719992265074959 0
5.668945575815387 -0.09196033391172809 0
4.025570709985518 -0.03625572786454527 0
5.153124523766806 -0.254602120469932 0
5.133768277176292 -0.2360010968197622 0
5.997408914672743 0.0438744247854843 0
3.017546090260211 -0.1056385926491802 0
2.991092077348847 -0.1904560029683245 0
2.928233235078145 -0.1182068939917242 0
5.125070080075214 -0.09904012789708183 0
6.472808979520939 -0.2579439907145344 0
6.518781445013587 -0.2832233956319594 0
6.230916780235996 -0.006111348078602077 0
5.551259619608825 0.08400470532777063 0
5.500183211283264 0.09260436633018274 0
5.83448892733963 0.08684113020809767 0
3.562685149173554 -0.6121209800680637 0
3.546475460619576 -0.6887996794846211 0
3.605498164475769 -0.7405622663144513 0
4.995506554034617 -0.2274697179256718 0
5.678819654757796 0.06067520693418763 0
5.683265776910975 0.05687901138231083 0
5.688142532537695 0.05948196487255489 0
5.688064331797279 0.05284772700143993 0
5.605115977833553 -0.1144387164147582 0
4.872957739398735 -0.5462042459468854 0
5.14166627923837 0.07098904802884472 0
5.161899089395482 -0.6533477292619834 0
5.185031645904187 -0.6730044862624786 0
5.414752999942654 -0.4873107905443904 0
5.017680946391108 -0.6668005316643908 0
3.987643967737528 -0.2038652231410095 0
5.448995397399225 -0.5133412279456331 0
5.536188485212507 0.04824512469370219 0
6.582530246733752 -0.1657513810928996 0
5.756210982298384 0.05892387634386318 0
5.762609707694635 0.05506638488025042 0
5.750087351133761 0.06293899098402408 0
5.743330513329665 0.07859224300217582 0
4.809782608013084 -0.5377353631890867 0
4.77998993982561 -0.8273078513152938 0
5.702732629945456 0.09058060485920122 0
5.706489308844801 0.08838169683163187 0
5.911744781583574 -0.6753223485499902 0
5.940738764612721 -0.01145242041397816 0
5.976716301996705 -0.2126012508612481 0
3.802751155951082 -0.7371496758117796 0
6.044968188043873 0.06687406009580601 0
6.051915872214347 0.07378073598911718 0
6.185945431804621 0.0742306129774333 0
6.195191540148269 0.06811177415814638 0
5.714252939026378 -0.244672539362113 0
5.734049536155775 -0.2570159832139485 0
5.657719228001215 0.08183731874730904 0
5.610703201016438 0.07908346997877785 0
5.614310826732479 0.0797490719841092 0
4.546232418514767 -0.8019829369214707 0
5.601101900394411 0.07511284191382621 0
6.393853368553529 0.04707422488743453 0
2.727219087748567 -0.1341660092725456 0
5.847624290148162 -0.2259637823721307 0
5.749948453367221 0.08916323411617066 0
5.659064894422695 0.04589424814216634 0
5.709193756560344 0.05968411274821395 0
5.703746281883578 0.06318485707960821 0
5.697583523076388 0.06462195956409302 0
5.582665527690708 0.09568354870050096 0
3.973549170252054 -0.6022573355523648 0
4.81431497297383 -0.05647018025775479 0
5.731359274274038 -0.2771485217073733 0
5.143828196421184 -0.06043318799218577 0
5.125117656735252 -0.06331902687768329 0
5.621841210173447 -0.08272150553701582 0
5.586402399007556 0.09198928204473603 0
5.587129289102035 0.09445326536072562 0
6.054852229947915 0.06446405645342466 0
6.061949547760617 0.07134393874937736 0
6.064827012221143 0.06120887425026122 0
5.207433311568426 -0.0794675101694884 0
5.250832058883615 -0.2661817763545604 0
5.603545636664752 -0.1293114757445353 0
5.616412630347196 -0.124097333597021 0
1.352671723292458 -0.1744493053774281 0
6.572408590354066 0.07049968065574455 0
6.137014480055007 -0.718102704118106 0
3.183662662579069 -0.6836168021446245 0
3.118092222915005 -0.6261592756302953 0
3.095077677403196 -0.7128101381781102 0
3.027700120382586 -0.6528886282122621 0
3.006237425815513 -0.7417321594790868 0
2.930302072872089 -0.679899056593946 0
6.570483651656709 -0.3930136186275495 0
5.73418303532919 0.002859494231021572 0
5.363155358620398 -0.5325454515921421 0
5.384238771342496 -0.548114257121348 0
5.088523925768367 0.05471568388171266 0
5.079107086297356 0.06870469979713781 0
6.326020573242407 -0.008418097063359029 0
5.951409279170393 -0.004179451575533915 0
5.95388772676162 -0.01728937065140906 0
5.965146870329951 -0.009062533525883598 0
5.968103180290804 -0.02375597130628396 0
5.607099224185142 -0.0060860169125662 0
5.598940489775291 -0.009606078422728061 0
5.55709423099469 -0.01259725829277799 0
5.55596429973165 -0.02245369257811682 0
5.720833826128269 -0.5056582673969758 0
5.83337796901646 -0.08404252205926621 0
5.989453707794651 0.08242945867078996 0
4.518572373168826 -0.5499226326758296 0
5.210877804189398 -0.284878509455861 0
5.185953201466791 -0.2902333335448583 0
5.610411479294844 0.01062982654110091 0
5.617356685621733 0.006065648529987891 0
3.440808577307779 -0.03076747845039501 0
3.36432727167694 -0.05983991676029431 0
5.605717194543415 0.09432398660656423 0
5.519371126573824 -0.131438483618989 0
5.523080943933885 -0.1149821888200312 0
5.734995597499623 -0.1355728181191213 0
6.414516250550297 0.06626619482052942 0
4.94551884076216 -0.7250293463366027 0
4.026783390235564 -0.2415528654379551 0
5.550202027529565 0.089712125450574 0
5.55142359011106 0.0931186856104726 0
5.548223216523796 0.09226395551106067 0
5.554741859970273 0.09317201469889322 0
5.531231429008717 0.05264203514020875 0
5.596795238140251 -0.0298924258020533 0
6.006983909592767 0.04049473859036219 0
5.037000411449459 0.06293174767765607 0
5.014877692001444 0.0539603547714191 0
5.107996871729778 -0.6403269672870593 0
3.903994986957611 -0.1259831653210923 0
3.856520708275351 -0.0861261134665441 0
5.60614538870607 -0.01481673243091679 0
5.934541700255579 -0.767331315656715 0
6.039346339728649 0.05965824342717166 0
5.252662043259114 -0.009421456339124657 0
5.836053911972833 -0.01824363248350354 0
5.541362158168988 0.04388300928663806 0
5.336296243569307 -0.1523726885456149 0
6.145866252042109 0.07664160693959775 0
6.156442938699189 0.07081419087627422 0
6.15501526441644 0.08247971038272688 0
5.891685197659748 -0.1104445501419968 0
5.908741891996447 -0.1010415024679579 0
5.909514603101205 -0.1228805308288405 0
3.86613226519445 -0.01395804670624562 0
3.796061976994157 -0.05245806003190609 0
5.929606175238805 -0.1082380096555746 0
5.340552681588408 -0.1332628739728208 0
5.288807761600024 -0.5167003978883495 0
5.263437142701938 -0.5259299208891702 0
5.267035614982962 -0.500249437501765 0
5.24241308332855 -0.508320385581291 0
5.247238529892379 -0.4826582684281959 0
5.221040649980073 -0.4908601479068226 0
5.21400024133665 -0.5159351562333804 0
4.742366524490817 -0.3119999281274104 0
5.864145222810565 -0.3978289061277467 0
5.66464005842126 0.09271350933919399 0
1.979410159093835 -0.1793972023176205 0
5.730619749775895 0.09160589819279452 0
5.726413332774094 0.08920263875228505 0
5.726278665138599 0.08471212385336664 0
5.722406869940272 0.08735120461034443 0
5.72251280271313 0.09160984042936822 0
5.718353093510608 0.08995952973368143 0
5.6749659826504 0.06416130676177523 0
1.386228571721012 -0.5745493120386697 0
5.596915907218115 0.09435834667046161 0
5.594184968053456 0.09368116840127817 0
5.599602080237472 0.09552780436306252 0
5.729076543153776 0.05163458033929047 0
5.969379718747829 0.05466290135175659 0
6.072993091615531 -0.02431224269173771 0
6.060460680575923 -0.03625104458479184 0
5.539027512177773 -0.1095279130482878 0
4.863165298837818 -0.2186892816487065 0
4.854300056665942 -0.2548616723938458 0
6.059787220377229 0.08222270913494739 0
6.069988819631325 0.07824410643643771 0
5.891437700324698 0.08096450405946681 0
5.890330351886003 0.08866725025041854 0
5.89683424496994 0.08572806206301882 0
4.651087514459121 -0.243012664196889 0
5.144472771320729 -0.212432402139655 0
5.38996255304423 -0.05317925290467902 0
5.916700259871229 -0.01413664570033576 0
5.905283582035527 -0.008509639698254197 0
5.41188129658812 -0.01865654848811747 0
4.429102151352823 0.01289222531346367 0
5.075206391542328 -0.8315215732726285 0
5.104823808131004 -0.8193499232963573 0
4.641963535270218 -0.304515926859409 0
3.181747159800897 -0.0578385491610767 0
5.908293321692017 -0.08209248476045776 0
6.108985963020129 0.008296454595217318 0
5.127307698533771 -0.2615093078090045 0
5.678032461478762 0.0546982080879846 0
5.737577031057178 -0.1041301126522731 0
5.749932057364378 -0.1130637223358305 0
5.227973050266844 0.04076744236364523 0
5.23445307204112 0.0547305860122786 0
5.249947920135177 0.05705539751154122 0
5.240874384629421 0.06854091869564999 0
5.22613588044451 0.06655483417799078 0
5.255135606895243 0.06964825863869681 0
5.24769805428156 0.08121701268244043 0
4.942001685880669 -0.2524260006717869 0
6.596327757307784 -0.2135464017354029 0
5.464328424105889 -0.5484874315301539 0
5.486757675984265 -0.5628808474468558 0
5.860707194059125 -0.8155413557785745 0
5.55172834149509 -0.4535226145983681 0
5.553602258586052 -0.4288037195580686 0
5.531372426957181 -0.4121166896871885 0
5.572381979305061 0.09517743218526084 0
5.569772268218431 0.09476929220707034 0
5.706230575402061 0.0931067832861642 0
5.710195463610444 0.09049704940206203 0
5.710687942399691 0.09452426443718739 0
5.525292438622656 0.08137567053439647 0
5.529645802320566 0.08295182889161545 0
4.261122926794511 -0.7767122756272826 0
5.373733406264432 -0.1425690741874645 0
1.745219825415593 -0.5934994301939207 0
1.619986924875168 -0.6310865761852265 0
5.516444581005439 -0.2440484250846268 0
5.534606550157795 -0.2374521850512354 0
4.447783811923968 -0.2631012529995207 0
6.346639318077689 -0.01817043302840975 0
4.752939151163816 -0.07696724346966972 0
5.548975915738616 0.09518272808174051 0
6.53041950780069 0.04317472223544703 0
6.508230939044314 0.04732774852234254 0
6.531598488112911 0.06322346511180411 0
6.492882294739641 0.03445629904930049 0
6.488609185279276 0.05336363446989496 0
6.503879209469584 0.06441530453249196 0
5.596083238081766 -0.2546658885359966 0
6.03927210424318 0.08549136851343156 0
5.381450311063508 0.06805825038951287 0
5.376637467320468 0.07637635253468943 0
5.387490760540203 0.06001256083285612 0
5.38415865049398 0.04938604079266169 0
5.391620147273047 0.04169450016693222 0
6.358044974187426 0.07277137716460946 0
5.381503244317619 0.08486689035733311 0
6.459010628746379 -0.126599153767385 0
4.13270093877164 -0.013104891253879 0
4.18649322855411 -0.002052569759374488 0
6.032532242098036 -0.04904132633232025 0
6.019172849459511 -0.06249051095782208 0
5.601869742411961 -0.8175199491480979 0
5.595320827538664 -0.8426083821124741 0
5.577602659184207 -0.8271117688056258 0
5.571598245978564 -0.8482868725804527 0
5.554950251207542 -0.8342616110766499 0
5.550264016544476 -0.8538072530789904 0
5.532987662968294 -0.8403099960996547 0
5.53962464948629 -0.817407424615798 0
5.515895363866273 -0.8259795912504737 0
5.511092059284305 -0.8472743891400125 0
5.493719159458646 -0.8333130215650461 0
5.49979259364697 -0.8116575751369616 0
5.476441999362756 -0.8192011634414681 0
5.471908794976791 -0.8415340241052076 0
5.45488012177092 -0.8273313752439494 0
5.450363225489648 -0.8506741559240201 0
5.434800358141143 -0.8340710801752795 0
5.467957757146181 -0.8644783952631803 0
5.734953074168393 0.09367124176843117 0
5.545669959774225 0.09491818363797763 0
5.545036209224106 0.09172428308373405 0
5.542858897572366 0.09393234866390501 0
5.705439925440578 0.02570248695406723 0
6.147939233638184 -0.1756111746794925 0
6.12102880439838 -0.1586623191924925 0
6.116220419529972 -0.1923079188803598 0
6.12163626342943 -0.2317837260256 0
4.703877342811337 -0.5422194418974242 0
5.64356582225723 -0.029227639471732 0
5.776107927033177 -0.4851857732920681 0
5.496076920698273 0.08408126658129801 0
5.493562258823376 0.08819024974594183 0
5.829358131731399 -0.1031359354576344 0
6.017283179953389 -0.4838412124288077 0
5.272888551750155 -0.4726137929480754 0
5.24668103733907 -0.4577678515700399 0
5.904612749678257 0.0166294962736328 0
5.717815256405158 0.0524301453075293 0
5.895936931063999 0.09101915785363486 0
5.403733991479676 -0.04980692065206926 0
5.602532458472018 0.09376417465257962 0
5.948743079258709 0.08677146282676834 0
5.694698287262063 0.08742481758122547 0
5.693402804576643 0.09103946577463989 0
6.369158618946759 0.08127603144009946 0
6.342661679787262 0.07915693983267491 0
6.345568687044576 0.06336336919623196 0
6.33069267265481 0.06861102450456859 0
6.318335669165254 0.06041699215538952 0
6.316413475806888 0.07655193255479217 0
6.30666153953474 0.06749015171052304 0
5.547736373819459 -0.4797964439934906 0
5.637275691934218 -0.8539263259032823 0
5.665655714968861 -0.8483411977526807 0
5.513200323079904 -0.5401229098979019 0
5.53868496649218 -0.5334461212266064 0
5.463306724345394 -0.008392693544876461 0
6.070342530732941 -0.05607241115023751 0
5.872898229031493 -0.1163711503935957 0
5.556672222492333 0.09069796066051486 0
5.557854991076216 0.09342611390976586 0
5.561001503457603 0.0942247332134107 0
5.562794215804924 0.09172535962290167 0
5.564029597889162 0.09424961296052084 0
5.566991042020991 0.09479116437688435 0
5.565030484586978 0.09647430343206201 0
6.236080496619373 -0.8129074444352139 0
5.422816760798218 -0.1429037902508838 0
5.409990701216175 -0.1318016266293542 0
6.160600720873266 0.04749674720982042 0
5.390415393233879 0.03038159335830792 0
5.403634728429481 0.04176532384626495 0
5.551144474731863 -0.1189085270161877 0
5.745063149799484 0.08733204972534502 0
5.393021795745431 -0.1365994068397023 0
5.396182804356126 -0.1200475385916732 0
5.487893054928465 -0.04736529639748717 0
5.489694885598773 -0.03445576027478268 0
5.110381683080493 0.03478295742662717 0
5.019004546185712 0.07123297444142257 0
6.11643894871158 0.05294215356353765 0
5.553234925479873 0.08049416084777034 0
5.549275940163649 0.08042749939520971 0
6.588899241912957 0.06131646198707223 0
6.61181171572423 0.05605631098809033 0
6.616228002941266 0.03294199271124311 0
4.62697911866811 -0.8111145665135086 0
6.6293694522316 -0.07520223838659418 0
6.597889969713379 -0.09776319911464278 0
6.597198626358812 -0.05858910129325232 0
6.560096868764315 -0.07489171191171454 0
6.625640153202616 -0.04161881562816776 0
5.263950618888336 0.05915290269196707 0
5.270068998978399 0.07153830214429867 0
6.120037959330157 -0.1268687337805996 0
5.333694455042273 -0.5256808494578811 0
5.875753956549929 -0.2342766562113637 0
4.737634799224745 -0.5673233324750125 0
6.649423987411453 0.07291473104471159 0
4.818902157916999 -0.8053286438572785 0
1.89923856506027 -0.08952409390508302 0
2.103678857708042 -0.1142909588315566 0
5.858709376085438 -0.004619046034458276 0
5.639503507411405 0.09415800496080493 0
5.698956321144663 0.09323394155215248 0
6.149009633826603 -0.1178536640504372 0
5.858404875240474 0.02031912278935676 0
5.503480416362769 0.08087079205934961 0
6.632673800738424 0.06231444381302551 0
5.866032594849599 0.07877303661377041 0
5.865789161850042 0.08583843329546371 0
4.831033401547125 -0.01580566508645075 0
4.846110616806779 0.009611963073582225 0
5.370256963139113 0.06748892412866096 0
6.165861411404845 0.07893008874814399 0
5.558668610488738 0.09596056099510654 0
5.532872486083882 -0.03878033452696268 0
6.500109177678308 -0.3560794524946466 0
6.091053533056284 0.07146257377379431 0
5.103520295010837 -0.01164169185787038 0
5.279884951595834 -0.8518830328249359 0
5.259271585594268 -0.8304521164300207 0
5.305171796306535 -0.865641798550334 0
5.703091979954836 -0.0931778626903244 0
5.918293481654314 -0.4241366844111434 0
5.471959838157952 -0.01657108331209225 0
5.46713891363342 0.001504871039217869 0
5.320177911996219 -0.04011615757012195 0
3.53796309503516 -0.7710230623636206 0
3.474055757020119 -0.7266843218886432 0
5.953719779838893 -0.03213929770368196 0
5.969993157006835 -0.03896106626028228 0
5.22171209283942 0.02531152751692173 0
5.217815073517107 0.05333438931015025 0
5.210708411311072 0.06683449898673784 0
5.201633549849607 0.05568707140238878 0
5.195245355349002 0.06874592881240577 0
5.57644588689351 0.09159011789085347 0
5.577050077329433 0.09451256286773461 0
5.931234888812558 0.06282912816181355 0
5.924514515196351 0.05701784504303756 0
4.636838921351596 -0.5443402750608375 0
4.592606431453221 -0.5591828214821497 0
0.6113323962868805 -0.2115892907856525 0
0.4424595368984092 -0.2511795950108491 0
0.3019267097279535 -0.1497722654229122 0
0.396379277774761 -0.4135518659325053 0
5.691599893486393 -0.5209603219836426 0
5.927407197548535 0.08802804832406393 0
5.933744491291061 0.09180148851927568 0
5.618281666685206 0.01540926624756476 0
6.114742410113728 -0.01021076911002789 0
6.099767798687849 -0.01781788304223631 0
6.572777541291513 -0.676927804616694 0
6.122003774509417 0.07232068363654666 0
5.520614753024242 0.07493984985378858 0
6.227338914404421 -0.2565212914996587 0
5.097500518256507 -0.4208787012216818 0
5.544027374003656 0.07427113211430569 0
5.54863199154072 0.0754786637868699 0
5.499644530457946 -0.04346670566718937 0
5.512613296649977 -0.05147594475121041 0
5.510665310333668 -0.03771120063735897 0
4.364286632686059 -0.2503249580956797 0
6.084744079236255 -0.4751520277068967 0
6.131855275241545 -0.4533653551551527 0
6.172480409430461 -0.4820188103597132 0
6.179373070154256 -0.4286346205199345 0
6.222122848240735 -0.458886120095246 0
6.188360450746993 -0.3719898936313998 0
6.08009576135641 0.07512344852653854 0
5.687742874978754 0.04602686422509216 0
5.375841983074436 -0.05727827657465898 0
6.287140915008586 -0.0354015029109889 0
6.286269031403538 -0.01141889587743955 0
6.372122843961337 -0.312593620620191 0
6.363367870490627 -0.2594665078179492 0
6.41523714220502 -0.2739110427427011 0
6.444824365595162 -0.8028279062245206 0
6.387888921991457 -0.7149748635312749 0
6.428149266119966 0.07768035315686224 0
6.447347427911401 0.07355721010521687 0
5.977510821814549 -0.01497566727504635 0
2.446187120827132 -0.09344630236382445 0
5.859670171610743 0.08917070378932471 0
5.853569028633392 0.0862365454710719 0
5.865232032340105 0.09258694514467647 0
5.342399677412952 -0.03792201867912397 0
4.212974205000817 -0.09133835227450285 0
5.332615685705747 -0.02678074669423162 0
5.341626517730099 -0.7767140414842908 0
5.362363976398109 -0.7931668632494937 0
5.358824088880652 -0.81754989537945 0
5.38296854322934 -0.8085944421551964 0
5.379293867933524 -0.8334355843129774 0
5.355960415374896 -0.8423089297918136 0
5.376842333234897 -0.8569555315041566 0
5.397552742539915 -0.8487639154425887 0
5.57999394245441 0.09478025350036123 0
5.980292962751502 0.08502149622544637 0
5.973686393248276 0.07905265400483094 0
5.972070505619038 0.08711785664861856 0
5.601612946537434 0.09078232551314369 0
5.350609432077879 -0.04941444819425449 0
5.082674294568701 0.01579244257934125 0
5.694079649595477 0.08225877989406023 0
6.229234602704374 -0.02475760601025623 0
5.758961690492994 -0.8659254176312979 0
4.778078877226533 -0.1033140416271494 0
5.468572146165021 -0.02839726801474716 0
5.838772392292714 0.06573330113038045 0
5.837592380219029 0.05841872066853462 0
4.892111840701418 -0.7260367432669177 0
6.397164908285648 -0.003971619088593499 0
6.056665811270575 -0.3787285978617486 0
5.909408261662547 -0.1471762082254566 0
5.591516920615754 -0.2773495136550435 0
5.568649208418742 0.09258322288519347 0
5.547482572268068 0.0457787072463668 0
5.454255735629852 9.008403159801136e-05 0
5.44242873901303 -0.002068418369787735 0
5.978692366086336 0.05089310631090089 0
5.877957272663599 0.08612504927649087 0
5.694523170321162 0.04939208652372946 0
5.614256533127485 0.0469787432686716 0
5.620101152462643 0.04904027269200878 0
5.61555335738574 0.05288548499091029 0
5.620836268720365 0.05452584011367565 0
5.626188584713574 0.04558695597253366 0
5.616810174730219 0.05833433545099895 0
5.622247493135494 0.05984103511443047 0
5.611843465108754 0.05687832553341442 0
5.714472503420136 0.09233977233474651 0
5.714303067670772 0.08814953716803177 0
5.593383907865197 0.09100495945614911 0
5.591584845471552 0.09318098197262248 0
5.398657783189479 0.08585043759668079 0
5.288899588708547 -0.2618787263331185 0
5.271568519163434 -0.2466445430869555 0
5.273033106579725 -0.2239057230234918 0
5.306481441292018 -0.2764399666555066 0
5.758743215121172 0.08837906788598496 0
5.763334001516723 0.09137671181422848 0
5.768360116979935 0.08802388514867483 0
5.768345845906849 0.08243237092382605 0
5.773559665602935 0.08503037533405347 0
5.778543420033005 0.08200398250764983 0
5.778513607018423 0.08768766551786986 0
5.783077694450075 0.08506266281387809 0
5.773127298008999 0.0911644555838303 0
5.778743970629916 0.09297882959639359 0
5.783476949130326 0.07933915356799334 0
5.783208719659315 0.09023858807558205 0
5.787940923359886 0.0922559744738532 0
5.754406548280602 0.09173031857087624 0
5.921250860197107 0.08221873564022134 0
5.914106022235453 0.08503470202569066 0
5.908036425691833 0.08035830580057186 0
5.478652999135347 0.003744502595330823 0
5.482509654851738 0.01446767848710341 0
5.624507744090815 0.03870797867302356 0
5.533433201893049 -0.0003271234479985622 0
5.535764784374649 0.0100561592547635 0
5.526903281340299 0.006672964573141031 0
5.850200869914439 0.09186674999026331 0
5.970461056024639 0.04370917839651461 0
5.570386767649227 0.0797492864300493 0
6.180731298084036 -0.01249229655539577 0
6.194472173236262 -0.001493023603367824 0
5.797086893303335 0.08394394350025107 0
5.80248577800158 0.08664008652515005 0
5.791952220491897 0.08726346388157788 0
5.808036730232525 0.08345012402239201 0
5.808046276773259 0.08922679644941128 0
5.797268011316072 0.0897085727180963 0
5.851068476436552 -0.116320950231582 0
5.812740510296239 -0.115688612884794 0
5.6160173118949 0.09297443975498727 0
5.618975130077602 0.09397943448488984 0
5.621529319975833 0.09227642046928952 0
5.624553958723945 0.09341328822034257 0
5.627264823719258 0.09159708933682993 0
5.630315308972408 0.09289396149798021 0
5.633268410169546 0.0910486932221833 0
5.633248209557573 0.09446909942970941 0
5.627636270310054 0.09491326229291061 0
5.520716887654086 0.09153622814988108 0
5.522424815042556 0.09497304232694367 0
5.516323130160089 0.09082663078358702 0
5.513611946752208 0.09381831267406117 0
4.860161491837023 -0.7448249157459786 0
5.194591654423829 -0.500391463488621 0
5.850860432948525 0.05390027275956089 0
5.892619661818493 0.07497039411855209 0
5.892152892457325 -0.0254930979018469 0
5.796780772887765 -0.2767939413324968 0
5.776366272914104 -0.2599833053154013 0
5.779522405195985 -0.2323472358511573 0
5.652394488120135 0.03388959157129753 0
5.900001291134325 -0.7231272539269291 0
6.641809217983209 0.0275632194414062 0
5.501591604176667 0.03885369220314239 0
5.416821795541464 0.07323051073533333 0
5.420167561976992 0.08094386922630303 0
5.425392849166046 0.07422480044036593 0
5.429140695896052 0.08139883280796258 0
5.437278980506149 0.0827863252738139 0
5.423354012779123 0.08771019760889245 0
5.430643263247971 0.08850475548809522 0
5.675350172108898 -0.04049459936377424 0
5.687563363710668 -0.03669349796478678 0
5.698331546672144 -0.04432400749329155 0
5.711191941352645 -0.03966869063863784 0
5.563442973740178 -0.1288724558506092 0
5.576093145625704 -0.1393464520959874 0
5.800764527902325 0.0198765243442008 0
5.810731361735545 0.02350158442235303 0
5.792257303024069 0.02686432592865095 0
5.819121968195923 0.01810410776660315 0
5.828425243627617 0.02301020415472112 0
5.838073626711329 0.01721620260944003 0
5.977668442570158 -0.8451786120679828 0
6.09588995431999 -0.1424338702693639 0
4.92667864233117 -0.03738796622664348 0
5.418889050193649 -0.006548126509966107 0
5.2022555988265 -0.09998595126892421 0
5.574793839365089 0.09601435711023773 0
5.597581858537986 0.07416778491082536 0
3.88745947595362 -0.6827012177541579 0
3.875246126435273 -0.7553883880106079 0
5.672137661305646 0.08141909008191138 0
5.624563750177981 0.07912966389440121 0
5.628326653916917 0.08013371187075571 0
5.6315075582972 0.07776739294835791 0
5.635728776648094 0.07957530408933539 0
5.63953224030085 0.07656536309109965 0
5.48035513730847 -0.02532176177556437 0
5.648057774304854 0.07984581761880533 0
5.652279225810496 0.08151616856753396 0
6.049430102602996 0.08325471331240797 0
5.702302158095124 0.007845932598598799 0
5.695862787918135 0.01394141169171265 0
5.687345206615914 0.01104342015010785 0
5.742596004525595 0.06031217328351565 0
5.854475766311606 -0.03113336303434753 0
5.387219360632667 -0.06897774253844408 0
5.396670695006891 -0.8753787692288093 0
5.610089054787498 0.09077428697443653 0
5.610746184477335 0.09372025652331456 0
5.636948920668837 0.02888048120048884 0
3.932869716380736 -0.7986851005337685 0
5.667153086410437 0.03855197026406537 0
5.674097304437397 0.04096350455432841 0
5.67556276721019 0.0483181358814106 0
6.493727156120525 0.009990497387939244 0
6.469177028208803 -0.004525715668351533 0
6.473647382974809 0.02229224650129662 0
5.574858430845548 -0.1567839388761494 0
5.769569795857366 0.05094758833323449 0
5.770305764709385 0.05939882022266774 0
5.841463504693093 -0.4240685621073463 0
6.306781738354243 -0.003130567906283775 0
6.088204021344145 0.08209555760027834 0
6.078359538157703 0.08528956355831563 0
5.68674834717868 0.09113871440336259 0
6.004683057950943 -0.1417944366252473 0
5.97719788856323 -0.1536482421578216 0
5.528645630157205 0.09296779858985733 0
5.53120723318666 0.09050743743689352 0
5.531767977357227 0.09399972517971208 0
5.534606290337106 0.09168785522184533 0
5.683021077062223 0.002119391056208409 0
5.62189489596159 0.09537474919507663 0
5.776793053582549 -0.1343242090023671 0
5.79474987199085 -0.1255416989040094 0
5.778529140737242 -0.1153823359256907 0
5.794296760693211 -0.1065823135124914 0
5.777780804918446 -0.09591478430007251 0
4.606968501481537 -0.01312821254860738 0
4.595611318842495 -0.05325313198535127 0
4.612361052260341 0.0252368576155968 0
5.929766318699365 -0.1344834613666466 0
5.664273810228179 0.07750207936367494 0
6.09286557439847 -0.3937243550780727 0
5.514803659405364 -0.148676144333655 0
6.136786327073647 0.08318257715129471 0
5.560350260549755 -0.5543842464774906 0
4.880796725101793 -0.2719430528016129 0
3.993348813902691 0.004969581415731204 0
6.030844635836887 -0.07997125103466708 0
6.036630516632142 -0.006435004703223016 0
5.714184601872579 -0.02718653362712066 0
3.370616331019171 -0.2494634770996075 0
5.921281021294337 -0.628056718019012 0
5.874572190407302 -0.6395927569240953 0
5.603863069246982 0.01663265186420055 0
5.605914588515406 0.02400416487588165 0
5.181354534851007 -0.1048854709375108 0
5.216998813758206 -0.1153902845116908 0
5.211319613739789 -0.1367916179768676 0
5.226911795155934 -0.1530468236626255 0
5.23438405979771 -0.1309297625896096 0
5.235087452750039 -0.1083793106294451 0
5.578552354944029 0.09656493087539551 0
5.570435857365302 0.006708382568496274 0
5.572990613563989 0.01511046245175606 0
5.564376147215239 0.01353409392413018 0
5.581360256387909 0.01855916708314321 0
5.574360137683959 0.02327425462030472 0
5.378153408073961 0.02739966772484612 0
6.130409368726367 -0.02355224176562655 0
5.265258401856935 -0.04789501933436674 0
5.745121209861532 -0.05043141834123122 0
5.950939052824284 -0.1468690815715722 0
6.50082725145508 -0.1348316011483578 0
6.535412814003975 -0.1103456829108752 0
5.383575626542028 -0.172390443866193 0
5.486149601363675 0.05678691951695398 0
5.478466225215353 0.05547477897373839 0
5.474757931454445 0.04815657843853928 0
5.783661269319481 -0.04455710988740411 0
5.772524145529968 -0.03858494368619301 0
5.798608827280647 -0.0402109722992945 0
5.800074731170472 -0.02476442772183375 0
5.812002379187245 -0.02330620523039168 0
5.823650304582365 -0.02406149196424602 0
5.787499893508135 -0.03106054128062635 0
2.799335025875081 -0.2120412364082224 0
6.163527077924393 0.06076893495069653 0
5.599300078421805 0.02948241023354257 0
4.790025330855273 -0.7397865293891371 0
5.893654095482026 0.05212343886024837 0
5.790634564536561 0.05365041613496591 0
3.124355233894052 0.005635732629999848 0
6.256249796386038 0.04611808095027786 0
6.268254289584702 0.05656946077571709 0
6.25339776555077 0.06134635814504352 0
6.264941548206405 0.07076550626134717 0
6.239447313552477 0.06644841968047682 0
6.278902279876581 0.06700429338607436 0
6.282522426865828 0.05298777712139306 0
6.251020831778079 0.0742705043883933 0
6.22743222362754 0.05759762216712348 0
6.226525795210192 0.0711027518613371 0
6.275598059067843 0.08019442442466426 0
6.288585404908672 0.07736043631175342 0
5.956766125557348 0.08370126215674711 0
5.492938461076212 -0.1722330813901568 0
5.495482082821984 -0.1530299381410352 0
5.671751118581006 0.08922619933069649 0
5.67160009595074 0.09324887003608819 0
5.578552155848214 0.08089278973000212 0
5.651590010970025 -0.2956819090978097 0
5.661567986861251 0.0912023970172845 0
5.58051257667865 0.0490153151816268 0
5.576390465139832 0.05319501269217752 0
5.570530217417393 0.05189713633708763 0
5.572367975813698 0.05739478612371722 0
5.577889480708812 0.05857933086824661 0
5.566804852924869 0.05626542579924332 0
5.564907249869547 0.05095145066347043 0
5.561156359105728 0.05520489125241256 0
5.574019525989359 0.06249116183544507 0
5.579098497518596 0.06335892859020313 0
5.582591081162528 0.05980361214269721 0
5.558574417784953 0.04949411803614032 0
5.563105796055115 0.060907822568427 0
5.554392742447458 0.05425984339449606 0
5.568809300782339 0.06095837879088509 0
5.557613790672906 0.05951269689030641 0
5.587158784972985 0.05025612662583303 0
5.738703880769253 0.09148784256690422 0
5.742639255068914 0.09331130030579632 0
5.558112608030155 0.07674406472823797 0
5.562411029123031 0.077456709280961 0
5.563715412345863 0.08141370065827766 0
5.485066250730328 -0.06078556002547297 0
5.756321249469172 -0.2456221257799368 0
5.780527088856087 0.01194230114580881 0
3.37852360438637 0.01479903716223801 0
5.610681407386224 -0.04062500591435785 0
5.291224729196156 -0.07527768545387432 0
5.530409978160129 0.08684928471446528 0
5.678275711697331 -0.2195587433174105 0
5.662886850381094 -0.2067808241913147 0
5.64127836206028 -0.2126810180262094 0
5.621407317292967 -0.2041637426763027 0
4.197484943286888 -0.1390844734477962 0
5.571988557421866 0.08278615346679129 0
5.740942925978106 0.04599549073085734 0
5.671861979637438 -0.4678101704523697 0
5.726690753867482 -0.5409231019786069 0
5.665187824282322 -0.5413688371893997 0
4.418053484261518 -0.02802082010519296 0
5.31922521508323 0.02851557796668776 0
5.325141603645934 0.04224839386243245 0
5.484007428607841 0.07921986035237734 0
5.480343531579225 0.08416807727416571 0
5.474333596830833 0.08355020563115995 0
5.476129033674944 0.0893918206241669 0
5.482750551177096 0.08952680026054954 0
5.470214249249139 0.08812291157244258 0
5.486262697392338 0.08403386616028877 0
5.468474296831871 0.08315672259675914 0
5.465045343570556 0.08802245384237407 0
5.365406033216127 0.08320322802820261 0
5.420740884649974 -0.06363572489418957 0
5.35545444245624 -0.07752493091773532 0
5.759694102327736 -0.2182026560665261 0
5.585932174826823 0.08932253047661853 0
5.360214213300743 0.09100488001980817 0
5.9770133365744 -0.1819419159359452 0
6.352643597502611 -0.04039404079693937 0
4.632274554598528 -0.3431118034525737 0
5.554809895825174 -0.2469058273201268 0
4.275721487771723 -0.2158807910174472 0
4.284200345172306 -0.161314874743504 0
5.681452113079927 0.08088613682326486 0
5.672907798390541 -0.1490425701726575 0
5.658912939951993 -0.1375938349082001 0
5.642480747583337 -0.1451574336844439 0
5.647949764780643 -0.1274054254139534 0
5.998424405952218 0.07936535871194376 0
6.004223035098769 0.08562708632143319 0
6.01362474262921 0.08379807729502198 0
5.088527856250583 -0.06986207056745028 0
5.563779459374933 -0.0418482790838391 0
5.554988219465686 -0.03320665660798901 0
5.566362081145933 -0.02902896340249753 0
5.582962442531628 0.05431308233651872 0
5.60915759419548 0.05194418243913355 0
5.54501080715 0.07885055820211698 0
4.718530919887904 0.03399319411992084 0
4.750401019383265 0.04224164187794158 0
4.774541044340286 0.0180966997644663 0
4.804440599022437 0.02739818155213622 0
3.929494493758457 -0.3613204767823207 0
5.115509227706417 -0.1771590806550178 0
6.21492682587542 0.06320715617097575 0
6.215379110795721 0.07827194174266162 0
5.456976933170407 0.07688634709139634 0
5.452615683633809 0.08246720005629654 0
5.445170288475083 0.08208891097496843 0
5.459644351119 0.08358442556024756 0
5.455181159992594 0.08886656886073926 0
5.441718435131905 0.07537787751552093 0
5.441433583659917 0.08770414825510829 0
5.448514344016779 0.0883691284561377 0
5.613543312126642 0.09465408398309566 0
5.616591843034629 0.09591419099017381 0
5.531173929595768 0.07576207482564365 0
6.061673841955596 0.04774194204152568 0
4.467086158697662 -0.7342123892640871 0
4.460211973225025 -0.7999225876346548 0
5.599406715311344 -0.8806127649480239 0
5.344468079088454 0.08114399441908104 0
5.334117739180308 0.07821554121590571 0
5.330454236607324 0.0673599449072594 0
5.323605599769306 0.07599545331341845 0
5.327593666340182 0.08517433619307344 0
5.311763633344815 0.07326197761198552 0
5.545477324103871 0.01155242561837691 0
5.549933762133964 0.01806967262460171 0
4.719911406418892 -0.09055958004465214 0
5.616295906212986 -0.0181174247228223 0
6.450148926098873 0.05480058655511059 0
6.463715874919485 0.06629153998557799 0
6.469327558421792 0.05170924498386439 0
5.457513577435819 0.09487924781886217 0
4.253400204559425 -0.3215312781416223 0
5.773379491486272 -0.830863226325852 0
5.210870767948408 -0.00915269095704532 0
5.8102470952076 -0.09781469645807271 0
5.812581261163292 -0.1359769954863762 0
5.948420584173038 0.05004908513986926 0
5.432729944925752 -0.2119484206683922 0
5.434524008585763 -0.1911603387289832 0
5.452508512822981 -0.1810138616346941 0
5.46290769159393 -0.1656396012060098 0
5.412784806501001 -0.2190959452759415 0
5.516279762705253 0.03511560980972148 0
5.884688787069768 0.05622773005171392 0
5.876106159603024 0.05063438100780543 0
5.259145741161311 0.04537443282325773 0
5.439149005204867 -0.1518917200906343 0
5.047300561960228 -0.6565015640514745 0
5.309249763250969 -0.3116365354351893 0
5.081323414796008 -0.116455495074489 0
5.718684910519617 0.09400481679239253 0
5.108138027286794 -0.2279239998855956 0
5.447526165938561 -0.8782573497593987 0
6.620477393044666 0.0108739675324027 0
5.137218210038849 -0.8713394098319549 0
4.953803296353478 -0.860160907278462 0
5.655330676163499 0.09485921678649757 0
5.658539740046282 0.09661791628648608 0
5.652286197188623 0.09351896861072653 0
5.649838137240407 0.09579187627507019 0
4.742069040799104 -0.8529400828387891 0
5.179108551304517 -0.7007294528672323 0
4.967606754791607 0.0442867265407112 0
4.952560176146574 0.06081047257774069 0
4.992359094524655 0.04841174275490388 0
4.99461656468703 -0.8669440534507893 0
5.016599761498147 -0.8320844909736755 0
5.361824537605039 -0.1268768285450617 0
5.32815306565882 -0.1179261917320083 0
5.388344782765281 -0.01576281627421717 0
5.169191623585498 -0.8714828258819902 0
5.186097593715124 -0.8409443736486368 0
5.21897422593207 -0.850203847775036 0
5.152815259625264 -0.8424183822788287 0
6.201172124760735 0.0569103288146971 0
3.271465699224111 -0.8178786689469616 0
4.855213353465489 -0.4486242573639903 0
5.75772429364636 0.01312027824210566 0
5.690693670579023 0.09341724662734878 0
5.448347371289794 -0.05787405073985441 0
2.648655013041293 -0.8007426617070862 0
2.591250022101439 -0.7003732021580924 0
2.703082201577568 -0.7037193868583841 0
2.64833344849472 -0.608073788190413 0
2.759383189190046 -0.8038212318290987 0
2.827814863666221 -0.7135448134485135 0
1.903259988486183 -0.7857269987665632 0
2.293097089514302 -0.7961479760956254 0
5.709815123561169 -0.3963074718503654 0
5.724675621482636 0.07949643659095229 0
5.643073858641646 -0.04110276793431589 0
5.653739043252733 -0.02610249329443205 0
5.650106196934972 0.0526487903390593 0
5.575707841564332 -0.4713720310724204 0
5.585576908657162 0.09613224932384121 0
5.443303796253677 0.0364992214591024 0
5.452806264501699 0.0379973658861359 0
5.456688482186963 0.04628321619385685 0
5.46569502934877 0.04710433998068612 0
5.461061630194123 0.05285265696822587 0
5.447713423786375 0.04686105662397747 0
5.437732469011364 0.04478156060536238 0
5.429060079620477 0.04399714949245862 0
5.423385611242807 0.0351553847249742 0
5.412202772264317 0.0320227537164588 0
5.471375865810061 0.04057592664363008 0
6.266230319949406 -0.02579756940452854 0
6.373700101670194 0.001513632198161469 0
3.360860392566397 -0.82009954497936 0
5.824734967945057 0.08010764218981861 0
2.809018946698082 0.02176662932107182 0
5.602387671504869 -0.2136369297686852 0
5.647735497884387 0.0007109989469900443 0
5.603187739909415 0.04927810311536168 0
5.29867429223481 -0.7384228984338681 0
5.323297424185107 -0.7550813015049865 0
5.328212966440974 -0.3301834739381084 0
5.335301191376027 -0.3058403991444313 0
5.070281555465037 -0.8656084202186936 0
5.311527869246325 -0.6550803658887494 0
5.307712051926048 -0.6823515631570189 0
5.598165849056248 -0.04196315511659093 0
4.87352504862641 -0.8663346208335858 0
4.453779833023289 -0.6833819300917976 0
4.645744473485507 -0.858884871908408 0
4.648458276478128 0.07107705258646835 0
6.496105961007226 -0.6120663161112631 0
4.805432133264745 0.07508375785120686 0
6.23783028877005 0.07984121979544948 0
4.434371187242969 -0.8531344382968444 0
2.416499328818796 -0.8005235066216768 0
5.127617989905002 0.08251495646662391 0
4.322454559971622 -0.8486842518708388 0
4.357208359564918 -0.7963728635520808 0
4.195093626120291 -0.8453974927533455 0
4.163818316649472 -0.7840494192827395 0
5.483728542910189 0.0950905761431033 0
5.487164266470909 0.09227234987987901 0
6.420626510641179 -0.11176459800716 0
4.067329091452889 -0.8455125927336395 0
4.95929522686613 -0.4156713815093295 0
2.03631718775926 -0.7847496430422135 0
2.115070261818548 -0.6809504348951141 0
1.978928712850972 -0.6553482033863244 0
4.314787955010956 -0.2551002933273477 0
3.777006379351074 -0.8367207340812166 0
5.170577877427713 -0.3117671285077294 0
5.556061731958448 0.09569753782040503 0
5.714947520634492 0.08359793802313017 0
5.483363198029402 -0.7962998772567416 0
4.33713346577205 0.005265597864302755 0
4.382127631554968 0.01610500881634161 0
5.499923574406992 0.008190544533841148 0
5.051455220260351 -0.3835118029059296 0
5.080206498670313 -0.373154066176315 0
5.333122079763179 -0.8562206528413741 0
4.772810824032436 -0.3371070828973755 0
5.421221516878184 -0.5390323286957912 0
5.327857942342595 -0.6982018269696244 0
3.241059686619714 -0.1189124864642979 0
5.713925019669854 -0.3682662616895975 0
3.74000644883714 -0.7680330757864255 0
4.460342622099668 0.06495903176513618 0
5.201778016282198 -0.7212035232695153 0
5.232661910023799 -0.8747174021694557 0
4.437999190681142 -0.6367548176825929 0
4.461692167559784 -0.5988652597596392 0
5.457251711622699 -0.3284233351959849 0
5.459844609381858 -0.3047812240801958 0
5.482979877109513 -0.2948012407868487 0
5.501344833129965 -0.3111238227556195 0
5.309058672092395 -0.07204455572354554 0
5.508363136293393 -0.4206388259665005 0
5.510871656676085 -0.3966373230367929 0
3.080707216550871 -0.8077489426279877 0
5.438045369268604 -0.313390675362489 0
2.833195986487535 -0.1298244885476565 0
4.47222983278991 -0.3534358336843316 0
5.561795624880387 -0.08811544296976856 0
5.399963529250478 -0.8254446192320428 0
4.544131264851611 -0.848435186308348 0
5.76980357299717 0.00672047293594989 0
5.668149361548863 -0.3616600392828295 0
5.644774000332006 0.08234853651781543 0
4.292923683763871 -0.3602511005763239 0
5.438651635816607 -0.01387023836576304 0
5.431376274429149 -0.004388172395119097 0
5.434145643347392 0.006920790540525985 0
3.610439554943593 -0.8229684362009461 0
4.890602437059765 -0.4369681807364416 0
4.898610364056966 -0.3968336319440677 0
4.925651353620134 0.05563387710809091 0
5.168109459008903 -0.0892123893737502 0
5.907854281126053 0.08872445207023971 0
5.91374039762387 0.09227281163711518 0
2.759279290748838 -0.6200260936849732 0
6.489590872419924 0.07277275353482641 0
1.313863051653322 -0.7787016477471942 0
5.358436894222299 -0.2987292769599598 0
5.110876803686526 -0.786859912505526 0
5.744561822444501 0.06681825805072376 0
3.701068798665251 -0.3048095055306154 0
5.64456464213618 0.0310153563725916 0
5.588169200882352 0.08021470465257886 0
5.197289847373839 -0.4318175708376901 0
5.219045720085376 -0.4499962265317695 0
5.222905505478613 -0.419353846380259 0
6.086509120004685 -0.217550895796963 0
0.9959614078671245 -0.7644667988177314 0
6.178068968561172 0.0059733784804945 0
0.16817043359717 -0.6076714529989002 0
4.697926683483285 -0.6163703381929798 0
4.582144850515731 -0.6073315499569878 0
5.561476092168229 0.005056387755327701 0
5.846506162932235 0.02249301630998335 0
4.991498010136689 -0.4047744533058287 0
5.000699375478499 -0.3733375328208398 0
5.25389472710234 -0.2319299893273653 0
5.232667511050356 -0.2251517118201039 0
0.6700802428947834 -0.752170263130765 0
5.356538450276728 -0.2196173406017501 0
6.120206805973892 0.08324487904235782 0
6.350550662375632 -0.2170588911456801 0
6.322037959588197 -0.2448881217701737 0
5.416101488912312 -0.7100996409949152 0
5.556631225587023 -0.8837177026193866 0
5.722506671515064 0.02406629202342525 0
1.001761238848703 -0.02835600824865216 0
5.706503427851787 0.08384360039296868 0
1.311755837454052 -0.02666083389785913 0
3.736528530309204 -0.1749057528490249 0
3.752926616768165 -0.1112319755059319 0
3.721123364550681 -0.05286324869400376 0
3.647132352326174 -0.04759968592901058 0
3.572673512149838 -0.005982293228416331 0
1.609751962854616 -0.01828296749613919 0
1.679101743851381 -0.1369839572296955 0
5.945049840663526 -0.4868429444032172 0
5.252933699446602 -0.5766845371070246 0
5.423755420369976 -0.797727978813547 0
4.906878361385612 -0.5315289524525387 0
5.228343627018832 -0.007484889744660926 0
2.261433585090412 -0.006965618405839801 0
2.335776821203639 -0.1121733980131114 0
4.533650907663043 -0.4603184928401544 0
2.906431388671525 0.02592609126554622 0
4.556812395622116 -0.06310603966855619 0
4.623788911958867 -0.08423014535211466 0
5.191976758754597 -0.3314015334570015 0
6.014877683367139 0.0482375268335033 0
6.372012108678745 -0.508322737789031 0
6.354462514693425 -0.5812906540620824 0
5.722659774480873 0.0960762463084516 0
5.38483698752668 -0.7685772674617284 0
3.716687343371982 0.04510253098016732 0
3.845962188318934 0.04755239748299771 0
5.345574041921996 0.03173280313836536 0
4.07710248165461 0.0569558653342447 0
5.336299296273941 -0.6449433251252494 0
4.185027294460935 0.05109044264287889 0
4.283858869710139 0.06302382392470982 0
5.759274877546837 -0.04499013018564912 0
4.377657719654994 0.05979599482774334 0
4.497926065527261 0.06522212085301324 0
4.573792805183317 0.06821978168280153 0
5.587909202116654 -0.3005577100616733 0
4.681506121736445 0.0732133978688693 0
6.183241123689794 -0.07620452990401104 0
4.747106354396477 0.07430622506747453 0
5.065672570137208 -0.7129981818312353 0
5.761806156954193 0.04739292511171839 0
4.835579773416793 0.07653050879310792 0
4.849783572769249 0.0542351368461043 0
4.877074486657761 0.05379869618366095 0
4.861388910052771 0.03136432950906519 0
4.889206303282822 0.07621511683704596 0
5.089892443092755 0.08455179614596897 0
3.930146432685234 -0.006359981537855975 0
5.176529709326918 0.08681376278762078 0
5.169114566538269 0.07152767256208378 0
5.563660588076919 0.09822383582632452 0
5.562683212675822 0.09631357779013433 0
5.208589283160848 0.08772846984406465 0
5.274350009610068 0.09012316107461195 0
5.298265619100436 0.09064853703039639 0
5.4107715593313 0.09356725035824259 0
5.407052264280748 0.08657907926284111 0
4.823476396765426 -0.7646573962984043 0
5.445061162674493 0.09415496953801838 0
5.463129598759155 0.09554934269976979 0
5.474636305937993 0.09512707956300397 0
5.502410056970071 0.09644965019400961 0
5.525170717307256 0.09739985232970462 0
5.489711738727142 -0.8559921802232002 0
4.972686330541278 -0.5034631086796566 0
4.996516680907503 -0.5243163253051022 0
5.375300428444834 -0.3146606466978779 0
5.035379467161535 -0.4775581336081764 0
5.06019013233734 -0.5040270824786096 0
5.088638605826387 -0.4829495324046352 0
5.085070945355803 -0.5166458856963563 0
5.063189129052871 0.007543057777860646 0
5.395327987485173 -0.4720181581437069 0
5.399553536515066 -0.4464685490629451 0
5.379384340816966 -0.430113090044464 0
5.355256174192054 -0.4386043486657411 0
5.382379507240813 -0.4040440570988424 0
5.797247483260279 0.05726582227553528 0
5.804505072292171 0.05330505375975261 0
5.803150159630764 0.06101310010900952 0
5.811164532573024 0.05896994232597107 0
5.818531829628526 0.05468201503274761 0
5.532538768771559 0.09719902942703024 0
5.287911063620861 0.04769101396461195 0
4.082683085968553 -0.02724781734498763 0
5.621580480288881 0.08211737367985796 0
5.388122482056287 -0.1543064843343174 0
5.390282191992811 0.08525579288341198 0
4.816051354934905 -0.253189844977072 0
4.808199987180847 -0.289836799773619 0
5.413134935403083 -0.5913548819734595 0
5.392325266313612 -0.5721223284487581 0
5.625557810489982 0.05119602472557687 0
5.803037899188404 0.09220868922311726 0
5.792997786557347 0.09311728204513993 0
4.820893371615703 -0.1844005073198214 0
5.75083554667671 0.06891729617810578 0
5.538430992626539 0.09749820710051577 0
5.540172527071083 0.09474889729841876 0
6.055110568897549 0.08918147755703587 0
5.487141595479832 -0.6845515725696931 0
5.50684668377336 -0.7012025385358878 0
5.467728582009041 -0.6677583236118396 0
5.645583504026585 0.09291160733608698 0
5.515099328350695 -0.8818270272239351 0
6.48300455189655 -0.1012937161988118 0
5.670000609889132 -0.02258375065318573 0
5.536465592310888 0.08814508488397109 0
5.600808807771899 0.09791091840401972 0
5.278092015852986 0.05929904732691331 0
5.544208594852375 0.09771188171308012 0
5.602526136251204 -0.7890688192843426 0
5.963595320281967 0.08947115821860688 0
5.981905852602036 -0.5121871143671817 0
5.643809537830557 0.09526300271489342 0
5.637958472791508 0.09643025105358038 0
5.745460304317364 0.07358589397154879 0
5.592554335548028 0.09570592262606739 0
5.589785546551965 0.09549448431183979 0
5.697473971033145 0.02219181309012826 0
5.631148844332474 0.06141830594758486 0
5.741360782575564 -0.003367538113287339 0
0.9194186941123008 -0.626929177314658 0
5.0411853738873 -0.202587973230053 0
0.2934945331844962 -0.7427584306192224 0
5.644358919544893 -0.01921186925506991 0
4.387354413506375 -0.5599213115730016 0
4.303890342461198 -0.3074548688567789 0
5.334457336090886 -0.8275985592562691 0
5.549762751633047 0.09775045542532332 0
5.327798102131439 -0.4993122295007844 0
4.809624861315035 -0.1001992971882726 0
5.003930171202176 -0.1692897997494624 0
5.657740783029087 -0.08334531768784778 0
5.58517163399737 0.06839253804250731 0
5.656752571264215 0.06120344617051626 0
5.650776236831603 0.05931762564046193 0
5.653207692268296 0.06472219909614663 0
5.839344759212277 -0.3725321098480264 0
6.052466118953589 -0.3093336412426497 0
5.875016460035558 -0.2664467455029481 0
4.996405904213292 -0.09981647830216513 0
5.600519252472726 -0.6250001162102294 0
5.597073127022776 -0.6518744890007792 0
6.093268708070978 -0.7701016129903915 0
6.083681400917959 -0.6750230740110464 0
4.999377122818347 -0.2611553372003153 0
5.631052376287657 0.04045859345500956 0
5.302160729916676 -0.1588203264776201 0
5.13924016828881 -0.6323951538456961 0
5.242358701594631 -0.3154630285244368 0
5.610518187896639 0.09773459676824733 0
5.605632124518043 0.09805785505588334 0
5.778698179547766 0.0756940140623614 0
5.512428137688959 -0.7908557138345559 0
5.598396896235787 0.09799847454534451 0
5.626655319435002 0.09763567324164038 0
5.589048075581553 0.09804517521740519 0
5.632231977541292 0.09757494931751264 0
6.072244613655628 0.06780134601133636 0
5.488328264819256 -0.4056565035411198 0
5.388780775903215 -0.6002862862602831 0
5.573782333014698 0.09826284900600242 0
5.765566996543853 0.096036231867568 0
5.002896537317771 0.0102090637277728 0
5.558615616292489 -0.3571296923703124 0
5.569697069456574 0.09830127668283864 0
6.10580592909437 0.02195188893113718 0
5.665731779125208 0.09732981378164365 0
5.594244737494645 0.03482123056574452 0
5.678998626911524 0.09721392472666399 0
5.457522448513011 -0.4654000831388507 0
5.089065036890115 -0.6144018092125911 0
4.487856176529897 -0.3020338079149792 0
5.808282711743066 0.09494389934457288 0
5.692850687018528 0.09693148347837233 0
6.274180564196979 -0.2679299822426221 0
5.700393532890779 0.09680553300702568 0
5.554083696815789 0.06326526025251325 0
5.16760985851487 -0.2081196014026927 0
6.033822373707274 0.008298186793546151 0
5.231869103914796 0.07870341391440025 0
4.64918551629137 0.01657896935928011 0
5.762699420669873 0.06190790060719892 0
5.731385917066183 0.09619986871920823 0
5.82423451967917 0.09195029249160608 0
1.615875648741747 -0.7686603166382507 0
5.69596837693074 -0.2321467080499504 0
5.761064346694686 0.09617210461938715 0
5.337558801257329 0.0414222093929633 0
5.424649553441427 -0.6592644654978939 0
5.775028833996768 0.09611220664846039 0
5.720933596971051 -0.1625809661737043 0
5.693808167421636 -0.2996159987763866 0
5.843189583459041 -0.3410628927533996 0
3.821290543212256 -0.5847253090331317 0
4.151443777764714 -0.5516792367838322 0
5.688870911297014 -0.3779579473813736 0
5.664554957366059 -0.3881021205387947 0
4.939042714451666 -0.2849907556946872 0
4.970492693068832 -0.2435255341325454 0
4.547165065818271 -0.104565030034931 0
5.819371930969554 0.09510644496318604 0
5.73278845972476 -0.7055399176956267 0
5.70091440530754 -0.684113741128884 0
5.029012404676077 -0.2576247499050381 0
5.194212985803598 -0.6227983765146806 0
5.020786156603046 -0.09227360008815677 0
5.543887797692806 -0.03553922825033625 0
5.525325416446351 -0.3034135192836449 0
5.251845799520101 -0.3831069451180681 0
5.846090546937649 0.09590718449339317 0
5.326946970903485 -0.2688060004998081 0
1.48815490207561 -0.1753743677782409 0
6.595173024843916 -0.02373058317663325 0
5.498652961299851 -0.1091368243697148 0
5.435364483182497 -0.726544576544674 0
5.638703112429051 -0.5543498697802204 0
5.804962239709367 -0.6753324920558615 0
5.772735229015546 -0.65469260741043 0
6.008547071240468 0.09267157889968675 0
5.880154437142264 0.0951600173344932 0
6.262278973699795 0.08350211059537155 0
5.356730816625979 -0.6609679351011136 0
6.273629799574018 -0.432963085357106 0
6.268635785719701 -0.492101559979225 0
5.616952236940608 -0.4044671728149822 0
0.6594763000169938 -0.04621835725416545 0
6.195975053107486 0.08025659140574698 0
5.147763491141826 -0.5869808297946723 0
4.963486986399189 0.08169830105574888 0
5.047744439678534 -0.1764715994924075 0
5.29596905176252 -0.05760148607314809 0
5.528236803385624 -0.8631850509224577 0
5.362697346700017 -0.3878120701090729 0
5.985955728132971 0.09109399831681743 0
5.482857465382296 -0.5888657973421461 0
5.554647944811063 0.09787742376531305 0
4.837904695143634 -0.5598515410012134 0
5.150820021716027 0.01012789665851934 0
5.290982731237968 -0.4148276533239506 0
5.268060574307126 -0.422103468639126 0
5.757068334387803 0.0713951539892872 0
5.672602949191781 0.0968438694742372 0
5.949620387998934 -0.1223847471895082 0
5.400969415807752 -0.01328128715224573 0
5.95067423189839 0.0941287867096858 0
5.488119294355869 0.02187146254102717 0
5.801134225185352 -0.5088986917339684 0
5.836804561757804 -0.495121964453376 0
5.242689090110758 -0.7873038393773013 0
5.568525900305877 0.0459742386390124 0
5.685675350668099 0.09695850756465538 0
5.448818805356028 -0.6505818994499992 0
5.427107432927404 -0.3847308327574371 0
5.752370524138394 0.09623463361630409 0
5.591175707627167 0.06109626857498167 0
5.058670634637695 0.06488147192338635 0
5.584952442748122 0.02506649987876426 0
5.188236160844178 -0.8104659252661952 0
5.728981543612784 0.01823240927499601 0
5.028020099035418 -0.3634191526719742 0
6.02413826259041 0.09317829951383029 0
5.67841295378083 0.08394212792045681 0
5.368875489790105 -0.584762399704867 0
5.30693926655544 -0.2130012628945517 0
4.919012732847301 0.03150931682296042 0
5.83521724663557 0.09530546451535998 0
5.299762835442398 -0.5858247988094889 0
5.522294899297286 -0.4886459444460967 0
4.877317541184746 -0.3061542853932318 0
5.593661921777909 0.0979770188467068 0
5.201708201949012 -0.4033642023085552 0
4.908654296978611 -0.1530228555457067 0
5.730221994041685 0.08164282900151429 0
5.410575147538601 -0.03105532436938159 0
5.553380824367292 0.0956051448525318 0
4.806466889940278 -0.3249771141357799 0
4.837008431679584 -0.2797975508911151 0
5.835480729620908 -0.06777704822057462 0
5.525143931769858 0.05492836595673299 0
2.300892916286997 -0.227197184150877 0
6.072395858918307 0.09285757996558654 0
5.787601243913745 -0.3628752949074273 0
4.120711168342728 -0.262713437461889 0
5.555464784238777 -0.3805884858114792 0
4.778360303161373 -0.5124893091928076 0
3.900783124756835 -0.186969291170648 0
5.794166644896141 -0.08902977407838399 0
4.065881812330052 -0.07827692001565775 0
5.582138997444185 0.09811699028640909 0
6.098218162920057 0.09269765200762421 0
5.618561453748221 -0.09609494534730374 0
3.769613657263061 -0.2876033221049047 0
6.000744458140444 0.09345998347736668 0
5.532777081261711 0.08003540791733657 0
5.528405342513155 -0.1593233128938299 0
5.644191322863106 -0.37092542891252 0
3.67738631663098 -0.712329837252666 0
1.875611677358494 -0.5571820699747101 0
5.624125059569229 -0.3549316322062635 0
5.655091236262932 -0.008611868063154147 0
4.954625005146417 -0.5696874772906045 0
3.448482210616583 -0.5198274503178093 0
4.930955583241431 -0.6731688791857353 0
4.280195533789009 -0.6641271684063015 0
5.137319865674806 -0.8109124927348222 0
3.34754552529803 -0.3279022752610022 0
5.295773191410508 -0.3895040590421654 0
4.757071944435729 -0.7129965197481379 0
5.508492008094766 -0.5788555615375982 0
4.955944334097353 -0.8196413922592218 0
4.885025219780786 -0.5928638461542264 0
5.352704467325048 -0.01150600931519343 0
5.44278972498194 -0.267378364461725 0
5.682521908850198 -0.874300571568303 0
4.517334891061135 -0.342965038589258 0
5.68203472184835 -0.07462773067904338 0
5.483667350877232 -0.2304831688886667 0
5.341876113012018 -0.2035421542250696 0
5.775042734106727 0.02981961751891165 0
4.0350999982717 -0.5882893475502988 0
2.98358178585034 -0.5137886671957012 0
5.600016063698001 -0.2341084407669275 0
5.645842851266448 0.06627281779541655 0
4.435385472349878 -0.09773605321189417 0
4.343810813815137 -0.3496033906344918 0
3.991240487704549 -0.3487590586198591 0
5.408325248371398 -0.3693766065690486 0
5.280991324341634 -0.002513125028953926 0
2.771417093750412 -0.3092835482409204 0
4.107015978173613 -0.3173468166941111 0
3.911148149391168 -0.6199839313751729 0
3.951707365145801 -0.5398937184105885 0
6.115595163575673 0.09225108494034487 0
4.825442567673419 -0.4241128547899174 0
5.614601854099805 0.08331522560951043 0
5.617587663210204 0.080792876034954 0
5.553860999756756 -0.7977695793294519 0
5.986738791428595 -0.1247771068750114 0
5.37778064971401 0.09259690735000439 0
6.217283137739131 0.01867492356114356 0
4.669786049218072 -0.1738413429460768 0
5.928320265857581 -0.3341907920600733 0
5.625178854595932 -0.06954974969155579 0
4.114648428650208 -0.7317246082346536 0
3.995188655794636 -0.7737968054764904 0
5.394723858779857 0.09286768801885666 0
5.710616226602888 0.07114780961295664 0
4.704168179223726 -0.8167812173363884 0
5.709926157365769 0.06567226943752609 0
5.593989331209656 -0.7099658435949273 0
5.570235956295805 -0.6915489729677252 0
5.547251435184912 -0.7051872685103631 0
5.549111933446342 -0.6758978726820829 0
5.949390038941607 0.009395917904938917 0
5.648484193190423 0.08402275818828814 0
5.888877712442889 -0.5930500496734966 0
2.599743323076538 0.01216313632046246 0
4.067752473396139 -0.490368291454384 0
6.134261151880558 0.01346657445223904 0
5.077881238635084 -0.6507967145213412 0
5.096442633749913 -0.7028275889867279 0
5.852513960382383 0.06274784327808933 0
5.845762073686013 0.05934974383666568 0
5.27250290383412 -0.2027409621045753 0
5.385053860996461 -0.2690322597249221 0
5.813265985640634 0.06687812674342435 0
2.062959988058826 -0.2713738600167684 0
4.67165459455846 -0.3338022200252279 0
5.593316980591306 -0.4134176616577974 0
5.471617062192813 0.0778339602116476 0
2.490307940115041 0.007701556110781981 0
5.238967679415214 -0.6578233334878514 0
3.118970876715909 -0.3121086086619222 0
5.117425945864766 0.07008194168351276 0
5.489020535147747 0.09605009576447335 0
5.951051695804513 -0.1000897949391523 0
5.022185108691294 -0.7927961575079738 0
4.869920486187784 -0.08479495537821043 0
4.897330005324333 -0.07576176794391096 0
5.264774318502667 -0.8042394445607044 0
5.067503031636247 -0.3235848699378845 0
4.207217740124889 -0.5360891336799705 0
5.228997411494448 -0.7117191641494789 0
5.658029839824641 0.06634998564088013 0
4.977876897128169 -0.7130549341526733 0
5.501622746501479 -0.7254838088071986 0
1.246989972153616 -0.6379858745157162 0
6.382892185513306 0.07763597149534716 0
6.399128429886889 0.07441349135800053 0
2.474967242081447 -0.7010136894399974 0
1.519151151304793 -0.5359306857128574 0
2.491464232117719 -0.2860919553013891 0
5.360783839642783 -0.0616801308498983 0
3.502066739310955 -0.2904401520560503 0
5.026850190136077 -0.5140917699769516 0
4.727421471182142 -0.05555585320059331 0
6.133716685772578 0.09211432491570828 0
5.444090441188719 -0.1106438971676225 0
5.63348508554831 0.06618669218833978 0
1.197755453298891 -0.2356684142038938 0
5.544138894265242 -0.7319308480146486 0
4.832266035362229 -0.6802911773148173 0
5.520402235031939 -0.64971122095639 0
5.513846654623983 -0.6757927460994386 0
5.582573680918907 0.07161635645592204 0
5.140472544137234 -0.774813441978017 0
2.322556138102949 -0.5302270295731492 0
5.276041527163033 -0.3733636307792502 0
2.143916098006761 -0.009616761653618517 0
5.145557451832435 -0.1525543470498444 0
0.5190068559841394 -0.5350302736144597 0
6.020755678267657 -0.3597849391559605 0
5.576735378084501 0.08368384870562882 0
4.177975539853941 -0.4489044563957921 0
4.336128559557489 -0.1607269678344259 0
4.724016598047178 -0.4250753958191257 0
4.596917769720777 -0.1991377344663935 0
5.176035200318669 -0.1861888101816303 0
5.682362105463437 0.05027703577481982 0
5.826821152508924 -0.01069703893768579 0
3.225483063273033 -0.5172343500127233 0
5.415270561127137 0.08710411675097331 0
4.641113723279418 -0.7157101726994182 0
5.480261653532783 0.04194609526863268 0
5.519982775327852 -0.2138872338236326 0
4.850708875519756 -0.1724668117179853 0
3.787444535149336 -0.4669861595844372 0
4.575510656141994 -0.4435152773088469 0
3.596872610619994 -0.4678314721004339 0
5.553006803360908 -0.2009543673662662 0
6.313758539294675 -0.09706660072899462 0
5.131598048689407 -0.378929383199427 0
4.489974194082136 -0.2587067558722579 0
4.407345482526492 -0.4631602120975372 0
5.730613408957436 0.02670349455142896 0
4.91203230133722 -0.2621320035581098 0
5.578864308286811 -0.07208229178508707 0
5.240361790717134 -0.02144691869912727 0
5.682263166427181 -0.1989365955490951 0
6.581694281062852 0.08677507160344233 0
5.520912254215247 0.0799007199042584 0
6.161366275345206 0.09067395646195067 0
6.177143489339255 0.08140629919997996 0
5.439771783822561 -0.7015947720470518 0
5.170133173211349 -0.2729192928297943 0
6.538245918259166 0.08755539971123719 0
6.543765927289805 0.07466064116201293 0
5.572972870433103 -0.6317996880700866 0
4.935797639977399 -0.142941323874759 0
5.168696619828216 -0.03635113232978326 0
5.859066425686121 0.007891434823505683 0
5.578144635778405 -0.1237605163226798 0
4.730608312420392 -0.1859241948832437 0
4.488149288127003 -0.1983391095089679 0
5.677292221995864 -0.8179365646439654 0
5.698195259599498 -0.8428524623388359 0
5.249662724120196 -0.1523075358389874 0
5.565916066332251 -0.5257301668627259 0
6.441212252415858 0.08827629422201558 0
5.236506770174802 -0.2481994373270726 0
5.683545548099829 0.0935828300907343 0
3.522606272989519 -0.2192566041624815 0
5.439605741812717 -0.0479656604243357 0
5.463964373551569 -0.09242076052735843 0
5.365713270236057 -0.0463184809534133 0
4.901814749050259 -0.04733977400781983 0
4.447812658642115 -0.05683532099595003 0
6.612131391539233 0.08682079347063382 0
4.950362547960175 -0.02824011323819796 0
5.804979028712393 -0.2231957982319891 0
6.181175982813992 0.09144849616919039 0
5.677669137383526 -0.02943619838872534 0
5.652908082801206 -0.272008773881183 0
5.286598875075462 0.01102999731842986 0
5.028643214091966 -0.1594725438492275 0
6.200902651386572 0.09089971366178307 0
5.212584473917715 -0.05933807461239037 0
6.566514933427948 0.08680943539672797 0
5.263167265022313 -0.114660487317869 0
5.762643452221338 -0.1237837691835373 0
5.902925349599933 0.003589585375176267 0
5.350950453503462 0.04266884154847599 0
6.221199228904576 0.0908715286221637 0
5.67815577328893 -0.6553392016352447 0
5.169021247291099 0.01329977801515875 0
6.524002110436705 0.0879493153573941 0
5.546043096213952 -0.02506923334583614 0
6.49611687348928 0.08816817935865862 0
5.032103241146266 -0.044749677209984 0
6.242106460833854 0.09093407750085972 0
6.468908361967459 0.08846445090611474 0
5.588938396088595 0.09273706784427586 0
6.404234877590126 0.08847099391351361 0
5.39651824389799 0.06160057257028902 0
6.296026018433411 0.0895030807892141 0
6.320554539224846 0.0894188271012903 0
5.337627353755325 0.05926639435539401 0
5.610953913964956 -0.8590905313804666 0
5.767327693227618 -0.08231464993675684 0
5.742446840442143 -0.2981322504160551 0
5.113434182130027 -0.03123779904513067 0
5.937684023140118 0.06838027124699918 0
5.444135472628718 -0.6761459653426927 0
4.407110092407387 -0.2323804827317448 0
5.540155044150973 -0.0482428019174753 0
4.080457241530199 -0.2251014250001291 0
5.103516515820479 -0.1105286532378657 0
5.332164559597646 -0.6714291963856304 0
6.109099989140262 -0.03252843635687158 0
5.659745891224901 -0.07019851979130037 0
5.973864775288871 -0.2365230879285782 0
6.00007142072395 -0.03614722886592819 0
5.984241456440256 -0.02692587639123677 0
5.528795585597772 -0.08647834302992276 0
5.52704485028988 -0.1004467859066824 0
5.102748427818643 -0.3912903086340007 0
5.739228203761639 -0.1535682002812156 0
4.819199892391827 0.05248936701710731 0
5.543995558565325 -0.5068549431815845 0
5.663213524638397 -0.5728079530191714 0
5.87167980854075 0.0898642108371116 0
5.873950007967883 0.05946072590814894 0
5.676860427571101 0.02172662495044081 0
5.502101824073563 -0.09420893862465983 0
2.230853244597805 -0.6893203561470765 0
6.312665939027576 -0.2061937353389374 0
5.530059613681106 0.0467407030419841 0
5.717787373533136 -0.07412667114951413 0
5.232845436305547 0.01230104146672474 0
5.207395452024239 -0.6928886431405443 0
5.735927712588339 0.05103781983680494 0
5.734490122648213 0.0674521790093795 0
5.273969241400354 -0.5944564343078247 0
6.000714148032645 -0.1986662898971636 0
6.090382808204884 0.02600042613838922 0
5.877961508627623 -0.06392894758431369 0
5.701893521972828 0.07186594348590501 0
5.357406710689014 0.0007572369101271998 0
5.548112473453615 0.05146678245804555 0
5.688686650317458 0.07021010708262022 0
5.621611337960879 0.06568471687617611 0
5.626177352048357 0.06335035390805854 0
5.503103886524363 0.01679862075629862 0
5.886656426624321 0.06979037030724521 0
6.293779430874275 0.06455045589727812 0
6.1547095353859 -0.3367766879549141 0
6.382064651775078 0.03512663540790886 0
6.04391290789804 0.0176395606632506 0
5.866296488979006 -0.1931550484459645 0
5.734373293002187 -0.8364006016862868 0
5.350340930926212 0.08996885006986965 0
6.108281184186772 0.04437414057692444 0
4.219134234159231 -0.4832725938914733 0
5.318821768357469 -0.007571114282494525 0
5.518211768169966 -0.02257913805776718 0
5.270299700841031 -0.03189968005550811 0
5.675749433738467 0.06925408032356875 0
5.662431589067251 0.01618224699120789 0
6.14877336821197 -0.07584130279830788 0
5.525820834768991 0.01517511408519754 0
5.916945525739061 0.06000663764277678 0
5.614835316848588 -0.1406395212425247 0
5.568661902733341 0.09651112548653469 0
5.790246113554663 0.06122604873612787 0
5.641804817654403 0.08465829179462687 0
5.683984664730407 0.02432280554194872 0
5.647527625361969 0.01017008503067185 0
5.592349073902093 -0.003614477078786382 0
5.802341344855926 0.06783306480392516 0
5.719684343754059 -0.1436949477298633 0
5.00859363031366 0.0324776971539046 0
6.166265307203028 -0.5349598523364617 0
5.752638828431609 0.0278126650262681 0
5.430054167168155 -0.8576234803593153 0
5.744603528872393 -0.03698017059217266 0
5.604309129615681 0.0605339588817163 0
5.783256115709435 0.03308619461809588 0
5.088629382316833 -0.3425299403715774 0
5.613715216125558 0.0640537328414738 0
5.510873662339442 -0.01564938491014058 0
5.50844088974759 0.0819121574750678 0
5.4050597926686 -0.3948101529775296 0
5.847757733670873 -0.1805775380509155 0
4.932167373256578 -0.3945986656621435 0
5.640566586005309 -0.3957406680054507 0
5.683998504180515 -0.4060021418663178 0
5.390817588166851 -0.003539481899042123 0
5.766816073097329 -0.02759073792961368 0
5.605701405787565 0.0832611521804147 0
5.752309965557697 -0.4636603260506426 0
5.807395414055929 -0.007370229535809796 0
5.791609773546853 -0.1864764885155231 0
5.543113928439313 -0.0969389421843071 0
5.786992991184397 -0.01753892768013771 0
5.617658785540981 0.08461492318041272 0
5.60857970184521 0.09533771929797957 0
6.423005192413687 -0.08292918531562077 0
5.626190512274182 0.06787681428388395 0
6.011884690537771 0.05796396622888703 0
5.237927136031204 -0.813282185897696 0
6.136386624840513 -0.3964756656601193 0
5.860507200885875 0.03054659369446086 0
5.567888554555919 0.02100935756322781 0
5.569141213696408 0.02811218258698964 0
5.490681341317081 -0.3817683346324231 0
5.824783880911768 0.05893760204123503 0
5.597170368845633 0.08363855735909603 0
5.821243850349467 -0.07331950999712122 0
4.775371390252934 -0.5534403171910404 0
4.095270019677505 -0.7920912260646293 0
5.503721313215481 -0.1360909605953086 0
5.841470578418171 -0.4573260367371335 0
5.670121721589008 0.05065253871626466 0
5.36428998373778 -0.2759802997255655 0
5.904439373807488 0.0280336384881918 0
4.84407472865749 -0.0647636860227962 0
5.463157374596346 0.01532792660018953 0
5.782773459287875 0.02311078170247094 0
6.16604105650403 -0.06474600206458538 0
4.585457000796453 -0.2395221716406672 0
6.072171303854589 -0.1295188743108664 0
6.039558401015767 0.09420616978910881 0
5.707091052398244 -0.01853141212055245 0
5.668080305511659 -0.7362296463344657 0
4.224749545660452 -0.6871450963771061 0
5.58084277064575 0.06742299272209491 0
6.110684115163155 -0.1012811538129576 0
5.541527458886006 0.09154696565199068 0
5.305004835039469 0.08212866975128152 0
5.583452319930361 0.08825280820332571 0
5.402001234327745 -0.4198009862640094 0
5.653869344351494 0.04247772664391839 0
5.645180122747149 0.05615721429657043 0
5.605745162757074 0.03190333519743806 0
5.461239708106697 -0.2813278985184942 0
6.55635425532018 -0.7910332402967621 0
4.902011625779913 0.05012877943396304 0
5.49162105676881 -0.0226747038288414 0
5.687790712716557 -0.0256446880252599 0
5.919383020270531 0.08942784089680478 0
6.040886388113614 -0.02226962578853612 0
6.028985816674116 0.05985277506486873 0
5.495228320239576 0.06457651690900501 0
5.886684645649451 0.0266312450456147 0
5.51105230696349 0.06249441578182945 0
6.277406060681344 -0.5958019018281591 0
6.33545430859785 -0.6428445908336221 0
6.411738226760014 -0.6323763230315745 0
5.586846696891747 -0.8632900064649642 0
5.424815204527849 0.05162526039375998 0
5.579583254541888 -0.2430999357502381 0
5.637530018152608 0.04246116622499404 0
5.536231583252815 0.06340354583806544 0
5.986030866358604 0.05752840874781653 0
5.153153836254642 -0.1900657068527959 0
5.753540550720522 -0.2708781721072282 0
5.441142907828273 0.05385328945413324 0
5.536867047066143 0.0945960891325931 0
5.555286486955248 0.0240556868520294 0
5.557098418513374 0.01643176476743953 0
5.504782442718311 0.09300321678837015 0
6.246269494728332 -0.03785225526686887 0
5.930705029560323 -0.01931167841500715 0
5.272388843385739 -0.3979602228071275 0
5.932844237117333 0.02542189392795544 0
5.533312641893129 0.01863975357630619 0
3.054228230693793 -0.2505770313433058 0
5.879912411727848 -0.002965574410656013 0
5.893426760545917 -0.009581847070495133 0
6.527837136043175 -0.05577190630546894 0
5.561986843561396 0.04453043424261095 0
5.575372870085657 0.03020239707215289 0
5.904459883396992 -0.2232094362409759 0
6.56643896240128 -0.01561343982547896 0
5.928083622030354 -0.2382747269617784 0
6.22345538095357 -0.1585875090611684 0
5.847853754827907 -0.8605888400340482 0
2.412903314710111 -0.2021234936251944 0
5.418350616620529 -0.4625585503257202 0
4.827265357645086 -0.7216236592108376 0
4.51181917427011 0.03073146727899955 0
5.612769546365642 -0.07346777004810179 0
5.587688574727656 0.03286692267762282 0
5.279965132075595 0.08068010601661382 0
5.719487868208581 0.06522000542972789 0
6.276819454652456 0.0057810376826614 0
5.483108654695082 0.06270129239698995 0
5.903148800881374 -0.8033778324785462 0
5.652050097215621 -0.8758336746933975 0
5.616546196067592 0.07665804913434568 0
5.595020945848643 -0.6802494917135548 0
4.68645897813025 -0.4386381880014135 0
6.085329345130155 -0.01335432117027419 0
2.221881443182828 -0.1202610318622113 0
5.10208406101639 -0.2559538687276628 0
4.854423468713287 -0.8305322821962002 0
5.225540120903123 -0.07468195169619346 0
5.57504206260337 -0.08510385642384494 0
5.526022415794143 0.06107492588523252 0
5.705781726622544 0.06889495881858325 0
5.50915299372094 0.09341328362633827 0
3.581045469331896 -0.540243647872182 0
4.597946854375239 -0.7315377448086267 0
4.783635778504547 0.04674162254140158 0
6.337139433302372 0.01596861480710571 0
6.377939401966959 0.08995283997261433 0
5.678869121030823 -0.4354285668927792 0
5.567214503138076 0.08189162578196119 0
5.716182824900066 -0.223064578116066 0
4.359838525105374 -0.4792793682460941 0
6.598780433629513 0.01918836577484359 0
5.412111926729434 0.002382926850837106 0
5.961293650636417 0.05878623716564123 0
5.671838555298311 0.08531078101880842 0
5.571418245461543 0.06881119374310121 0
3.140421411117356 -0.5432261347425797 0
3.772487774723393 -0.5387263361765606 0
5.783804581528341 -0.3904278279588272 0
5.562938175943462 0.06644226194619882 0
5.974252913499414 0.007706721538775215 0
5.918473430455362 0.05031403497308625 0
5.710545109464309 0.08596239887084829 0
5.951927680106142 -0.1731173752730825 0
6.268651657777028 -0.1002307817010306 0
5.892566379412813 0.09511042313797502 0
5.50630913370481 0.07644246339352552 0
4.217974263571308 -0.7465824402667696 0
3.71777936866862 -0.2376900082749631 0
5.641504462374277 -0.5252129485851481 0
5.497388108600089 0.0526800816865599 0
5.999455220668222 -0.004016865576304569 0
5.945483280665755 0.06556301343377666 0
4.696362867077185 -0.1970289108610259 0
5.513707994753863 -0.3733011551595985 0
6.152094820027877 0.09193996446507441 0
5.144775368510465 0.08586803483248023 0
6.124733754046415 0.06165743328922277 0
5.668368794347137 0.08349236010995198 0
5.45933128177246 -0.1069543098272324 0
4.403816838042012 -0.06629768814876894 0
6.020673501121096 -0.324224912369548 0
5.654991613588146 0.08452529914785679 0
5.120985762944199 -0.4371317420598666 0
5.548632255830808 -0.2224934946108598 0
5.707813969383777 0.09695313244562574 0
5.425603506598635 0.094245061861256 0
5.292535378363231 0.08074635398097364 0
5.071529494606335 -0.6808306736262152 0
4.929709107297307 -0.1710535125922735 0
5.556866348974684 0.0819829503203082 0
5.672910241139368 -0.2860656799411914 0
4.966227720397957 -0.06514124882513664 0
5.347840647587682 -0.7133271594894588 0
5.674756546831436 0.09425337754385618 0
5.630508116528218 -0.1318189437816825 0
5.59508525243199 0.09604576350824981 0
5.162699114772959 -0.05513112016389616 0
5.826656279146193 -0.2132756841028857 0
5.105019025353133 -0.08659626908849358 0
6.300194864365645 -0.1403286594089469 0
5.552757975745573 0.04882216890101039 0
6.306219608065168 -0.5347287726088541 0
5.316374462354196 0.08359019659019104 0
5.009745021563507 -0.05217780713517774 0
5.710213150053074 -0.8105199780810153 0
5.8304891158598 0.07657983021589398 0
5.907373791477744 -0.06536382230128912 0
3.449257473360502 -0.2373802890672663 0
5.655863260436609 0.07829178774483304 0
5.017875325993408 -0.5478633689221841 0
6.05620171848091 0.01331154709264072 0
5.524537869187605 -0.7164785558168824 0
5.503356733430211 0.04650558001446027 0
5.966907413571961 -0.1338209084279993 0
5.495769956482861 0.09248559508367227 0
6.201019369173296 -0.08898036997346599 0
6.642288169256606 0.08744482007369676 0
5.590305706793682 -0.01324602088833026 0
6.081005657726182 0.09289848539566327 0
5.689756743287629 0.01931368476468658 0
4.791473911722245 -0.8647233928286359 0
5.700433869519524 -0.03041724561907247 0
6.052870562542479 -0.6279632341555383 0
6.231374776915214 0.01146920378639399 0
5.621218302328547 0.09787053847397599 0
5.272358761691664 0.008352613816192409 0
5.57040998916761 -0.661189891388627 0
5.844771307993252 0.0313372451399512 0
5.991128263374475 0.034511267515125 0
5.220949999024379 -0.09430559877660927 0
5.512581583473084 -0.1047414810972564 0
5.139645169423231 0.02410138369287072 0
5.635869346739616 0.03670737019463022 0
4.567880700907452 -0.4876166482449251 0
5.311129033165415 -0.1220576355287837 0
5.591050286590744 0.0817252479919176 0
5.996958270585801 0.08708701554080769 0
6.570117078019547 -0.1235316126344408 0
5.727357941823517 0.009027384194741825 0
0.3432902229045829 -0.5729316670980724 0
5.524949030274873 0.03592581712282873 0
6.560872408427759 -0.3221440165604849 0
5.748031137412573 0.07934262598499783 0
4.679503233627109 -0.4789303738076308 0
4.54962412256284 -0.2470237810221775 0
6.34314861645647 0.09103630301304455 0
5.559440739313627 0.09810306108177277 0
4.069477287958624 -0.2785534934958316 0
0.7846649571341959 -0.1921344227449017 0
5.738569654739536 -0.6691271170823936 0
5.9246669004262 -0.3673169575428532 0
4.592016734276888 -0.7755745548683504 0
5.595131769056103 0.0771479354148658 0
6.301978463730785 0.07911621235145801 0
5.059035332663006 -0.3533334848125405 0
1.735416827312398 -0.2435351556790322 0
6.402016498047573 0.05970939364725485 0
4.939457445201207 0.0811579785158541 0
5.625393535612258 0.009589753359359542 0
2.965001594621085 -0.2726129858085966 0
4.350081927678948 -0.5317288043374212 0
6.074354857960296 -0.1566597481935542 0
5.344812858932645 -0.001707368596553606 0
6.074345539156704 0.05673122039477798 0
5.797787416950992 0.03393201337874058 0
5.414258680939943 0.04220563535156632 0
5.829144906590377 0.08919971206002393 0
5.654651763255863 0.04919111250586944 0
6.259761245529796 -0.7396453245361682 0
5.763761820236157 -0.1068024388427829 0
6.559778678056333 -0.2514113154304843 0
5.432671676701943 0.09451226141851173 0
5.714938203617131 -0.08824175540437201 0
5.258381483566425 -0.5509140401945223 0
3.966138246781169 0.05635420243022366 0
4.94542801024416 -0.05281291766415893 0
6.044239979559486 -0.03826745276006843 0
5.342530754044605 -0.2834299132126002 0
0.158731257392368 -0.2223043654368164 0
5.247123440809347 -0.4075609482418626 0
6.272411612345278 0.09102333503688445 0
6.337967675681509 -0.1084606383997168 0
5.744288826782435 -0.633117379246642 0
4.745518033648809 -0.2773905602141076 0
5.092033518342148 -0.4520431150140006 0
6.477350986506215 -0.7060459721758422 0
5.970161586853217 0.09415552075423746 0
5.476832226440915 0.06228389668565976 0
3.512797195441562 -0.03526206242614028 0
3.051000373028908 -0.5704564984213455 0
5.434758690848826 -0.06113579601137584 0
6.437945823222202 -0.2304334229116592 0
6.474320477252116 0.07617603896854555 0
5.460681263214317 -0.1503303978947696 0
5.121291918432959 -0.1250646330706489 0
4.923238286898133 -0.8315769475665576 0
5.58369480523381 0.06419208774953052 0
5.83066762495438 0.0553993481058096 0
5.47836998753117 -0.1606306645185377 0
3.404927443308184 -0.756809212177644 0
5.663791339911342 -0.1213398672624121 0
5.322036995154067 -0.7269736824451963 0
5.584362101171955 0.09801751445498526 0
5.4700007636261 0.05309231179564228 0
5.501025761235763 -0.03179291187049473 0
5.498015588675456 0.09630099087392825 0
5.671126442669587 0.06716813045957501 0
5.734772557370341 -0.2352916850082665 0
5.664676385751291 0.08171115564181254 0
4.735490676733987 -0.6048153355348875 0
5.940518466124518 0.08858554276209854 0
5.829813996658338 0.08323336121521034 0
5.679091531644895 -0.1150067953793827 0
2.356591744692673 -0.704047888842849 0
5.170390822053017 0.05623187243671543 0
6.00782091475162 0.03017010382643574 0
5.611831974029131 0.0758056221313287 0
5.404222575378734 -0.1066475245205588 0
5.578716694205902 0.07083573903171296 0
5.533336881515249 -0.3885373678464045 0
4.262381543836288 0.02414963294278394 0
6.603776846983111 0.07318385680730444 0
5.565775161794951 0.09828052508235803 0
5.668299124150624 0.01112058329989651 0
5.571815898271131 0.0855571029540366 0
5.739200569343423 0.06525881836184176 0
4.421259101612384 -0.5944309274147553 0
3.237398276918851 -0.7419912331219084 0
5.714286287833073 0.06227046432001784 0
5.746951615527962 -0.4899621348578325 0
5.892758016034208 -0.07321477455294978 0
6.627162499274102 -0.1670877959377431 0
2.661864527573607 -0.06694201017649572 0
5.868729661312644 -0.01070388519078022 0
5.626904996796151 0.05900159632533295 0
6.190063994243946 0.01715707395403796 0
5.688264868255395 0.06504023579325538 0
5.83924336467072 0.09007397662744357 0
5.492942941843062 0.05812938308415176 0
5.37144017858154 -0.8795861561904388 0
5.650036924653528 -0.1927147133396513 0
5.698372364629043 0.02975578853971737 0
4.674628680930481 -0.5176285310861009 0
5.248062722986646 -0.8534918684976622 0
5.235580620538553 -0.5333754753565096 0
5.553489657391372 -0.0785688114783062 0
5.717355740877226 0.02985929287930887 0
4.165713993628707 -0.5010293027213676 0
5.509104432014178 0.05660171481178212 0
5.13798767523602 -0.1720556073167644 0
6.05574245552461 -0.8426063991772839 0
6.020273882539136 0.05562810515583202 0
5.661317377432532 0.09440535112807286 0
5.434616379103826 -0.1000025815557905 0
5.534487958688755 0.05818618168748135 0
5.750103027827278 0.0005108505512888048 0
6.213584994177968 -0.5124373681569572 0
4.324322995553268 -0.206896502110464 0
5.751474326643568 0.0189948854290779 0
2.897662915160784 -0.2017526632620815 0
3.534669853321946 -0.8416298317658732 0
5.882799350263462 0.08992977997550756 0
6.429135068676087 0.09102709440709703 0
2.963636648293919 -0.03951456936003313 0
6.30648279666736 -0.1705865052541994 0
5.281752771245063 -0.04453381980774446 0
6.109878494280662 0.08491297911600838 0
5.712847338165987 0.04900291318114651 0
5.070391100033886 0.08590944962441456 0
5.596269257234778 0.08007601450912899 0
6.470169521647916 -0.3043663337987448 0
6.017628503624495 0.03733184188171337 0
5.83691875011989 0.07275463781781712 0
5.671848574601002 -0.7065675531914797 0
6.17267209647368 -0.1875077736397152 0
5.393960752173553 0.05041238609828997 0
5.12404869107632 -0.844035132258611 0
5.98792224038564 0.04773586023012896 0
5.543562176945066 0.08905198521471808 0
1.832185617891204 -0.6783379051486889 0
4.562464598477877 -0.5300229822932655 0
5.564844309523709 -0.8670123938841333 0
5.649986143106902 0.06793040775323518 0
5.590392016161459 -0.1338401535782963 0
4.712761626815642 -0.2889065388235335 0
6.619626732118784 0.07365561237442748 0
5.934172737036212 0.01397211573562502 0
4.008729564133683 -0.2946454734833878 0
5.947428903601943 -0.4431805726750946 0
5.670145844698465 -0.07876745452358647 0
5.644947582630892 -0.4676615759874782 0
5.510996072379619 0.09680623510470461 0
5.251479527740482 -0.101625138786725 0
4.633137915283009 -0.04767702654797926 0
5.444697078148433 0.009094210628222249 0
6.186477546272315 -0.7611964148517177 0
4.661113183259452 -0.208510673494344 0
5.60507897060258 0.07988797236596525 0
5.604544389542887 0.07634674660284094 0
4.902076771608787 -0.180605781778414 0
2.973383543096001 -0.8262744195778697 0
6.456481075190373 0.01325869042299062 0
5.549683549218817 0.06213682912069246 0
3.250488445474488 -0.03348732054470729 0
5.767828157110652 0.09245736566206114 0
5.602099020099531 0.09622537822414551 0
5.027592001434634 -0.6321196477862825 0
5.643782787912192 0.09802525986635265 0
5.003960963601187 -0.07579497819263101 0
5.72601908288077 0.04607522121103358 0
5.756575548384669 0.06531466932786402 0
5.100688736594686 0.0662353822196288 0
5.20561885247117 -0.5407172194258506 0
5.787032349500323 0.08763554961566564 0
3.509148943637847 -0.565019219823627 0
6.052250366048084 -0.05222351647714261 0
5.66115440145676 0.07989028807217288 0
5.498777688339649 -0.2466545092918805 0
5.985792866083625 -0.04516583479553865 0
5.638679293985196 -0.1152046253890838 0
6.51725495935432 0.07400679303245394 0
5.640754048508659 0.08041920423562848 0
5.521607432020595 -0.04058250107585688 0
4.05094026094139 0.012145330640434 0
4.664358425609447 0.04519118380759596 0
5.758818077971332 0.09272191963029669 0
5.113451669198518 -0.4945776750223001 0
5.559307800593627 -0.003607548662588023 0
5.047439727924903 -0.8424890904289803 0
5.538272166983533 0.09155047903688691 0
5.493427595508306 0.01514601608599331 0
5.155574558740998 -0.07414220669687077 0
5.784667475203573 -0.793746111562546 0
5.680853400189402 -0.1004990573536012 0
4.965383979144262 -0.5351744166379677 0
5.470202963912587 -0.8841485320680093 0
6.22235582634713 -0.1904936444110578 0
6.029417374480715 0.08578637691891575 0
5.586861647574381 0.06086785853009515 0
5.114033149041497 -0.05040657513282067 0
0.9446052515190719 -0.165571112576314 0
5.023822575512089 -0.185679021973748 0
5.420942805051574 -0.4355592109983668 0
5.603565126458553 0.07259871168898339 0
5.895968001677046 0.02200081814058766 0
6.110874409187566 0.0330067345223713 0
5.570833367659373 0.09668547523316746 0
5.973796023335106 -0.7940203105516359 0
5.609554562403401 -0.08644939703643373 0
5.597289355568238 -0.01905209395316994 0
5.182815476802247 -0.5220435020791656 0
4.977354801753496 0.06443982145009464 0
5.000508665323464 0.06807931464239281 0
5.811128538082277 -0.3795995614206903 0
5.182870833625126 0.07444322110159012 0
5.705193446012417 0.03251565584317194 0
6.212216842949253 -0.009001317773720196 0
5.61882417011082 -0.1878397864267711 0
6.001572010514196 -0.05325262326651948 0
2.954775167541635 -0.5966909951323671 0
4.810779484358189 -0.5803392280855677 0
5.565606386449554 0.08429545262723892 0
6.020137626097339 0.08725735667426807 0
5.620909686264401 -0.6717069579305169 0
5.812279574237913 0.09097393991004898 0
0.7666945453991753 -0.6219408996275305 0
5.324855843177414 -0.8802783439401708 0
6.002262141820486 -0.0700138085729044 0
5.789029514329534 0.09647320942546705 0
5.323731669365404 -0.1370331733511083 0
5.743574042932821 0.08309458628037815 0
3.660397193733715 -0.777212601336595 0
3.753260888252871 -0.001229950797407301 0
4.552083779266347 0.03666133865650286 0
6.622069794147905 -0.01349192592124906 0
5.743679472654998 0.0969415604850727 0
5.746232231394147 0.09228385052534713 0
5.009976718035113 -0.3427451778500893 0
6.226510155960848 0.0822234416378448 0
5.861855136913578 -0.1031804607032363 0
5.999017194809079 -0.228094206780395 0
5.675419159546252 0.0142488512755997 0
5.213264785903157 -0.6661538037937419 0
4.982457339563553 -0.8366781530124019 0
4.302766249889401 -0.8025090234100427 0
5.267088231784708 -0.005554187906523853 0
5.184640069085349 0.05959659739942821 0
5.509301890613393 -0.02605419651172948 0
6.573217922654668 -0.04139505079307492 0
5.674137076337747 -0.4978360823261449 0
5.623162022414423 0.0007833374694715227 0
5.55383778045152 -0.4052211742995842 0
5.6109317790749 0.02830764756920721 0
5.409437076890658 0.04906447206434372 0
5.726780287741571 -0.0006238509138668264 0
5.65576430128387 0.09763316650664952 0
6.6317010848121 0.04364839683054157 0
5.120077764311368 0.02206749402522307 0
3.486993555707809 -0.6468413827454843 0
5.603416056593034 -0.1955615882296677 0
5.460859117966369 0.09079169609326063 0
5.630742325721694 0.09549141117980091 0
5.747988810909984 -0.1265461967126265 0
6.531862544421765 -0.08154687389309281 0
4.62425044254913 -0.2204516152849854 0
5.718703411458699 0.08562489947341913 0
5.713546241648551 0.05591944631210611 0
5.339510547237688 -0.01420503159427094 0
5.847121304867489 -0.2027587263807991 0
5.508632354176822 -0.1202302581163885 0
5.11218799813688 -0.5209875870050551 0
5.817455676381778 -0.8253073984541686 0
5.467868181240835 -0.7796768496188839 0
5.321804559889705 -0.2895970652812915 0
5.803343990255789 0.09655661243545458 0
5.565844358395523 -0.01169438263750074 0
5.649666947660731 -0.6625762589977325 0
5.63596982321103 0.09503664479330848 0
4.109445351627455 -0.5198166098593759 0
3.190172714896828 0.03458846521324967 0
4.872616694934663 -0.1906506514286084 0
4.995732205373089 -0.6447812665996087 0
5.811898444701208 0.03193594520808735 0
5.836658549725103 0.05145315390571402 0
2.857393108147117 -0.6190531045218732 0
5.606092054504538 -0.02404382611922089 0
5.463853840771653 0.05943175475601283 0
4.582318106893247 -0.8180296102170552 0
5.785731784441667 -0.2092710233596114 0
5.701265675484343 0.06762005071499548 0
3.393783180013443 -0.1793542384830631 0
5.970732349257809 -0.05376065431122485 0
5.163765381758482 -0.8187223334319055 0
5.437024305420011 -0.475407339258466 0
3.573375310771486 0.05225418575552524 0
5.616064867145598 0.09829038467569001 0
5.687533710125492 0.09439815955119578 0
5.607589411241408 0.0777049006530037 0
5.514756948854947 0.04190603213034131 0
0.2992843946809697 -0.2911966517076905 0
6.205995014099034 0.08199598431109516 0
6.293629589263727 -0.1123472616767598 0
5.726342413193763 0.09317200056493069 0
5.667215475674356 0.09448210519773773 0
5.498970623634709 0.08108979649556547 0
5.901421955216821 0.08989270486496917 0
5.827547557574656 0.03150303221643327 0
5.692857393371743 0.06213009445625707 0
4.506905672216043 -0.8134691259799787 0
5.72582484378076 -0.09650349209876399 0
1.078200829478588 -0.6468764352529164 0
5.91928385839023 -0.02727583642950513 0
5.955129588944555 -0.252949657631038 0
4.636283729084296 0.04488874804863965 0
5.461229806240969 -0.8041154551430609 0
3.436165143322702 0.04160805737705251 0
6.068163854838507 0.08633301526231486 0
4.309970734037354 -0.1255628710950469 0
5.669195722765267 0.04500788194243123 0
5.577796493633 0.09827366944574126 0
5.528166927187288 0.0788236734202472 0
0.1576090121559642 -0.0566169147199615 0
5.682327103583959 0.0168016462881228 0
5.131047964346333 -0.1941189118869519 0
5.549302226194706 0.08688319786331575 0
5.236885115971158 0.09012431035043211 0
6.411017467990206 0.07877154440082922 0
2.614697831533212 -0.5230179011948012 0
4.775493110557818 -0.3012458891159979 0
5.328969671307298 -0.1874617736495268 0
5.81963649185899 0.02723791071020913 0
5.505460880794709 -0.8659119629666577 0
5.891814658130774 -0.4089291589705998 0
3.412750708107174 -0.6819302900999458 0
6.097274175625741 -0.1671361363201952 0
4.239549249244102 -0.1342731029692814 0
5.623794970918862 0.08435409281588897 0
5.529676798278054 0.0574165377770396 0
5.587902202951844 0.09642020760302726 0
5.491321326406901 0.09220044626903297 0
4.93165183815686 -0.5484208015004062 0
5.433019321373216 -0.5008743569706653 0
5.492992092635837 -0.2632262782252749 0
4.308875552230716 0.03020574694235338 0
5.750835232148455 0.009628430221548183 0
5.660458545140996 0.008421392605459363 0
5.945711794949975 0.05752154941687194 0
5.439990327093414 -0.8120721804971479 0
5.849950914416334 -0.6014010761480832 0
5.414255290287359 -0.1173291196510203 0
6.385923168699314 0.01823459917142234 0
5.836749684827762 0.02682724700931056 0
5.515198157927506 0.09710991131816032 0
5.429576804074572 -0.1139791485055841 0
5.323683473773466 -0.2089331578318156 0
5.869542170322291 0.09547623887041495 0
4.407934734887835 -0.8142484868789842 0
4.549222354230737 -0.5793326740666713 0
5.57432352107979 -0.4239665988044103 0
6.046182065338265 0.004225623483100469 0
5.670368328027111 0.06205124315033961 0
5.91828440212201 0.09522174798781176 0
6.402240697240174 0.03327528977443409 0
5.211686806290423 -0.8241277501119519 0
5.030347304789156 0.08406588690470319 0
6.127926016760342 0.07920755499517947 0
5.73531214771704 0.09721731177631707 0
4.222120078857841 0.0220885714217345 0
5.217981846476176 0.07680001082376942 0
3.357423689952077 -0.1237871368520141 0
5.285601288006379 -0.8782442067615592 0
5.226732953486184 -0.299427203074901 0
5.737719856846066 0.0562239546941133 0
6.196339965302274 -0.2030965241628786 0
5.904778497233574 -0.02040378319756606 0
5.307512492006094 -0.03591116166405683 0
5.200702014120052 -0.306846269523418 0
5.824179470781671 0.09639973992475696 0
5.521043719482647 -0.8093244822959718 0
5.839257304042759 -0.6617329888610648 0
5.190287920820577 -0.6475714119886116 0
5.71544920760059 -0.2885995292091045 0
5.607077505998458 -0.1001008646388823 0
5.154843467723193 0.0737642524459145 0
3.316138968087012 -0.01153371167001677 0
5.32765480060986 -0.0155525392817178 0
5.600174287030724 0.07224240158777054 0
5.46032190007168 0.006988011631102744 0
5.553089603709848 0.05896162668248933 0
6.185939125745144 0.08371835414370508 0
5.508903880595712 0.03967086674590257 0
5.26190905925321 -0.02030644477622898 0
2.768588468660635 -0.05737944241789368 0
5.7420830764869 0.08974294920032362 0
6.076656933725853 -0.03828101504606151 0
5.533347222652896 0.0882118350071296 0
6.614435169761825 -0.3494880237253535 0
5.694921773475916 0.09378200737726851 0
5.547041103131289 0.08950473497766986 0
5.779235549444117 0.0969433323884811 0
5.85701295315465 -0.01818883121463649 0
6.530935385652176 0.07710244754821947 0
5.018215136578672 -0.2138105295843417 0
4.701222183725219 -0.5778362311738905 0
4.218931407207638 -0.7991768543357205 0
3.981613849574055 -0.2520141385088099 0
5.373097661946839 0.08471004267543705 0
5.136293162182173 -0.07864391881591379 0
5.964195454646608 0.0955629878711973 0
4.980287117796425 -0.3538727565372193 0
5.23117641613852 -0.2747523649144314 0
5.719102611702177 0.09739005616065793 0
6.206055649792937 0.009024885886001911 0
5.680887724882588 -0.08723695583923868 0
3.051245692286122 -0.02291199756151605 0
4.667218560507147 -0.8260409562020092 0
5.415059069916504 -0.05240231547738122 0
5.319686077975366 -0.1559685536302928 0
3.691251238960942 -0.004583233490555599 0
1.497893144535817 -0.6568478861007292 0
5.100348966903542 0.02077572174559388 0
1.786827739744312 -0.1329118463143926 0
5.494765578862628 0.07971801490358736 0
5.929106557138874 0.09484752484969569 0
5.954038617250665 0.01926139694215617 0
4.67756186352448 -0.298235903761481 0
4.978676153533292 -0.08230869228551915 0
5.095961350520228 0.004302456458157534 0
5.625137633018635 0.09581476831065433 0
5.129891482758577 -0.2847416650749636 0
5.333311917537808 -0.1694865301529526 0
5.702323283228302 0.0939842220327177 0
4.987621934412223 -0.6796974020436851 0
6.122780427127916 0.006247796591390385 0
5.615265258835619 -0.002046979433064664 0
6.263050755029599 0.09326956259970112 0
5.507894864417331 0.05126190096908678 0
5.709980377868653 -0.1040421430148936 0
5.958825926509242 -0.04505461418141045 0
1.880884559312556 0.01885893778279094 0
5.93838167031665 0.06038222114133227 0
5.653467632940494 -0.01695845955281835 0
5.692853315833771 0.05628075675291919 0
5.21876738848785 -0.2371222096263647 0
2.302208834923428 -0.6242307306121155 0
3.926226809092443 -0.8563959235282427 0
5.551141714563615 0.09591043097274221 0
5.321316200157377 0.09218367375834047 0
1.092581551893752 -0.1394690685687605 0
5.51806041772644 0.09390975718749872 0
5.566901125248222 0.09675023021350793 0
6.305519935699413 0.05494739141724227 0
4.699751523291136 0.05136705951383401 0
4.102196695077951 0.01698729207037765 0
5.008796787989656 0.08510467989446513 0
4.832916941034371 0.03060440988838957 0
6.12694025642726 0.0514230328858061 0
5.954723836964975 0.0544718066996147 0
5.610263562074401 0.01741297684121894 0
5.629538720328166 0.06556475715677529 0
5.733961272401314 -0.004602313955505647 0
5.248502804231101 0.09208423619295214 0
5.680492646783219 0.09481137998603173 0
4.21110242714733 -0.04645172324692272 0
6.095623573190291 0.08645036914170939 0
5.575745250443223 0.06660614505340429 0
5.607667330442933 0.05719860104492926 0
4.052097430625532 -0.5391108839600569 0
5.861501956051796 0.09566705553628149 0
6.08921313583899 -0.02890673126713136 0
5.547385348558584 0.03974864911533633 0
3.947421655310797 -0.1636363430126126 0
0.1363114413137874 -0.7636520119938464 0
5.751552535855871 -0.2004940744108273 0
5.711446432673712 0.0975867406351788 0
5.245144790146292 -0.4332480379312844 0
5.528968465920281 -0.6900248670206622 0
5.629870216852581 0.05012481250727618 0
5.570811882944958 0.06488649718965847 0
5.448830328955507 -0.1639643412890294 0
5.67439805619955 0.05853428295387055 0
6.315552668132945 -0.1203915525440367 0
6.219359665859371 0.003513879408598432 0
5.955076844966517 0.08965425005764684 0
5.227240334296034 -0.4722623758121542 0
5.167457809847454 -0.6285531892145617 0
5.787612305807537 0.08309239429648069 0
5.559621366905651 0.0797182488545812 0
5.901890243653305 0.08330960179241752 0
5.93843082342127 0.09489701438918366 0
5.870782746768251 -0.6876585489466853 0
5.653433898013573 0.006433860345866253 0
6.477694740146251 0.06373264290649913 0
2.082984712054487 -0.5807811766119941 0
5.368373231522377 -0.5603750862625554 0
5.918949487629364 -0.3952272204631068 0
5.566044564651266 0.06393880748570249 0
6.340826218031403 -0.0005993068800844221 0
5.562890880435798 0.08424662360547162 0
5.662999538440078 0.04254536634682697 0
5.593628844908537 0.07981630468940602 0
4.587266676445326 0.04171604965396601 0
5.750469507076171 0.09303256482595405 0
6.056130050308846 0.05634085394151352 0
5.865840893832213 -0.1316854215513521 0
5.887036074649491 0.06288239416299921 0
5.803655392827721 0.02874598421955708 0
5.555999710180958 0.07908091801426594 0
6.366718907113646 0.0920961292587498 0
3.852093069256502 -0.1516097942944834 0
6.47731560609926 0.03827879858830245 0
6.149304591780044 -0.09570252683210917 0
5.921952747340727 -0.07555431561053634 0
5.588150630916795 0.09039390893292931 0
6.21294432644898 -0.02933330198174441 0
5.8198371924063 -0.08753764507309593 0
5.677752700151808 0.09447310635406538 0
5.698712979974067 0.05968277741709613 0
6.589508804816407 0.07567113334932091 0
4.413507106075689 -0.6692150226552495 0
5.288429460738572 -0.214538081519 0
6.053323386955023 -0.3449592204539587 0
5.334214372008572 0.04976932770343026 0
5.778436271019807 -0.6207339788325774 0
2.868184112314973 -0.04953877895511491 0
3.861096986562562 -0.6230707344822151 0
4.956011379710421 -0.6907076805329161 0
5.348636756376291 -0.5476882235129238 0
4.844505787212368 -0.2006781097478494 0
5.540215263876471 0.0379759955823497 0
5.014516080985691 -0.2400398793473153 0
5.63473450472767 0.08283183027672938 0
5.611381932306035 0.09579412628182431 0
5.552635927370213 0.01228288719261484 0
3.806902519406041 -0.1088506540857778 0
5.403421355744402 -0.8041415900491395 0
5.580662411956332 0.09668758940594557 0
5.548323748195362 0.08417040697524528 0
5.616977042429387 -0.1094217070783984 0
5.739624096306599 -0.09120920361362568 0
5.722939278726212 0.05013349726549753 0
5.490044236100973 -0.1381235316468508 0
4.505253915960859 -0.5967257235920953 0
2.928864384960001 -0.758612525706502 0
3.808777639656159 0.005730056441959733 0
5.260654323224927 0.07863151095445142 0
1.239719855555524 -0.1192984926250455 0
5.306391580244899 -0.0468658855116461 0
3.816434390124186 -0.7925112072884281 0
5.855015736928338 0.09058154002557434 0
5.403894368375907 -0.5508456397138974 0
6.147715247302322 0.08541453542945512 0
4.352377233462711 0.03605062619280269 0
5.443829300236655 -0.5344151783685808 0
5.527385162294754 0.04164808747664987 0
5.631973414008184 0.08134778161269082 0
5.896470642420994 0.01124818738106837 0
6.090201208328264 -0.4340163614337483 0
5.380555900532483 -0.1295016716507729 0
5.563175820678743 -0.8136438791222604 0
5.101908215909841 0.04861605588689087 0
5.093459793540005 -0.02697365971688118 0
5.425303703831991 -0.1279661479434183 0
5.494304140365492 -0.278792813350128 0
4.67009265425513 -0.5505586918018947 0
4.813598867456733 -0.03208695844814365 0
4.897375056543428 -0.560459486889806 0
5.521711335789284 -0.2283589574081515 0
5.53500966823768 0.04282771158431696 0
6.369447962444251 -0.1894967212436838 0
5.807549110707313 0.06509836803715462 0
4.891326806309046 -0.8406213728439931 0
6.601682950390376 -0.1378675518871885 0
5.649836122207796 0.09817172073238511 0
5.816228071622921 0.09229691975787208 0
5.480053947871132 0.02169110505413004 0
5.851190903784529 0.09662309543148767 0
5.204305755851588 0.07657701814138956 0
5.563400267265038 -0.01903972792513071 0
5.205636308362298 -0.4761751249571053 0
5.33189882989095 0.09247795603035022 0
5.456194956746868 0.0584630587815242 0
4.972933271277583 -0.3840364799357091 0
5.722525351270969 0.08362202401349136 0
5.491556694465521 0.08391592597888815 0
6.644873794564752 -0.0250491407314286 0
3.940474542392851 -0.2262204502644769 0
5.43590551267725 -0.1380106785126705 0
6.050838445076728 -0.4586004652092126 0
5.147968335931089 -0.610239533580083 0
5.348142998840768 -0.5105402481264426 0
5.411967775726843 -0.8613760675047213 0
5.467248076727437 -0.5273017525460575 0
5.097916351734009 -0.8453760700771135 0
6.32757950018478 0.07993653808159525 0
6.037092846778645 -0.6733684440987949 0
6.603871530501076 -0.001002067971990466 0
5.419321102134103 -0.8186385541940813 0
4.243002398793225 -0.06227645882810987 0
5.597197044121686 0.09642291565949906 0
6.223679571639039 -0.222509519593806 0
5.909489409934537 0.09535867659663017 0
5.943121024736023 -0.02272720072996358 0
6.164149957520603 -0.08265463869235862 0
5.691101389484571 -0.09491478327087945 0
6.205853899968913 0.07068631907604908 0
5.597138568647968 0.07069937628638946 0
6.517549177326561 0.05942178578831508 0
6.432471104379362 -0.06381446685349897 0
4.650385536547622 -0.273589683347499 0
5.898477942158666 0.09546383243564953 0
5.606478632201167 0.09639087380446122 0
5.787937018340362 0.07825827433567653 0
5.864859924504252 -0.2129326954774249 0
5.471291889939041 0.009386140100511186 0
5.77288113466936 0.01408384521126186 0
5.579549418430104 0.02602465096068783 0
5.487148716439398 -0.5429690317514194 0
5.612991165999681 -0.01105502685699692 0
5.845185083913056 -0.02314818887017662 0
6.655174563422445 0.08863231007621072 0
6.634303545639509 0.07671800034989172 0
5.383879402034509 -0.7885622601192034 0
4.820031603140024 -0.0777528514690405 0
4.03966975642388 -0.7990465695644702 0
6.102118032933841 0.08719097963278555 0
4.839023558944758 -0.2293418944640166 0
5.767440056144778 0.06525077015118756 0
5.1493250424953 -0.2768263853243034 0
5.648937635466943 0.06367247967222708 0
5.862849428247999 -0.7253045615966636 0
4.482107335409744 -0.5631234631747282 0
5.408418038467726 -0.00721627350503034 0
4.822810456621487 0.009189347508813426 0
5.248130384478223 -0.1186962263107326 0
5.961879460332272 0.001540660962577111 0
5.106662573215844 -0.06593937155904635 0
4.476601217549308 -0.2300020254887956 0
5.989229557685462 -0.01020320405156248 0
5.601540261427046 -0.1422046610873783 0
5.368971494996522 0.07669551775519266 0
5.975697439965191 -0.003850761845793528 0
5.30803877984007 -0.5093814986141294 0
5.92083434710772 -0.0910122223590058 0
5.071208326173557 -0.5340878231196136 0
5.390012810644362 -0.1078716859937147 0
6.153999279333189 0.05918460077919342 0
5.288000441437029 -0.2804284751838572 0
6.015136743457955 -0.07578048111281675 0
5.576690300115702 0.09667517606780211 0
1.702174246774714 -0.6949715320438818 0
5.842187149316354 0.07113875471950097 0
5.625803347949789 0.08215984854659161 0
5.605108137707066 -0.03324287326130418 0
5.629127550333569 0.08327142646590881 0
5.671976342749462 -0.6806225589146003 0
6.03550547057625 0.05096956712656273 0
0.6256662812532106 -0.6224321562946346 0
6.461918757231322 0.07867793108658654 0
4.919909321044264 -0.3729044692084517 0
5.124611111205568 -0.2165248146529258 0
5.594102028182986 0.07382309713610175 0
6.510036041652606 -0.1010295326101047 0
5.991415207826777 0.08856017325896225 0
5.604461250720942 0.09640729897511187 0
5.639806866855985 0.03326257986304338 0
4.628077692281851 0.00280888604042807 0
5.454033918672619 0.05217768855175152 0
5.947762566699828 -0.04395893067690354 0
5.931933838414282 0.05581029262326489 0
5.939463565999787 -0.8119292558727124 0
6.048622294956897 0.05959756965288766 0
5.750687768083941 -0.09916016325301037 0
5.574215728978609 0.08363413408402655 0
5.816134073545925 -0.01383663649763653 0
6.130062270434562 -0.1070947270351639 0
6.321877082287527 0.006458499501941146 0
5.364745530106553 -0.7723665282196496 0
5.165853211891459 -0.2913707682355569 0
5.136627258812307 -0.1377955698292092 0
5.47130507033812 0.09232893221678778 0
5.762896637668309 -0.09404203810036245 0
6.035581889108629 -0.0646285901374487 0
5.415609945826773 -0.840986286151338 0
5.626217808294654 -0.1173175698152748 0
6.084475244032424 -0.3633771566133795 0
6.164982142032844 0.06948605861070969 0
6.360129059762191 -0.007083842779412449 0
2.810044219656198 -0.5551504289074098 0
5.534252885673522 0.09499140169141732 0
5.270233388040881 -0.2648384274557607 0
5.836754274817977 -0.3986802787522527 0
4.730253708751684 0.0563839120879147 0
5.572704758028074 0.09689898980249925 0
5.561752220554222 0.02022179310877968 0
6.503365857971963 0.07754483440861526 0
3.157202388081572 -0.7506782237544412 0
5.28774237673927 -0.4969129534206131 0
5.647139063474041 0.09484935127724592 0
3.303778486816613 -0.08695764189164713 0
5.466201502293822 0.09191973584837983 0
4.440063582683822 0.04172094558143442 0
5.662152563536049 -0.0236595100361343 0
5.560717549608349 0.09654593465745269 0
5.793652427481624 0.09725006022621065 0
1.000127963768068 -0.5315279353432547 0
5.635001285197317 -0.1963944540077324 0
5.397656281239969 0.03683689828278285 0
5.546738067293354 -0.8706339688470648 0
5.808526089841148 -0.6419236257039496 0
5.117824516003312 -0.2453470683105063 0
3.845786122633076 -0.7101495736470215 0
5.585311113227443 0.0576481771348044 0
5.696436277551177 0.09095168860671843 0
5.488828888122605 0.08815160089121199 0
5.680513321412859 0.01008713601295673 0
6.557346323699869 0.07538779088158343 0
5.254613054995009 -0.2498098027163855 0
5.506267578085856 -0.5591093652099204 0
4.868938940510784 0.01035337557785205 0
5.837092798643308 -0.6306081482738386 0
5.675115406280685 0.08338632533815812 0
4.864553906397716 -0.5717752058176007 0
5.436761827288333 0.08975348525046062 0
5.877101544857095 0.09137897517420293 0
5.619519956830194 0.09618585340244559 0
5.304199665846559 -0.2932874426365567 0
5.522094012508212 0.09800051638436504 0
5.335950116581415 0.08568680978498926 0
3.329225070954361 0.04740538448993181 0
5.524005416913827 0.0781168563427139 0
4.923123945232332 -0.706963974335127 0
1.574477678491383 -0.1187164674756171 0
5.357031292771461 -0.8622353080796634 0
5.710929854061478 0.0287996797469071 0
5.464269674859148 0.08336460604825949 0
4.523130295236983 -0.2711998510265591 0
5.431769192573984 -0.5203630052749412 0
5.193323281477619 0.0457819751462632 0
5.269116056560917 0.0820105876243728 0
5.532853286625381 -0.2216989150644975 0
3.995705448784341 -0.5560545423910221 0
5.76349730404504 -0.03575793080758434 0
6.319050308546815 -0.70452006386681 0
5.526281570891639 0.09476160499144839 0
5.332107581025836 -0.03888645298271669 0
5.558142529490306 0.01055275871570205 0
5.536233658493671 -0.800334173467793 0
6.639361614379763 -0.2260392439260303 0
5.516885071196695 -0.03142159159432945 0
0.298126054141897 -0.008473821953915682 0
5.833453313781657 0.09127244911598359 0
4.150527430616726 0.02148641979252774 0
1.389458252539095 -0.6900448240431259 0
6.128929820024101 0.08625793737433401 0
5.532216219305492 -0.6655902204793195 0
5.673786476834461 0.05312423469193797 0
3.070082530261973 0.04253747371071409 0
6.254236670430033 -0.2400204859159736 0
6.292535537617361 0.002972249729162661 0
6.248782792451268 0.08401835768652334 0
5.551137616316346 0.07792950696842114 0
5.844068704531161 0.09200678116892562 0
6.089887539427847 -0.7222862329357009 0
5.85326986795796 0.02799314958743996 0
5.346070736222891 -0.7568044693615747 0
5.183535444032318 -0.4818469214241817 0
4.408999201204358 0.03821340094508783 0
6.051089334173901 -0.494796171944776 0
5.119632499512323 -0.07870774284764376 0
5.613517294607544 0.06018480659260621 0
5.646852810790904 0.03569563482783381 0
4.831474684466674 -0.0411508662722857 0
5.227990296483272 -0.2078881929336159 0
6.055541745783625 0.09530768619256845 0
5.894298783255469 0.06821668329143823 0
4.860501438922585 -0.2864094295590216 0
5.404097633311889 -0.03904439096402808 0
5.65882764547181 0.04181346914435535 0
5.479295610688363 0.092787250515079 0
5.625082950528627 0.05557184980586036 0
4.815353281758423 -0.838678482685009 0
5.999849483389852 0.03550006323940537 0
6.084539376860229 0.08779838198311499 0
5.664016816864496 0.09537473254271177 0
5.287089040507964 -0.4589100343294466 0
5.23568308128096 -0.835596922873364 0
5.569581190768341 0.08244744068929717 0
5.24111257927632 -0.009275270679300372 0
6.255851111096675 -0.5404959607973668 0
6.306223415229399 0.01262084839601733 0
4.492686348734203 -0.6914970908916986 0
5.550349312848464 -0.08943226419202246 0
5.402390313397992 -0.5336861281705394 0
5.129332244283087 0.0660280587647156 0
5.778091075791647 -0.03175607033761064 0
5.733031691561667 0.05542654188060221 0
6.29463025239404 0.05036559303640575 0
6.048411034472494 -0.01127653725307614 0
5.729026152007302 0.09433507886349393 0
6.402553663821077 -0.08912936130494994 0
5.824568692595877 0.05270844733802822 0
5.896619449546456 0.08011117227017761 0
5.663119854732409 -0.5171295800323243 0
5.637951862761515 0.09850886090288342 0
5.421684623854901 0.04510713933841114 0
4.918573151866752 -0.7369642802649983 0
5.617828771507486 0.06215680492288814 0
5.542832353110813 0.09601919296035095 0
5.584097907710467 -0.8085596076929569 0
5.842558512401986 0.05444362799378995 0
5.26748411124162 -0.446153589718436 0
5.834301544618983 -0.02845113239909513 0
2.015941405953045 -0.09797527704168582 0
5.80565760096065 -0.01651250833430435 0
5.738900004582131 -0.01064824279771581 0
5.547867048266959 0.02392813620312587 0
$EndNodes
$Elements
7 11468 1 11468
1 1 1 72
1 1 7 
2 7 8 
3 8 9 
4 9 10 
5 10 11 
6 11 12 
7 12 13 
8 13 14 
9 14 15 
10 15 16 
11 16 17 
12 17 18 
13 18 19 
14 19 20 
15 20 21 
16 21 22 
17 22 23 
18 23 24 
19 24 25 
20 25 26 
21 26 27 
22 27 28 
23 28 29 
24 29 30 
25 30 31 
26 31 32 
27 32 33 
28 33 34 
29 34 35 
30 35 36 
31 36 37 
32 37 38 
33 38 39 
34 39 40 
35 40 41 
36 41 42 
37 42 43 
38 43 44 
39 44 45 
40 45 46 
41 46 47 
42 47 48 
43 48 49 
44 49 50 
45 50 51 
46 51 52 
47 52 53 
48 53 54 
49 54 55 
50 55 56 
51 56 57 
52 57 58 
53 58 59 
54 59 60 
55 60 61 
56 61 62 
57 62 63 
58 63 64 
59 64 65 
60 65 66 
61 66 67 
62 67 68 
63 68 69 
64 69 70 
65 70 71 
66 71 72 
67 72 73 
68 73 74 
69 74 75 
70 75 76 
71 76 77 
72 77 2 
1 2 1 17
73 2 78 
74 78 79 
75 79 80 
76 80 81 
77 81 82 
78 82 83 
79 83 84 
80 84 85 
81 85 86 
82 86 87 
83 87 88 
84 88 89 
85 89 90 
86 90 91 
87 91 92 
88 92 93 
89 93 3 
1 3 1 16
90 3 94 
91 94 95 
92 95 96 
93 96 97 
94 97 98 
95 98 99 
96 99 100 
97 100 101 
98 101 102 
99 102 103 
100 103 104 
101 104 105 
102 105 106 
103 106 107 
104 107 108 
105 108 4 
1 4 1 164
106 4 109 
107 109 110 
108 110 111 
109 111 112 
110 112 113 
111 113 114 
112 114 115 
113 115 116 
114 116 117 
115 117 118 
116 118 119 
117 119 120 
118 120 121 
119 121 122 
120 122 123 
121 123 124 
122 124 125 
123 125 126 
124 126 127 
125 127 128 
126 128 129 
127 129 130 
128 130 131 
129 131 132 
130 132 133 
131 133 134 
132 134 135 
133 135 136 
134 136 137 
135 137 138 
136 138 139 
137 139 140 
138 140 141 
139 141 142 
140 142 143 
141 143 144 
142 144 145 
143 145 146 
144 146 147 
145 147 148 
146 148 149 
147 149 150 
148 150 151 
149 151 152 
150 152 153 
151 153 154 
152 154 155 
153 155 156 
154 156 157 
155 157 158 
156 158 159 
157 159 160 
158 160 161 
159 161 162 
160 162 163 
161 163 164 
162 164 165 
163 165 166 
164 166 167 
165 167 168 
166 168 169 
167 169 170 
168 170 171 
169 171 172 
170 172 173 
171 173 174 
172 174 175 
173 175 176 
174 176 177 
175 177 178 
176 178 179 
177 179 180 
178 180 181 
179 181 182 
180 182 183 
181 183 184 
182 184 185 
183 185 186 
184 186 187 
185 187 188 
186 188 189 
187 189 190 
188 190 191 
189 191 192 
190 192 193 
191 193 194 
192 194 195 
193 195 196 
194 196 197 
195 197 198 
196 198 199 
197 199 200 
198 200 201 
199 201 202 
200 202 203 
201 203 204 
202 204 205 
203 205 206 
204 206 207 
205 207 208 
206 208 209 
207 209 210 
208 210 211 
209 211 212 
210 212 213 
211 213 214 
212 214 215 
213 215 216 
214 216 217 
215 217 218 
216 218 219 
217 219 220 
218 220 221 
219 221 222 
220 222 223 
221 223 224 
222 224 225 
223 225 226 
224 226 227 
225 227 228 
226 228 229 
227 229 230 
228 230 231 
229 231 232 
230 232 233 
231 233 234 
232 234 235 
233 235 236 
234 236 237 
235 237 238 
236 238 239 
237 239 240 
238 240 241 
239 241 242 
240 242 243 
241 243 244 
242 244 245 
243 245 246 
244 246 247 
245 247 248 
246 248 249 
247 249 250 
248 250 251 
249 251 252 
250 252 253 
251 253 254 
252 254 255 
253 255 256 
254 256 257 
255 257 258 
256 258 259 
257 259 260 
258 260 261 
259 261 262 
260 262 263 
261 263 264 
262 264 265 
263 265 266 
264 266 267 
265 267 268 
266 268 269 
267 269 270 
268 270 271 
269 271 5 
1 5 1 130
270 5 272 
271 272 273 
272 273 274 
273 274 275 
274 275 276 
275 276 277 
276 277 278 
277 278 279 
278 279 280 
279 280 281 
280 281 282 
281 282 283 
282 283 284 
283 284 285 
284 285 286 
285 286 287 
286 287 288 
287 288 289 
288 289 290 
289 290 291 
290 291 292 
291 292 293 
292 293 294 
293 294 295 
294 295 296 
295 296 297 
296 297 298 
297 298 299 
298 299 300 
299 300 301 
300 301 302 
301 302 303 
302 303 304 
303 304 305 
304 305 306 
305 306 307 
306 307 308 
307 308 309 
308 309 310 
309 310 311 
310 311 312 
311 312 313 
312 313 314 
313 314 315 
314 315 316 
315 316 317 
316 317 318 
317 318 319 
318 319 320 
319 320 321 
320 321 322 
321 322 323 
322 323 324 
323 324 325 
324 325 326 
325 326 327 
326 327 328 
327 328 329 
328 329 330 
329 330 331 
330 331 332 
331 332 333 
332 333 334 
333 334 335 
334 335 336 
335 336 337 
336 337 338 
337 338 339 
338 339 340 
339 340 341 
340 341 342 
341 342 343 
342 343 344 
343 344 345 
344 345 346 
345 346 347 
346 347 348 
347 348 349 
348 349 350 
349 350 351 
350 351 352 
351 352 353 
352 353 354 
353 354 355 
354 355 356 
355 356 357 
356 357 358 
357 358 359 
358 359 360 
359 360 361 
360 361 362 
361 362 363 
362 363 364 
363 364 365 
364 365 366 
365 366 367 
366 367 368 
367 368 369 
368 369 370 
369 370 371 
370 371 372 
371 372 373 
372 373 374 
373 374 375 
374 375 376 
375 376 377 
376 377 378 
377 378 379 
378 379 380 
379 380 381 
380 381 382 
381 382 383 
382 383 384 
383 384 385 
384 385 386 
385 386 387 
386 387 388 
387 388 389 
388 389 390 
389 390 391 
390 391 392 
391 392 393 
392 393 394 
393 394 395 
394 395 396 
395 396 397 
396 397 398 
397 398 399 
398 399 400 
399 400 6 
1 6 1 5
400 6 401 
401 401 402 
402 402 403 
403 403 404 
404 404 1 
2 1 2 11064
405 839 3245 3954 
406 3598 486 5083 
407 3420 2169 5054 
408 2935 2428 3534 
409 3344 2581 4025 
410 3325 2044 4622 
411 3495 556 4918 
412 4118 3243 4119 
413 3013 2369 4120 
414 2768 3325 4622 
415 2194 3397 5370 
416 453 3902 4016 
417 4233 2355 4921 
418 3979 4253 4751 
419 2169 3420 5172 
420 4022 2383 4462 
421 3687 3147 4860 
422 808 806 3510 
423 2391 3450 4485 
424 3374 1895 4094 
425 2648 4231 5617 
426 3130 3707 3708 
427 3947 2723 4466 
428 3268 1293 4649 
429 4636 4014 4822 
430 2694 3226 4266 
431 3814 1269 4789 
432 3318 1982 3831 
433 3858 2467 5432 
434 2873 3230 3648 
435 3569 3568 5073 
436 2571 4128 4647 
437 2319 3395 3396 
438 2173 2172 5067 
439 3548 442 3550 
440 3176 504 4116 
441 3275 543 4216 
442 3955 4913 5148 
443 2875 3442 4226 
444 937 4627 5388 
445 3463 420 4560 
446 1131 1102 3557 
447 3104 3526 5049 
448 806 812 3510 
449 1160 1161 3926 
450 3670 2981 5126 
451 3309 2713 3310 
452 461 3888 4601 
453 2599 3487 3675 
454 1221 1224 3499 
455 3602 3620 4211 
456 3011 3280 5183 
457 1224 1332 3499 
458 3439 1987 4788 
459 3873 416 4337 
460 480 3477 3478 
461 504 3176 4330 
462 4137 1614 4880 
463 3245 839 3955 
464 2710 3799 4360 
465 3403 1583 3404 
466 4808 3149 4995 
467 2669 3445 4791 
468 169 170 4352 
469 3048 4848 4891 
470 4407 3160 4981 
471 438 3882 4822 
472 3413 3313 4681 
473 2261 4756 4983 
474 3816 2862 4657 
475 4449 3161 4450 
476 4599 2847 4787 
477 481 235 3944 
478 3239 2068 3241 
479 3420 3991 4944 
480 2172 3473 5067 
481 486 3598 4308 
482 3727 3728 5072 
483 3568 1765 5073 
484 3445 3054 4791 
485 4664 2577 4719 
486 1421 3269 4831 
487 2866 3962 3995 
488 3112 3477 4075 
489 851 3244 4494 
490 2923 4884 5051 
491 2428 2145 3534 
492 3130 3708 4300 
493 2138 3727 5072 
494 4469 4809 4905 
495 2194 2319 3397 
496 3079 3999 4418 
497 558 97 3185 
498 408 3718 4199 
499 408 3716 3718 
500 1432 3200 3840 
501 2713 3309 3980 
502 2774 3968 3970 
503 3496 2422 3840 
504 3759 3500 4627 
505 3152 2377 4935 
506 1539 2467 3858 
507 3171 3900 4942 
508 1088 3326 3861 
509 556 4097 4918 
510 3750 3749 4575 
511 2538 3451 4569 
512 543 3275 5235 
513 3740 4741 4900 
514 4627 3501 5388 
515 3267 2524 3389 
516 3442 2875 4802 
517 3902 453 5227 
518 3882 438 4155 
519 3436 103 3440 
520 2765 3221 4397 
521 1161 1196 3926 
522 3827 2555 4736 
523 3366 482 4180 
524 3102 4063 5038 
525 3200 1432 5008 
526 3329 2889 3331 
527 2905 4449 4450 
528 2130 3750 4575 
529 4558 3177 5437 
530 2615 3577 4264 
531 3420 1359 3991 
532 3378 1432 4365 
533 3278 541 5040 
534 4129 4527 4812 
535 4063 3776 5038 
536 2507 3933 4972 
537 3177 4558 4596 
538 2068 3239 3407 
539 3242 521 4142 
540 3581 3262 3937 
541 3913 3229 5204 
542 2319 3396 3397 
543 3226 2694 4289 
544 3134 2723 3947 
545 2445 3559 4481 
546 3799 2710 5222 
547 3160 3981 4981 
548 1293 3268 5088 
549 4231 4220 5617 
550 3536 2663 3552 
551 2689 4382 5439 
552 3555 1002 4780 
553 3986 4982 5205 
554 4025 2581 4715 
555 1337 3611 3910 
556 578 575 3375 
557 3988 3987 4775 
558 3666 1344 4695 
559 2689 2687 4382 
560 3656 415 4540 
561 3147 3687 4887 
562 3368 534 4227 
563 2926 3272 3421 
564 4612 3339 5054 
565 430 3224 4374 
566 551 3342 3393 
567 3224 430 5283 
568 3526 1600 5049 
569 3500 3501 4627 
570 2734 3254 3709 
571 3464 2214 4034 
572 3274 4205 4395 
573 3381 2290 3624 
574 4036 3360 4271 
575 2891 3964 4068 
576 3964 2749 4068 
577 4231 2648 5086 
578 4263 3113 4317 
579 1336 1331 3419 
580 2574 2027 3391 
581 835 839 3954 
582 3272 2926 4711 
583 3807 3804 3878 
584 4729 3211 5188 
585 315 316 4669 
586 1614 4342 4880 
587 3410 3412 4168 
588 1987 3439 5167 
589 2769 3476 3538 
590 4741 2282 4900 
591 4253 2176 4751 
592 3431 2247 3880 
593 3163 4618 4774 
594 3939 3364 4692 
595 4618 2090 4774 
596 2319 2320 3395 
597 3282 833 3388 
598 2663 2662 3552 
599 3457 3433 5175 
600 1432 1034 4365 
601 2333 3372 3374 
602 3857 3646 5207 
603 235 236 3944 
604 2599 3486 3487 
605 447 3308 4795 
606 1927 3857 5207 
607 3774 4538 5593 
608 3313 3413 3566 
609 686 688 4077 
610 3863 2164 4769 
611 3953 3008 4495 
612 2416 3103 4973 
613 3999 1387 4418 
614 459 3336 3688 
615 4185 1685 5563 
616 1623 1142 3704 
617 436 4162 4755 
618 2850 3561 3639 
619 3103 4625 4973 
620 2383 4022 4845 
621 1648 4036 4271 
622 2986 3863 4769 
623 3230 2873 4806 
624 3404 1583 3735 
625 3269 1421 3614 
626 2981 3670 5029 
627 2295 2889 3329 
628 4215 4776 5108 
629 3129 4300 5089 
630 3652 3654 3656 
631 3711 3091 5383 
632 4848 2129 4891 
633 2026 3297 3482 
634 4128 2836 4647 
635 3013 4120 4121 
636 3368 4227 5727 
637 4618 3163 5300 
638 480 3478 4978 
639 464 90 3415 
640 3316 483 5393 
641 1002 1004 4780 
642 3451 2696 4569 
643 4756 3426 4983 
644 3592 3594 3598 
645 4750 1245 5697 
646 4972 3933 5398 
647 4075 3477 5039 
648 3857 1599 4986 
649 3440 103 5504 
650 521 3242 4164 
651 4601 3888 5157 
652 3863 2986 4862 
653 482 3366 5114 
654 5226 5361 5436 
655 3772 2673 4712 
656 3069 3827 4736 
657 3420 4944 5172 
658 3647 1245 4750 
659 2660 4248 5542 
660 3518 4664 4719 
661 3884 4636 4822 
662 604 4618 5300 
663 3872 3873 4337 
664 2937 3683 5100 
665 1566 1564 4134 
666 2380 3691 3720 
667 4205 3274 5545 
668 2091 3213 4635 
669 4200 2573 4226 
670 3968 2774 4508 
671 2691 4759 4955 
672 3467 3091 3711 
673 4913 2121 5148 
674 4049 3087 4150 
675 3879 2697 4000 
676 2567 3913 5204 
677 3530 444 4577 
678 1053 1088 3861 
679 483 3316 3581 
680 2390 3525 3526 
681 1641 3304 4316 
682 4033 4135 5295 
683 3284 4599 4787 
684 3213 2091 5181 
685 2837 4031 4244 
686 871 835 3954 
687 3775 3772 4712 
688 3200 3496 3840 
689 4757 3659 4900 
690 3761 4148 4693 
691 4738 3011 5183 
692 569 571 3518 
693 4432 3402 4807 
694 2837 3512 4031 
695 3900 1644 4942 
696 4206 1866 4395 
697 3221 2765 4645 
698 688 693 4077 
699 3324 3863 4862 
700 4150 3087 4799 
701 1331 1359 3419 
702 2945 3692 5004 
703 3128 3305 5010 
704 1685 4185 4513 
705 963 3516 3517 
706 483 3581 3937 
707 1687 2571 3481 
708 470 4121 5213 
709 1833 3839 5069 
710 4121 470 4967 
711 3328 534 3368 
712 2578 3458 3459 
713 3987 2299 4775 
714 2455 2923 5051 
715 3149 3148 4995 
716 3577 2615 5396 
717 3774 3233 4538 
718 2041 1931 3462 
719 470 3208 4967 
720 670 3293 4813 
721 4110 3017 4293 
722 3726 763 4617 
723 4719 3732 5476 
724 3798 3002 3799 
725 3133 4727 5139 
726 3611 1337 4784 
727 3985 3768 4982 
728 833 3282 3694 
729 2247 3431 5456 
730 3205 4033 5295 
731 3056 5176 5339 
732 2702 3945 3946 
733 1269 1261 4789 
734 3994 3562 5269 
735 3402 3401 4807 
736 3259 3976 4391 
737 2205 2572 3566 
738 1936 2055 3490 
739 3794 4663 4932 
740 3592 3598 5083 
741 2825 3055 3901 
742 3411 2310 3412 
743 3678 515 3699 
744 3452 4232 5196 
745 2932 2850 3639 
746 2228 4729 5188 
747 1421 1405 3614 
748 4055 4056 4753 
749 1866 4206 4394 
750 2209 2310 3411 
751 3398 550 4932 
752 2516 3323 5096 
753 4056 3094 4753 
754 3621 3084 3622 
755 2594 2592 3421 
756 2697 3879 5385 
757 2948 3381 3624 
758 3243 4118 5453 
759 3962 2866 5006 
760 3369 3370 4746 
761 3516 963 3518 
762 3117 3520 3572 
763 1939 1941 5034 
764 3893 439 3896 
765 3310 2713 5277 
766 3986 3985 4982 
767 3293 670 5348 
768 871 3954 5477 
769 3423 3320 4203 
770 583 4629 5231 
771 1179 3869 4873 
772 585 583 5231 
773 3208 470 5234 
774 735 4110 4293 
775 5010 3305 5667 
776 541 3278 4843 
777 2377 3152 5281 
778 3562 2456 5269 
779 3768 3985 3992 
780 2766 4972 4977 
781 4678 3611 4784 
782 1559 1131 3557 
783 3901 3055 3902 
784 763 3726 4405 
785 3366 3364 3939 
786 3326 1088 5606 
787 2521 2596 3906 
788 3450 3256 4485 
789 1624 2456 3562 
790 4268 406 4714 
791 444 3530 5577 
792 3434 3649 5175 
793 71 429 3695 
794 4177 3848 5698 
795 2670 3285 4362 
796 2590 2041 3462 
797 1141 1624 3562 
798 3199 3876 3877 
799 3342 551 3394 
800 3930 2913 4640 
801 2005 3733 3797 
802 4213 2355 4233 
803 3559 3560 4481 
804 2392 1656 3418 
805 4130 4398 4796 
806 3842 3286 4038 
807 4035 3582 4840 
808 3813 3807 3878 
809 3799 3002 4872 
810 3723 3625 3725 
811 1405 1407 3614 
812 2333 3374 3375 
813 2213 2297 3408 
814 1930 2736 3340 
815 1600 562 3466 
816 1863 1861 3880 
817 1650 3728 4133 
818 1910 4035 4840 
819 3199 3877 5497 
820 3218 4393 5365 
821 1037 4702 5501 
822 534 3328 4246 
823 3309 3400 3980 
824 3220 3408 3409 
825 1549 4760 5030 
826 3220 3409 4034 
827 2935 3534 3613 
828 3632 3047 3633 
829 3789 2190 5716 
830 3292 3033 4284 
831 2660 3557 4248 
832 4268 4714 5451 
833 3826 3857 4986 
834 2546 3842 4038 
835 2203 5276 5461 
836 2649 3503 4855 
837 3178 4261 5074 
838 3410 3411 3412 
839 4632 4633 4711 
840 575 574 3375 
841 2734 3709 4730 
842 4659 3579 4660 
843 3038 3865 5236 
844 4197 2776 4484 
845 3377 2497 3978 
846 3159 3158 5208 
847 3049 4743 4845 
848 2578 3459 3533 
849 4972 3927 4977 
850 464 4261 5029 
851 4702 4027 5501 
852 937 935 4627 
853 3218 3220 4393 
854 4861 3506 4963 
855 3978 2997 5621 
856 2516 5096 5261 
857 2574 3391 3392 
858 3147 4887 5095 
859 3439 3764 4916 
860 4947 2446 5074 
861 3715 3762 4841 
862 3117 3572 5361 
863 1674 3588 4482 
864 4261 464 5074 
865 1897 2240 3653 
866 3408 2297 3409 
867 3400 2522 3980 
868 3608 2732 5109 
869 535 3897 3898 
870 3297 2026 3481 
871 3532 4130 4796 
872 2687 2686 5273 
873 4229 542 5402 
874 5177 2603 5252 
875 3335 2164 3565 
876 420 3463 4561 
877 3435 512 4011 
878 4809 4260 4905 
879 3895 3896 4175 
880 3478 5177 5252 
881 3816 4657 4879 
882 4023 3849 4024 
883 3389 2524 3551 
884 4148 2752 4693 
885 2528 2529 4317 
886 994 4861 4963 
887 521 4164 4953 
888 3839 1833 5168 
889 3394 428 5513 
890 3105 4920 4949 
891 2497 2997 3978 
892 2888 2257 4894 
893 3405 2502 3475 
894 4378 4040 4933 
895 3276 3519 3712 
896 3337 1933 3339 
897 456 3452 4231 
898 4760 1549 5575 
899 3859 315 4669 
900 735 566 3524 
901 2795 2794 3925 
902 3244 3241 3730 
903 3529 549 5245 
904 2920 4124 4230 
905 3304 1641 4317 
906 3557 1102 4248 
907 1365 1679 3612 
908 1642 3500 3759 
909 1269 3814 4879 
910 3588 1674 4104 
911 2282 4757 4900 
912 1933 3337 3462 
913 4070 4683 5100 
914 3272 2594 3421 
915 1895 3374 5253 
916 3305 466 5667 
917 3185 97 5315 
918 96 97 558 
919 1607 3600 4270 
920 550 3398 4614 
921 434 3469 5022 
922 484 3367 3820 
923 2247 1863 3880 
924 3652 3653 3654 
925 1575 1117 4474 
926 3839 2500 4825 
927 3271 2691 4955 
928 1855 2734 4730 
929 3591 4280 4305 
930 3497 489 4758 
931 3340 2736 3341 
932 4995 3148 5216 
933 4210 3622 4291 
934 3652 3656 4540 
935 4164 3737 4953 
936 3954 3320 5477 
937 3945 407 3946 
938 3262 3581 3582 
939 2685 3953 4495 
940 4744 4997 5384 
941 3692 2945 5291 
942 428 3394 4924 
943 3523 2563 3993 
944 4747 3909 4881 
945 1179 1180 3869 
946 3848 4177 5599 
947 2371 4117 4118 
948 106 557 3649 
949 4166 2942 4993 
950 3450 2391 4812 
951 3244 4361 4494 
952 3730 3762 4361 
953 1964 1966 3564 
954 3054 3445 4257 
955 1105 3672 4584 
956 4154 2888 4894 
957 424 3303 5464 
958 4864 3657 4950 
959 3320 2434 4203 
960 2320 2526 3395 
961 3241 3564 3730 
962 3298 3301 3482 
963 2942 4166 5302 
964 3593 1907 3594 
965 3555 3106 5135 
966 435 83 3556 
967 3184 3972 5462 
968 2980 5090 5479 
969 1854 2034 4359 
970 4261 2981 5029 
971 3369 4746 5057 
972 3612 3611 4678 
973 1936 3490 3491 
974 3032 3429 4670 
975 3113 4263 5449 
976 3707 3130 4157 
977 3649 3434 3940 
978 3254 2734 5251 
979 1685 4513 4888 
980 1191 2824 3998 
981 2521 3906 3907 
982 3849 3846 3851 
983 4238 1939 5034 
984 2519 2517 3844 
985 2502 3405 3474 
986 3906 2596 4615 
987 3865 3038 5254 
988 433 3599 3601 
989 3047 3452 5196 
990 2479 3583 3584 
991 3388 833 5335 
992 608 4310 4869 
993 4746 4215 5108 
994 3336 2970 5116 
995 3346 3077 5286 
996 4058 2664 4349 
997 4375 3088 4801 
998 699 580 4094 
999 3238 3463 4560 
1000 2479 3584 4610 
1001 2695 3647 4750 
1002 3998 2824 4440 
1003 70 71 3695 
1004 3785 3784 3786 
1005 3341 3420 5054 
1006 3943 407 3945 
1007 2371 1977 4117 
1008 508 3401 4616 
1009 86 447 4795 
1010 3158 3159 5436 
1011 4663 3399 4932 
1012 531 3895 4175 
1013 1378 3673 4073 
1014 3375 3374 4094 
1015 4997 1555 5384 
1016 1853 1907 3593 
1017 2788 3988 4775 
1018 2573 2875 4226 
1019 2930 3929 4919 
1020 1982 3318 4412 
1021 2970 3336 4740 
1022 2578 2112 3458 
1023 2189 2190 3789 
1024 583 581 5159 
1025 2556 2558 3565 
1026 1142 1144 3704 
1027 1988 4619 5480 
1028 4316 3304 4554 
1029 1610 1880 4243 
1030 4550 2763 4634 
1031 3481 2571 4647 
1032 2599 2204 3486 
1033 3132 4233 4921 
1034 2369 2371 4120 
1035 3391 2027 3554 
1036 3625 3723 3922 
1037 2521 3907 3909 
1038 2499 808 3510 
1039 3737 3096 5102 
1040 3327 1559 3557 
1041 3549 3548 3550 
1042 3531 4631 5557 
1043 4497 1105 4584 
1044 1496 1499 3508 
1045 3303 424 5380 
1046 1564 1683 4134 
1047 3620 3623 4211 
1048 4920 466 4949 
1049 3129 3130 4300 
1050 3336 459 4740 
1051 170 442 4352 
1052 451 3343 4204 
1053 4556 968 5310 
1054 735 3524 3525 
1055 102 103 3436 
1056 1467 4995 5216 
1057 2572 3313 3566 
1058 963 569 3518 
1059 5276 3203 5461 
1060 4887 1504 5095 
1061 3405 3475 3568 
1062 3780 2503 3930 
1063 1662 3323 5486 
1064 2122 2077 3606 
1065 4921 2725 5149 
1066 3443 1764 3671 
1067 3656 3657 4864 
1068 693 4076 4077 
1069 3931 3930 4640 
1070 3666 4695 4736 
1071 3942 4428 4974 
1072 3512 2100 5036 
1073 2980 4492 5090 
1074 3285 2670 4392 
1075 454 3898 5644 
1076 1351 1352 4198 
1077 578 3375 4094 
1078 3790 3786 4339 
1079 4680 1179 4873 
1080 3514 4719 5476 
1081 4163 3190 5090 
1082 3654 3655 3657 
1083 4513 4182 4888 
1084 4202 2633 4713 
1085 3463 2672 4561 
1086 4120 520 4121 
1087 3510 812 5101 
1088 3297 3298 3482 
1089 1559 3327 3912 
1090 4213 3131 5089 
1091 2702 3946 5617 
1092 921 924 3735 
1093 761 763 4405 
1094 871 3424 5564 
1095 1225 1423 3609 
1096 3077 3346 5382 
1097 3055 2658 4020 
1098 4619 1988 5118 
1099 2026 1687 3481 
1100 1954 4349 5044 
1101 3919 2602 4668 
1102 4078 436 4755 
1103 4943 3666 5425 
1104 4360 3799 4872 
1105 2971 2956 3549 
1106 1807 1805 4099 
1107 1653 3815 4837 
1108 2581 3344 4222 
1109 1429 3426 3685 
1110 2785 3696 3697 
1111 3925 1160 3926 
1112 487 3623 4210 
1113 3409 3464 4034 
1114 2558 3335 3565 
1115 3284 4787 5293 
1116 3405 2096 3474 
1117 90 91 3415 
1118 4339 422 5679 
1119 3085 4302 4319 
1120 477 4747 4881 
1121 1538 1539 4748 
1122 465 3737 5102 
1123 3613 4328 5681 
1124 4361 3762 4892 
1125 107 108 3447 
1126 3728 1650 4134 
1127 466 3305 4949 
1128 3453 537 5316 
1129 2273 3084 3621 
1130 1764 3443 4745 
1131 1185 3833 4557 
1132 2290 3381 3625 
1133 1972 2380 3720 
1134 2799 2795 3925 
1135 1323 2550 3572 
1136 1241 1283 3701 
1137 3961 3887 5524 
1138 3715 3714 4456 
1139 3704 3703 3705 
1140 1336 3419 3758 
1141 4309 4635 4688 
1142 1527 1532 3504 
1143 4787 3643 5293 
1144 4195 1351 4197 
1145 4364 3608 5109 
1146 2525 3091 3467 
1147 3433 3434 5175 
1148 3323 1662 5096 
1149 1278 1323 3572 
1150 3892 3853 5179 
1151 3660 774 3661 
1152 2164 3335 4769 
1153 457 3965 4292 
1154 4310 2946 4869 
1155 95 503 3502 
1156 773 1434 3661 
1157 2794 3924 3925 
1158 3930 2503 5424 
1159 1432 3378 5008 
1160 1280 4375 4801 
1161 3294 3702 4537 
1162 3686 3687 4473 
1163 2169 4612 5054 
1164 3715 4456 4892 
1165 5219 4345 5524 
1166 1475 1533 3684 
1167 100 5010 5667 
1168 1539 3858 4748 
1169 3382 2920 4230 
1170 2009 3332 3703 
1171 4243 1880 5005 
1172 3797 3733 4729 
1173 3988 2788 3989 
1174 4629 583 5159 
1175 3701 1283 3702 
1176 3960 4423 5055 
1177 4186 4187 5105 
1178 5105 4187 5189 
1179 3425 2499 3509 
1180 1289 3386 5046 
1181 4119 3243 5151 
1182 3685 3426 4756 
1183 3870 3868 4979 
1184 3232 4556 5310 
1185 2596 2519 3844 
1186 1921 1922 4233 
1187 3466 3105 5049 
1188 4382 2687 5273 
1189 2644 3047 3632 
1190 1579 3382 4230 
1191 3833 3832 4557 
1192 3653 2240 3654 
1193 3767 2168 4982 
1194 562 560 3466 
1195 4092 3384 5394 
1196 3795 4229 5402 
1197 2497 3377 3977 
1198 3437 3439 4916 
1199 2971 3549 3550 
1200 3508 1499 5680 
1201 3027 3839 4825 
1202 3522 3523 3993 
1203 3009 3011 4738 
1204 3525 2390 4109 
1205 1679 1682 3612 
1206 4764 4138 4880 
1207 427 4360 4872 
1208 448 3947 4466 
1209 1856 931 3406 
1210 4130 4129 4812 
1211 3675 3487 5568 
1212 3226 4289 4478 
1213 3214 4507 4935 
1214 4043 4394 5247 
1215 3849 3851 5633 
1216 559 2028 4013 
1217 3507 1498 3508 
1218 3929 1276 4919 
1219 2961 169 4352 
1220 4292 3965 5316 
1221 703 4316 4554 
1222 758 834 3771 
1223 3424 871 5477 
1224 3687 2704 4473 
1225 4359 4213 5089 
1226 3972 495 5462 
1227 1772 3231 5575 
1228 503 96 558 
1229 3860 3715 4841 
1230 3704 3705 5080 
1231 2251 3870 4979 
1232 4198 1352 5720 
1233 1119 5023 5091 
1234 2763 4041 4634 
1235 3790 4339 5679 
1236 3785 3786 3790 
1237 3774 756 5731 
1238 4631 2865 5557 
1239 3555 5135 5433 
1240 4349 3053 5044 
1241 2523 3266 3583 
1242 3067 3278 5040 
1243 4815 3172 4908 
1244 3592 3593 3594 
1245 2044 3325 5556 
1246 1895 699 4094 
1247 2776 4197 4198 
1248 3824 2454 5406 
1249 1899 1897 3653 
1250 439 3893 3917 
1251 3898 3627 5644 
1252 3815 1653 3818 
1253 1110 1610 4939 
1254 1093 1091 5345 
1255 4507 3214 5245 
1256 4210 4291 5193 
1257 1966 2366 3564 
1258 4235 2480 4274 
1259 3033 3292 5352 
1260 1421 4831 5376 
1261 565 567 4341 
1262 105 106 3649 
1263 430 4374 5047 
1264 1093 4870 4954 
1265 3951 2661 4689 
1266 3771 834 3772 
1267 4024 3849 5633 
1268 3280 3011 5528 
1269 4289 960 4478 
1270 4432 435 4574 
1271 3823 1489 3824 
1272 535 3898 5214 
1273 3657 3655 5642 
1274 3 94 4754 
1275 1656 1595 3418 
1276 4683 2937 5100 
1277 3623 487 4211 
1278 3926 1196 3927 
1279 1177 4680 5558 
1280 5361 2550 5436 
1281 1516 3866 4380 
1282 529 314 3859 
1283 4394 4206 5247 
1284 3290 5082 5198 
1285 1177 1179 4680 
1286 776 774 3660 
1287 3521 1439 3694 
1288 4527 3450 4812 
1289 4727 1582 5139 
1290 2299 3987 5586 
1291 1007 3522 3993 
1292 3769 3775 5714 
1293 3666 3664 5425 
1294 5111 3919 5190 
1295 3579 4659 5726 
1296 4014 438 4822 
1297 4528 3016 5028 
1298 429 3939 4692 
1299 4300 1953 5089 
1300 1931 1933 3462 
1301 530 3585 4173 
1302 3465 812 4623 
1303 3319 463 5163 
1304 2026 3482 3484 
1305 2499 3425 3825 
1306 2008 2295 3329 
1307 451 4204 4464 
1308 2380 3690 3691 
1309 3783 3784 3785 
1310 3556 3919 4668 
1311 3377 3978 4242 
1312 3622 3084 5143 
1313 3683 2937 5450 
1314 3529 3530 4577 
1315 3976 1918 4391 
1316 566 564 3524 
1317 3511 3510 5101 
1318 1977 1697 4846 
1319 5023 3252 5091 
1320 1688 4378 4933 
1321 3558 1429 3685 
1322 5082 473 5198 
1323 2874 2520 3909 
1324 3190 3189 5090 
1325 1400 3489 4839 
1326 809 1887 3877 
1327 833 3855 5335 
1328 4244 4071 4443 
1329 1209 789 3977 
1330 3009 4738 4923 
1331 3132 1921 4233 
1332 2207 2205 3566 
1333 1324 1378 4074 
1334 3849 4023 5698 
1335 2422 3496 3841 
1336 464 3415 5074 
1337 2823 4548 4862 
1338 3456 1813 4844 
1339 2713 2271 4487 
1340 1105 1093 4954 
1341 3210 4714 5530 
1342 3029 3800 4531 
1343 3745 1332 5171 
1344 3538 3476 5664 
1345 3673 2984 4073 
1346 91 553 3415 
1347 2424 2888 3454 
1348 3016 3886 5028 
1349 3508 3431 3880 
1350 3552 2662 4511 
1351 3499 1332 5377 
1352 5271 3638 5368 
1353 2548 4160 4161 
1354 83 84 3556 
1355 1708 1380 3931 
1356 3720 3691 5634 
1357 3344 1993 3763 
1358 830 4632 4711 
1359 3979 2718 4253 
1360 3225 3951 4689 
1361 3804 3803 3878 
1362 3241 2068 3564 
1363 2122 3606 5407 
1364 2204 2002 3486 
1365 536 3721 5347 
1366 963 3517 4341 
1367 4947 553 5662 
1368 2843 4056 4057 
1369 2181 3887 3961 
1370 3725 3625 3921 
1371 2792 2538 4569 
1372 3572 2550 5361 
1373 2190 2193 5716 
1374 3761 766 4148 
1375 1486 1489 3823 
1376 3655 3891 3895 
1377 2145 2578 3534 
1378 559 558 560 
1379 725 3738 5567 
1380 3524 1600 3526 
1381 314 315 3859 
1382 4471 4469 4905 
1383 839 840 3955 
1384 3779 4174 4798 
1385 2792 3455 4101 
1386 4041 2763 4696 
1387 3568 3475 5306 
1388 693 3963 4076 
1389 409 3314 4863 
1390 2471 2523 3583 
1391 4174 3639 4798 
1392 1593 1591 4096 
1393 1348 1351 4195 
1394 725 723 3738 
1395 423 78 3903 
1396 3879 3580 5385 
1397 3992 1308 4542 
1398 4635 3213 4688 
1399 3397 3396 3398 
1400 4871 4045 4980 
1401 4776 3719 5108 
1402 1650 1566 4134 
1403 4008 3829 5572 
1404 3893 3892 5179 
1405 3367 484 5285 
1406 3585 2988 4173 
1407 4312 2761 5444 
1408 3599 433 5318 
1409 4454 4202 4713 
1410 3343 451 4457 
1411 3231 1772 5590 
1412 3896 439 4175 
1413 414 3390 4363 
1414 3320 3423 5477 
1415 3512 2768 4622 
1416 1457 4808 4995 
1417 3492 516 3493 
1418 2031 3441 3932 
1419 3421 2592 3662 
1420 2392 3418 5565 
1421 2168 3767 4966 
1422 3604 3497 4758 
1423 4022 4462 4728 
1424 3471 67 5145 
1425 3390 414 4989 
1426 3469 3470 5022 
1427 2231 2814 3756 
1428 2448 3160 3547 
1429 2068 1964 3564 
1430 964 4815 4908 
1431 2872 5111 5190 
1432 4190 4797 5121 
1433 3633 3047 5196 
1434 2534 2446 4947 
1435 3113 2528 4317 
1436 3661 1434 3740 
1437 3448 2932 4174 
1438 3769 3771 3775 
1439 3742 1575 4474 
1440 421 3634 5180 
1441 3630 2639 3631 
1442 714 724 3714 
1443 4374 3190 5047 
1444 1285 1289 5046 
1445 3370 3368 5727 
1446 3401 2985 4616 
1447 5403 4092 5498 
1448 5191 1660 5233 
1449 3900 3171 5422 
1450 840 843 3955 
1451 2193 2194 5370 
1452 3088 3778 4286 
1453 3314 409 5350 
1454 2406 3635 3637 
1455 491 3794 4613 
1456 2713 4487 5277 
1457 2759 2761 4312 
1458 67 3471 5289 
1459 4234 2480 4235 
1460 2266 2213 3408 
1461 4162 4160 4755 
1462 2935 3613 5681 
1463 4204 3585 4464 
1464 1332 3745 5377 
1465 1026 1053 3861 
1466 3339 3340 5054 
1467 4036 5191 5233 
1468 5016 4384 5670 
1469 3222 4008 5572 
1470 503 558 559 
1471 3505 570 4293 
1472 3633 2641 4275 
1473 3245 3955 5148 
1474 1317 1324 4074 
1475 3144 3961 5524 
1476 3608 1357 5533 
1477 2658 2851 4020 
1478 1428 1429 3558 
1479 3855 822 4969 
1480 2393 2649 4855 
1481 436 4078 4936 
1482 3452 456 4232 
1483 2211 2209 3411 
1484 1554 3553 4188 
1485 2837 4244 4443 
1486 1583 921 3735 
1487 1887 2015 3877 
1488 1773 2009 3703 
1489 2359 3604 3605 
1490 1117 1052 4474 
1491 2112 1934 3458 
1492 3891 3655 3894 
1493 1407 1418 3614 
1494 3591 4305 5104 
1495 3721 3629 5347 
1496 718 712 4486 
1497 496 3532 4489 
1498 1180 1183 3869 
1499 5116 4379 5141 
1500 2636 2639 3630 
1501 1596 1593 4096 
1502 1007 1008 3522 
1503 3422 2586 5149 
1504 1603 1606 3708 
1505 2536 2792 3669 
1506 3628 2635 3629 
1507 1197 3663 3706 
1508 1293 3838 4649 
1509 3214 3529 5245 
1510 1183 3867 3868 
1511 3889 2161 3892 
1512 756 755 5731 
1513 2586 3422 5312 
1514 1009 1642 3759 
1515 481 3944 5031 
1516 2640 2644 3632 
1517 3502 503 4013 
1518 3667 2535 3668 
1519 1183 3868 3869 
1520 3616 1020 3617 
1521 3865 3864 5036 
1522 2380 3689 3690 
1523 2612 4194 4196 
1524 2306 2732 3607 
1525 503 559 4013 
1526 3441 2031 4226 
1527 4092 1040 5498 
1528 2672 3143 4561 
1529 3768 3992 4542 
1530 440 4384 5016 
1531 3603 410 4372 
1532 3699 515 5364 
1533 2020 5106 5194 
1534 1605 1607 4270 
1535 2093 2273 3621 
1536 3550 442 4965 
1537 3852 2161 4488 
1538 2003 3752 5455 
1539 3530 2542 3914 
1540 2556 3565 4152 
1541 3003 3002 3798 
1542 3819 2530 3878 
1543 3630 3631 3634 
1544 524 4799 5152 
1545 3733 2005 4413 
1546 1472 1475 3684 
1547 561 560 562 
1548 2090 3644 3645 
1549 599 2090 4618 
1550 3412 2310 3413 
1551 3927 1196 4977 
1552 2398 3072 3689 
1553 3773 3774 5593 
1554 1805 1936 4099 
1555 537 3453 4294 
1556 1584 4625 4877 
1557 3446 1582 4727 
1558 4053 2811 5005 
1559 3682 1471 3683 
1560 432 217 4139 
1561 3567 1269 4879 
1562 1086 1141 3562 
1563 2969 3057 3873 
1564 563 562 564 
1565 2034 2355 4359 
1566 463 3319 5323 
1567 3262 3582 5184 
1568 3683 3684 5100 
1569 1482 3029 3615 
1570 1623 3704 5080 
1571 3062 3855 4969 
1572 3846 3845 3851 
1573 520 4120 5337 
1574 3583 3266 3584 
1575 3433 3457 5064 
1576 3971 495 3972 
1577 3815 3808 3817 
1578 3675 458 4279 
1579 589 3054 4257 
1580 3609 1423 4264 
1581 318 5366 5499 
1582 1498 1496 3508 
1583 4870 1093 5345 
1584 3409 2297 3410 
1585 411 4177 5698 
1586 3105 3466 4920 
1587 4665 5269 5281 
1588 654 2886 3644 
1589 3308 447 4806 
1590 2492 2635 3628 
1591 4369 4579 5215 
1592 2785 2481 3696 
1593 524 4150 4799 
1594 3162 2660 5542 
1595 3600 1607 5531 
1596 1423 1223 3698 
1597 1512 1498 3507 
1598 4030 2315 4416 
1599 3830 4058 4349 
1600 446 3729 5232 
1601 574 2333 3375 
1602 560 3185 3466 
1603 3626 3627 3898 
1604 567 963 4341 
1605 3438 3436 3440 
1606 4117 1977 4846 
1607 3526 3104 4970 
1608 5176 3427 5339 
1609 2460 2535 3667 
1610 516 3492 4344 
1611 1502 4254 4502 
1612 3331 2889 4565 
1613 1933 1930 3340 
1614 4197 4484 5489 
1615 3876 3199 4605 
1616 78 79 3903 
1617 2271 2272 4343 
1618 3656 3654 3657 
1619 1904 1770 3932 
1620 3402 4432 4574 
1621 2592 2591 3662 
1622 3532 496 4130 
1623 4031 3512 5036 
1624 3636 479 5368 
1625 3831 1982 5314 
1626 2220 3783 3785 
1627 2354 5154 5155 
1628 3134 3947 4899 
1629 2956 2958 3549 
1630 3607 2732 3608 
1631 2889 2457 3177 
1632 4187 4185 5563 
1633 3535 188 5387 
1634 3628 3629 3721 
1635 4944 2314 5172 
1636 3803 1253 3819 
1637 3276 3712 5235 
1638 3377 1209 3977 
1639 3319 3049 4845 
1640 742 860 5230 
1641 924 978 3735 
1642 3767 3766 4805 
1643 4873 5098 5603 
1644 2522 3400 4637 
1645 3244 851 5562 
1646 3437 3436 3438 
1647 2442 4871 4980 
1648 3935 4004 5192 
1649 3620 3602 5092 
1650 4994 1416 5050 
1651 2072 3827 4068 
1652 3344 3763 4222 
1653 3669 2792 4101 
1654 417 3904 4669 
1655 1425 2503 3780 
1656 1464 1471 3682 
1657 4362 1763 4705 
1658 4197 1351 4198 
1659 4884 2838 5051 
1660 3703 3332 3705 
1661 3615 3029 3837 
1662 4472 1734 5065 
1663 1368 1356 3758 
1664 1529 1527 3504 
1665 3854 529 3859 
1666 3022 2707 3802 
1667 1394 1400 4839 
1668 3336 3060 3688 
1669 3267 3389 5084 
1670 2104 2054 3746 
1671 1034 1051 4365 
1672 3474 2096 3558 
1673 565 564 566 
1674 489 3497 5342 
1675 4138 4764 4765 
1676 1430 5012 5319 
1677 4235 3168 4610 
1678 1291 4113 4553 
1679 188 3535 5274 
1680 3452 2698 4231 
1681 1610 4243 4939 
1682 1380 1382 3931 
1683 415 3656 4864 
1684 3523 2793 3710 
1685 1436 1621 3740 
1686 3635 2884 3636 
1687 3223 4994 5050 
1688 1682 3610 3612 
1689 4428 3942 5162 
1690 93 3 4754 
1691 3658 779 3659 
1692 873 761 4405 
1693 1641 4263 4317 
1694 491 3793 3794 
1695 5413 3187 5446 
1696 3651 1899 3653 
1697 3188 3187 5413 
1698 2785 3697 4714 
1699 1359 1329 3991 
1700 4700 4193 4749 
1701 3644 2886 3645 
1702 774 773 3661 
1703 1583 3403 5637 
1704 3412 3414 4168 
1705 4345 3144 5524 
1706 3442 3441 4226 
1707 95 96 503 
1708 1860 1781 3748 
1709 2009 2008 3329 
1710 1172 1175 3706 
1711 5091 3252 5129 
1712 2009 3329 3330 
1713 1813 1570 4844 
1714 1766 4550 4634 
1715 559 560 561 
1716 3956 4362 4705 
1717 5012 3451 5319 
1718 3756 2814 4375 
1719 3748 1781 3749 
1720 2060 3970 4082 
1721 3257 3367 4301 
1722 3947 52 4899 
1723 3482 3301 3483 
1724 812 804 4623 
1725 1770 2031 3932 
1726 2774 3970 5246 
1727 3177 3432 5437 
1728 4050 4501 4648 
1729 1356 1336 3758 
1730 2302 1882 4262 
1731 553 3528 5662 
1732 750 1430 3693 
1733 2529 3304 4317 
1734 2755 2759 4835 
1735 3834 3833 5019 
1736 1129 1075 3749 
1737 3505 4293 5677 
1738 3577 3609 4264 
1739 2290 3625 3922 
1740 1228 3647 4089 
1741 217 218 4139 
1742 471 102 3436 
1743 2422 3841 4638 
1744 1088 3562 3994 
1745 3625 3381 3921 
1746 1360 1603 3708 
1747 3976 3259 5502 
1748 3803 3819 3878 
1749 3210 2785 4714 
1750 3823 3824 5406 
1751 3916 3333 5411 
1752 746 745 3643 
1753 561 562 563 
1754 1015 1014 3920 
1755 2220 2184 3783 
1756 3989 2788 4768 
1757 3826 3146 4774 
1758 316 417 4669 
1759 3518 571 4664 
1760 4284 1967 4653 
1761 1549 4136 5050 
1762 3729 446 5420 
1763 4290 4064 4433 
1764 1650 4133 4318 
1765 3548 3202 4352 
1766 1243 3879 4000 
1767 2517 3843 3844 
1768 3924 2794 3928 
1769 2295 2457 2889 
1770 860 4781 5230 
1771 3624 3407 5158 
1772 3890 3893 3896 
1773 1861 3507 3880 
1774 3115 3294 4537 
1775 4471 923 5674 
1776 2563 3523 4804 
1777 2546 2216 4858 
1778 2359 2360 3604 
1779 3634 3631 5180 
1780 4386 2598 4637 
1781 705 714 3714 
1782 3412 3413 3414 
1783 998 1020 3616 
1784 792 3829 4008 
1785 2855 4761 5017 
1786 2181 3791 3887 
1787 4089 3647 5690 
1788 2118 2525 3467 
1789 3972 3184 5203 
1790 4613 3794 4932 
1791 4018 3120 4854 
1792 3429 3032 5375 
1793 91 92 553 
1794 1773 2008 2009 
1795 3887 3792 3888 
1796 1221 3499 4937 
1797 4055 2609 4062 
1798 2031 4200 4226 
1799 4369 1832 4579 
1800 3835 5136 5178 
1801 4254 4252 4502 
1802 2520 2521 3909 
1803 564 1600 3524 
1804 4138 4137 4880 
1805 2609 4055 4753 
1806 563 564 565 
1807 3430 1499 5426 
1808 3267 4225 4272 
1809 3038 3537 5254 
1810 1175 1197 3706 
1811 4743 2383 4845 
1812 961 1009 3759 
1813 418 3981 5257 
1814 2005 1167 4413 
1815 3834 5019 5625 
1816 1419 1549 5050 
1817 3753 2230 3754 
1818 3770 3769 5714 
1819 3689 3072 3690 
1820 5366 3908 5499 
1821 2271 4343 4487 
1822 3407 3624 5423 
1823 3333 3330 3334 
1824 2555 3666 4736 
1825 3958 4376 5211 
1826 2883 4472 5065 
1827 829 826 3694 
1828 3875 809 3877 
1829 4078 3950 4936 
1830 3214 2542 3529 
1831 3531 3195 4631 
1832 4331 2341 4792 
1833 3623 3619 4210 
1834 3132 4921 5149 
1835 3010 4290 4433 
1836 1733 1829 4228 
1837 1828 2265 3894 
1838 3998 3835 5178 
1839 5084 3389 5583 
1840 94 95 3502 
1841 5384 4833 5397 
1842 3983 3984 3987 
1843 3707 1360 3708 
1844 1374 1375 3641 
1845 4319 4302 5296 
1846 3506 1766 4634 
1847 1325 1318 3990 
1848 3144 2399 3961 
1849 3702 1283 4537 
1850 2542 2245 3914 
1851 4229 4965 5327 
1852 1908 2245 2377 
1853 3382 1579 5687 
1854 1326 3707 4157 
1855 3282 3521 3694 
1856 2377 2542 3214 
1857 3670 88 5029 
1858 3252 3640 5129 
1859 1624 1902 1908 
1860 1969 2398 3689 
1861 3195 3480 4631 
1862 2377 2245 2542 
1863 1908 1902 2245 
1864 3674 2361 3747 
1865 4873 3870 5098 
1866 3634 421 4273 
1867 3842 2546 4858 
1868 2033 1853 3593 
1869 2181 2182 3791 
1870 923 4471 4905 
1871 4048 4032 5467 
1872 2030 1972 3720 
1873 4186 994 4963 
1874 3934 3082 4866 
1875 3575 3580 3879 
1876 2390 3526 4970 
1877 3475 2502 3607 
1878 2985 3349 3350 
1879 3409 3410 3464 
1880 3679 4832 4856 
1881 493 3962 5006 
1882 488 3533 5387 
1883 3477 480 5039 
1884 81 4432 4807 
1885 3390 2952 3795 
1886 3342 2831 3393 
1887 869 2940 3936 
1888 1772 1546 3900 
1889 2408 2884 3635 
1890 557 107 3447 
1891 2770 4284 4653 
1892 1234 1225 3609 
1893 3460 2453 5484 
1894 4662 5424 5694 
1895 4160 2548 4755 
1896 1298 1297 3650 
1897 2404 2406 3637 
1898 1624 1623 1902 
1899 5154 3821 5155 
1900 1391 1425 3780 
1901 2474 2477 3551 
1902 3845 2101 3851 
1903 826 833 3694 
1904 3530 3914 3915 
1905 3888 461 5219 
1906 3853 3892 5654 
1907 3659 3660 4900 
1908 3029 1480 3800 
1909 3339 1933 3340 
1910 2203 4099 5276 
1911 560 558 3185 
1912 3173 4578 5329 
1913 2161 1822 4488 
1914 1975 2796 3765 
1915 1577 1575 3742 
1916 1236 1241 3701 
1917 1758 1733 4228 
1918 3822 1488 3823 
1919 2702 2703 3945 
1920 3748 3749 3750 
1921 1682 1948 3610 
1922 1325 3990 3991 
1923 1427 817 3825 
1924 3638 3637 5368 
1925 1434 1436 3740 
1926 3935 5192 5645 
1927 2434 3765 4203 
1928 2473 2474 3551 
1929 3736 703 4554 
1930 3662 2591 3663 
1931 2220 3785 3787 
1932 2481 2482 3696 
1933 2707 2709 3802 
1934 4074 3569 5073 
1935 4007 4045 4626 
1936 1344 3666 4943 
1937 3669 4101 5270 
1938 1761 2464 3554 
1939 511 4009 4814 
1940 4325 3876 4605 
1941 2843 4057 4326 
1942 4194 2612 4682 
1943 2410 3131 3692 
1944 2026 3484 5657 
1945 2203 1807 4099 
1946 1922 4087 4233 
1947 3654 2240 3655 
1948 1523 1536 3899 
1949 527 3485 5496 
1950 780 779 3658 
1951 574 720 2333 
1952 1516 4380 5640 
1953 3590 2419 3591 
1954 2659 3834 3835 
1955 3202 2963 3871 
1956 1267 1278 3572 
1957 3573 1240 3574 
1958 3520 3117 4537 
1959 1223 1220 3698 
1960 4229 3550 4965 
1961 1141 1623 1624 
1962 1378 4073 4074 
1963 4125 881 4651 
1964 580 578 4094 
1965 567 566 568 
1966 551 3393 5427 
1967 1373 1399 3843 
1968 24 25 3971 
1969 2920 2173 5067 
1970 1333 1360 3707 
1971 1684 3912 4514 
1972 2265 3891 3894 
1973 1293 1294 3838 
1974 3618 2092 3619 
1975 2890 4029 4643 
1976 2467 2479 5432 
1977 2367 4700 4749 
1978 1053 1086 1088 
1979 4101 4906 5270 
1980 2608 4750 4946 
1981 3333 3916 5429 
1982 499 3450 4527 
1983 3883 2453 3884 
1984 2230 2231 3756 
1985 2811 4053 5550 
1986 4016 3902 5275 
1987 3337 3338 3462 
1988 768 766 3761 
1989 1029 1572 4025 
1990 1856 3406 5094 
1991 1541 1401 3923 
1992 1901 1899 3651 
1993 2477 2544 3551 
1994 2774 2775 4508 
1995 3796 2005 3797 
1996 84 506 3556 
1997 519 4303 5338 
1998 3445 2669 5532 
1999 1504 1505 3731 
2000 4090 1470 4914 
2001 3899 1536 4412 
2002 3767 4805 4966 
2003 1704 1761 3554 
2004 3439 4788 5182 
2005 1816 2101 3845 
2006 445 3942 4974 
2007 4797 1065 5121 
2008 4625 3103 4877 
2009 4548 1720 4862 
2010 4533 3865 5036 
2011 3778 1248 4286 
2012 568 735 4293 
2013 968 928 3760 
2014 3763 2681 3764 
2015 1516 1517 3866 
2016 3661 3740 4900 
2017 3008 3953 5107 
2018 3598 3599 4308 
2019 2450 2453 3883 
2020 3756 4375 5535 
2021 3912 3327 4514 
2022 2295 2296 2457 
2023 3723 1877 3922 
2024 554 4529 4918 
2025 3432 2458 3433 
2026 4303 3322 5338 
2027 3447 108 5539 
2028 1600 3466 5049 
2029 3045 4065 4816 
2030 3422 5155 5312 
2031 3178 2302 4262 
2032 2678 3643 4787 
2033 3862 718 4486 
2034 2944 4497 4584 
2035 595 654 3644 
2036 3349 4228 5728 
2037 3626 2491 3627 
2038 1088 1086 3562 
2039 1144 1581 3704 
2040 3469 434 5289 
2041 2018 2230 3753 
2042 1145 2581 4222 
2043 3781 4194 4682 
2044 1749 1750 3836 
2045 3607 3608 5533 
2046 1829 4455 5478 
2047 301 302 3917 
2048 3389 3210 5583 
2049 2572 2599 3312 
2050 3787 3785 3790 
2051 2426 3067 3571 
2052 2054 2361 3746 
2053 3552 4511 4583 
2054 2697 1440 4000 
2055 1555 4833 5384 
2056 5094 3347 5601 
2057 2526 2831 3342 
2058 4501 2753 4648 
2059 1625 1428 3558 
2060 2502 2306 3607 
2061 1423 3698 4911 
2062 3618 3619 3623 
2063 3664 2459 3665 
2064 832 1439 3856 
2065 1165 2005 3796 
2066 3088 4286 4801 
2067 1499 3430 5680 
2068 4034 2214 4354 
2069 569 568 570 
2070 89 90 464 
2071 3749 1075 4575 
2072 3350 3351 3352 
2073 3431 3508 5680 
2074 1592 1593 1594 
2075 1594 1595 1656 
2076 3713 2574 3965 
2077 4109 2396 4644 
2078 2393 2394 2649 
2079 1051 1116 4366 
2080 1009 1591 1592 
2081 1488 1486 3823 
2082 1337 3910 3911 
2083 712 744 4486 
2084 2389 2392 2393 
2085 4423 3960 5211 
2086 2793 2368 3191 
2087 4065 2511 4816 
2088 2364 3206 3744 
2089 4056 2843 5482 
2090 3663 1197 5062 
2091 3878 2530 5631 
2092 3791 3792 3887 
2093 25 495 3971 
2094 4440 2824 4769 
2095 3414 4167 4168 
2096 4872 3002 5435 
2097 2399 1943 3961 
2098 1438 3741 4424 
2099 1981 1863 1983 
2100 789 786 3977 
2101 2799 3925 3926 
2102 3916 2246 5429 
2103 3686 1500 3687 
2104 3485 527 5133 
2105 1936 3491 4099 
2106 1023 2368 2793 
2107 1589 3679 4856 
2108 3335 4440 4769 
2109 2108 2399 2672 
2110 3332 3330 3333 
2111 4057 621 4326 
2112 3680 1463 3681 
2113 3897 3626 3898 
2114 3983 1346 3984 
2115 3573 3575 3879 
2116 466 99 5667 
2117 565 566 567 
2118 3455 2792 4569 
2119 442 3548 4352 
2120 3752 3547 5455 
2121 3719 4776 5608 
2122 89 464 5029 
2123 1824 2161 3889 
2124 2008 2057 2295 
2125 518 3449 5358 
2126 700 704 705 
2127 3048 4891 5355 
2128 3899 4412 5239 
2129 1884 1577 3742 
2130 571 570 572 
2131 705 713 714 
2132 3117 3115 4537 
2133 692 699 700 
2134 2659 2561 3834 
2135 1928 1368 3758 
2136 2447 2448 3547 
2137 714 722 723 
2138 2077 2359 3606 
2139 484 3820 3821 
2140 568 566 735 
2141 3792 3787 4015 
2142 469 4032 4048 
2143 5224 441 5529 
2144 1981 1983 2328 
2145 2422 1012 3840 
2146 1862 1861 1863 
2147 4735 5306 5533 
2148 4221 538 4350 
2149 1238 1240 3573 
2150 3700 1236 3701 
2151 564 562 1600 
2152 2120 3467 3519 
2153 1439 3521 4511 
2154 3329 3331 5526 
2155 760 758 3771 
2156 1862 1863 1981 
2157 1183 1184 3867 
2158 3507 3508 3880 
2159 2571 3920 4128 
2160 1781 1129 3749 
2161 1513 4454 4808 
2162 1773 1858 2008 
2163 2352 2419 3590 
2164 2085 2681 3763 
2165 3120 4018 5713 
2166 3645 2886 3646 
2167 3935 4003 4004 
2168 2553 3590 3603 
2169 3509 2499 3510 
2170 3428 3224 5283 
2171 1946 3776 4447 
2172 3519 3276 4276 
2173 798 809 3875 
2174 1993 2085 3763 
2175 3802 3255 5031 
2176 3535 3459 4639 
2177 4237 4660 5013 
2178 3002 3001 5435 
2179 2120 2118 3467 
2180 3533 3459 3535 
2181 2214 3464 4925 
2182 400 6 5240 
2183 3425 1427 3825 
2184 573 572 574 
2185 545 3734 5470 
2186 2361 3674 3746 
2187 2649 3236 3734 
2188 1312 1346 3983 
2189 2672 2399 3143 
2190 2524 2473 3551 
2191 2404 2403 2406 
2192 3895 3891 3896 
2193 3779 1669 4426 
2194 2466 1537 4090 
2195 1552 1554 4188 
2196 3159 5226 5436 
2197 2793 3191 3710 
2198 2985 2551 3349 
2199 3222 1886 4008 
2200 1506 1537 1538 
2201 3564 2366 3730 
2202 1592 1591 1593 
2203 4042 3544 4245 
2204 1959 2290 3922 
2205 3909 3907 4881 
2206 1171 1172 3706 
2207 724 723 725 
2208 3520 1267 3572 
2209 1262 3803 3804 
2210 1594 1593 1595 
2211 3026 4306 4600 
2212 4511 3521 4583 
2213 2261 4983 5166 
2214 2457 2458 3432 
2215 3487 3547 3752 
2216 1055 1067 4450 
2217 765 3770 4148 
2218 2932 3448 4814 
2219 4123 2801 4934 
2220 579 578 580 
2221 2649 2394 3236 
2222 3783 2189 3784 
2223 3350 3349 3351 
2224 512 3435 5206 
2225 2393 2392 2394 
2226 3218 3064 3220 
2227 3184 5138 5203 
2228 3981 3168 5257 
2229 574 572 720 
2230 735 3525 4110 
2231 3573 3574 3575 
2232 3806 3807 3811 
2233 2988 2990 4173 
2234 1953 1854 4359 
2235 1703 1704 3554 
2236 3611 2841 3910 
2237 1343 1347 3781 
2238 4070 3686 4473 
2239 2108 1943 2399 
2240 1536 1861 1862 
2241 1365 3612 4678 
2242 2272 3028 4703 
2243 2525 3012 3091 
2244 1310 1308 3992 
2245 933 935 937 
2246 961 997 1009 
2247 3843 1399 3844 
2248 1581 1651 1773 
2249 1418 3570 3614 
2250 2327 3775 4712 
2251 1988 1050 3874 
2252 4023 411 5698 
2253 848 931 1856 
2254 1418 4907 5056 
2255 1782 1943 2108 
2256 1009 997 1591 
2257 1923 1913 3976 
2258 3523 3710 5678 
2259 2994 2129 4848 
2260 2037 2092 3618 
2261 2402 2401 2403 
2262 2100 3512 4622 
2263 1581 1773 3703 
2264 3987 3984 5586 
2265 2711 3626 3897 
2266 4045 2334 4626 
2267 2001 2004 2447 
2268 2464 3391 3554 
2269 1440 1250 4000 
2270 86 87 447 
2271 1489 3615 4826 
2272 2002 2001 3486 
2273 553 3527 3528 
2274 1888 2118 2120 
2275 4113 4377 4553 
2276 2205 2204 2572 
2277 1430 2678 5012 
2278 2342 2574 3713 
2279 3016 741 3886 
2280 4236 1288 4898 
2281 723 722 848 
2282 3006 2424 3454 
2283 726 725 727 
2284 714 713 722 
2285 3486 2447 3487 
2286 2402 2403 2404 
2287 3140 4048 5467 
2288 1694 1693 2001 
2289 3388 2728 5696 
2290 3522 2793 3523 
2291 705 704 713 
2292 3921 873 4405 
2293 515 3678 5467 
2294 1973 1104 3928 
2295 2523 2524 3265 
2296 1270 1440 1441 
2297 1441 1442 1443 
2298 1443 1444 1445 
2299 3645 3826 4774 
2300 1439 829 3694 
2301 2552 2551 2985 
2302 3454 2888 5430 
2303 2389 1656 2392 
2304 3473 2172 5414 
2305 3349 2551 4228 
2306 2862 3816 5307 
2307 1777 2077 2122 
2308 3920 1014 4128 
2309 98 99 466 
2310 2469 2471 3583 
2311 3754 2230 3756 
2312 700 699 704 
2313 2544 3389 3551 
2314 1489 1484 3615 
2315 3722 1877 3723 
2316 1974 1975 3765 
2317 1425 1743 1777 
2318 4412 3318 5239 
2319 577 575 578 
2320 1536 1522 1861 
2321 2646 2698 3452 
2322 581 580 692 
2323 2662 3856 4511 
2324 3757 3756 5535 
2325 2544 2785 3210 
2326 4349 2664 5466 
2327 1396 1373 3843 
2328 3312 2599 3675 
2329 2574 3392 3965 
2330 1468 1470 4090 
2331 1744 1934 2112 
2332 1776 1145 4222 
2333 2572 2204 2599 
2334 1419 1545 1549 
2335 3519 3711 3712 
2336 4982 2168 5205 
2337 2487 2491 3626 
2338 1709 1710 1744 
2339 3786 3788 3793 
2340 1008 1023 3522 
2341 686 4077 5578 
2342 2114 2164 3863 
2343 2388 1656 2389 
2344 3519 3467 3711 
2345 2104 3746 4079 
2346 84 85 506 
2347 1499 1494 3822 
2348 1829 5478 5728 
2349 2859 3291 5009 
2350 1269 3567 5389 
2351 2815 3745 3778 
2352 3722 3723 3724 
2353 2848 2404 3637 
2354 3754 3756 3757 
2355 3778 3745 4752 
2356 3692 3131 4087 
2357 5057 2248 5317 
2358 3443 3006 3454 
2359 548 4083 4606 
2360 3582 4035 5184 
2361 3071 4113 5025 
2362 3811 3807 3812 
2363 1777 1743 2077 
2364 2406 2408 3635 
2365 5042 3100 5333 
2366 3031 4125 4651 
2367 2749 2070 4068 
2368 4290 3010 5655 
2369 3963 693 4452 
2370 2280 2459 3664 
2371 3891 3890 3896 
2372 4529 554 5576 
2373 2186 2189 3783 
2374 3869 3868 3870 
2375 1886 797 4008 
2376 3830 844 4058 
2377 885 896 4289 
2378 2526 2527 2831 
2379 4306 4143 4600 
2380 732 718 3862 
2381 1808 2401 2402 
2382 779 776 3660 
2383 692 580 699 
2384 3795 2971 4229 
2385 2408 2746 2884 
2386 1478 1477 1506 
2387 1449 1448 1450 
2388 2056 915 4219 
2389 1514 1516 3679 
2390 1603 1604 1605 
2391 3231 4760 5575 
2392 728 727 729 
2393 978 1042 4576 
2394 4182 1083 4888 
2395 2219 3618 3620 
2396 994 4186 5105 
2397 2759 4312 4835 
2398 1141 1142 1623 
2399 3575 3576 3578 
2400 1582 3446 4988 
2401 2814 2815 3088 
2402 2716 3139 3860 
2403 3091 3012 5045 
2404 1425 1424 1743 
2405 500 105 3649 
2406 1587 1538 1693 
2407 2555 3664 3666 
2408 1360 1602 1603 
2409 2410 3129 3131 
2410 5031 3255 5703 
2411 2884 2746 3716 
2412 1056 1019 3885 
2413 3984 1346 3985 
2414 2453 3460 5552 
2415 2809 1904 3932 
2416 1491 1500 3686 
2417 3871 2968 3872 
2418 3257 4301 5718 
2419 1431 705 3714 
2420 2962 3202 3548 
2421 2941 3885 4444 
2422 1540 2409 2410 
2423 4179 3636 5663 
2424 2047 4193 4351 
2425 1808 1534 2401 
2426 1461 1463 3680 
2427 1537 1477 4090 
2428 1210 1211 1212 
2429 459 3688 4216 
2430 1451 1450 1468 
2431 2786 3168 3981 
2432 2001 1693 2004 
2433 4002 2442 4980 
2434 3497 2949 3498 
2435 2467 2469 2479 
2436 1218 1219 1220 
2437 1071 1015 3920 
2438 3437 3438 3439 
2439 1216 1217 1218 
2440 2156 2586 2587 
2441 1214 1215 1216 
2442 1212 1213 1214 
2443 1469 1468 1477 
2444 1744 1710 1934 
2445 2036 2002 2204 
2446 2018 2019 2230 
2447 2653 2949 3497 
2448 2090 3645 4774 
2449 2749 3964 5263 
2450 3476 2769 5294 
2451 3724 3725 3726 
2452 471 3436 3437 
2453 2013 3222 5128 
2454 1004 1007 4780 
2455 2712 3135 3453 
2456 931 933 3406 
2457 82 83 435 
2458 3224 2741 4374 
2459 1391 1424 1425 
2460 1086 1087 1141 
2461 3373 3006 3443 
2462 2291 1884 3137 
2463 730 729 733 
2464 954 1209 1210 
2465 2780 2426 3571 
2466 3881 2449 3882 
2467 3683 5450 5474 
2468 3769 760 3771 
2469 3136 2465 4115 
2470 3399 3398 4932 
2471 1232 1236 3700 
2472 2612 4196 4687 
2473 416 3873 5141 
2474 2464 2465 2712 
2475 4578 2667 5329 
2476 1447 1445 1448 
2477 3142 3275 3688 
2478 5155 3821 5312 
2479 1615 4255 4311 
2480 3137 3742 3743 
2481 433 3601 3602 
2482 4193 2751 4351 
2483 1220 1222 3698 
2484 729 727 849 
2485 3387 5224 5529 
2486 613 2556 4152 
2487 3806 3804 3807 
2488 1506 1477 1537 
2489 2236 2426 2780 
2490 609 608 3801 
2491 2549 3157 3158 
2492 1484 1482 3615 
2493 4005 437 5512 
2494 970 633 4062 
2495 101 102 471 
2496 2471 2473 2523 
2497 1538 1537 1539 
2498 2310 2207 3566 
2499 3493 516 3494 
2500 642 639 4003 
2501 3772 834 3773 
2502 742 736 860 
2503 4228 1829 5728 
2504 2184 2186 3783 
2505 3594 3596 3598 
2506 734 733 736 
2507 3848 3846 3849 
2508 1709 1708 1710 
2509 836 832 3856 
2510 1062 1066 4277 
2511 1379 1708 1709 
2512 2448 2786 3160 
2513 3498 177 5342 
2514 2016 2017 2018 
2515 5283 338 5373 
2516 1323 1632 2549 
2517 3635 3636 5368 
2518 1887 2013 2014 
2519 2954 2971 3795 
2520 3890 3889 3892 
2521 4633 3272 4711 
2522 3791 3787 3792 
2523 2842 2840 5106 
2524 1262 1255 3803 
2525 478 4893 4984 
2526 5106 3198 5194 
2527 737 736 742 
2528 2315 4030 5412 
2529 3499 3207 4937 
2530 2398 2731 3071 
2531 4454 3149 4808 
2532 2848 3637 3638 
2533 3786 3784 3788 
2534 3696 2711 3697 
2535 3096 2349 4406 
2536 1494 1488 3822 
2537 750 749 1430 
2538 2477 2481 2544 
2539 2424 2257 2888 
2540 1906 1790 4281 
2541 765 3769 3770 
2542 1246 1267 3520 
2543 1441 1440 1442 
2544 4355 3133 5139 
2545 3137 1884 3742 
2546 1453 1455 1467 
2547 743 742 745 
2548 2218 3845 3846 
2549 2932 3639 4174 
2550 4151 524 5152 
2551 3060 3142 3688 
2552 2056 4217 4522 
2553 2657 3569 4072 
2554 1983 2247 2248 
2555 3530 3915 5577 
2556 1436 1437 1620 
2557 1270 1250 1440 
2558 58 510 3952 
2559 3949 2661 3951 
2560 1339 2129 2994 
2561 3217 3064 3218 
2562 1799 2027 2342 
2563 1969 2397 2398 
2564 3984 3985 3986 
2565 3890 3892 3893 
2566 2253 1746 3918 
2567 3960 3958 5211 
2568 3805 3804 3806 
2569 63 509 3957 
2570 656 652 4135 
2571 104 105 500 
2572 2027 1703 3554 
2573 703 3736 4387 
2574 2447 2004 2448 
2575 2866 3995 4978 
2576 567 568 569 
2577 2145 2112 2578 
2578 589 588 3054 
2579 2485 2487 2711 
2580 1434 1435 1436 
2581 846 844 3830 
2582 1430 749 2678 
2583 3487 2447 3547 
2584 3130 2409 4157 
2585 3751 964 4908 
2586 639 2043 4003 
2587 3698 1222 4089 
2588 2209 2207 2310 
2589 1221 1220 1223 
2590 2230 2019 2231 
2591 1468 1450 1470 
2592 3967 24 3971 
2593 1595 1782 3418 
2594 2273 2344 3084 
2595 1339 1305 2129 
2596 1851 2037 2219 
2597 2841 2840 2842 
2598 177 3498 5408 
2599 2425 2410 3692 
2600 1443 1442 1444 
2601 3716 3717 3718 
2602 817 814 3825 
2603 2231 2363 2814 
2604 2406 2407 2408 
2605 2814 2363 2815 
2606 3265 2524 3267 
2607 1333 1342 1360 
2608 3620 3618 3623 
2609 4343 2272 4703 
2610 809 1886 1887 
2611 302 439 3917 
2612 1326 1333 3707 
2613 1459 1461 1513 
2614 577 578 579 
2615 1606 1605 1759 
2616 3503 2649 5284 
2617 3219 3218 3328 
2618 3832 1675 4557 
2619 3509 3510 3511 
2620 3598 3596 3599 
2621 1445 1444 1446 
2622 3418 3777 5565 
2623 2074 2280 2555 
2624 1572 1991 4025 
2625 944 961 3759 
2626 3575 3574 3576 
2627 1920 2069 2156 
2628 1760 1759 1853 
2629 587 585 588 
2630 1605 1604 1607 
2631 1303 1319 1540 
2632 2889 3177 5635 
2633 3567 3234 5389 
2634 2018 2017 2019 
2635 4505 4084 5672 
2636 3733 3211 4729 
2637 4565 2889 5635 
2638 723 848 3738 
2639 1603 1602 1604 
2640 2034 2033 2352 
2641 3064 2266 3408 
2642 2922 2428 2935 
2643 1854 1853 2033 
2644 1053 1054 1086 
2645 1691 2022 2023 
2646 435 3556 4668 
2647 3982 1314 3983 
2648 2408 2745 2746 
2649 2952 2954 3795 
2650 2479 2469 3583 
2651 773 1433 1434 
2652 3287 4005 5512 
2653 1664 1877 3722 
2654 1251 1250 1270 
2655 1475 1491 1533 
2656 2023 2413 2414 
2657 1224 1223 1225 
2658 82 435 4432 
2659 2353 2352 2553 
2660 3578 3576 3579 
2661 2219 2037 3618 
2662 106 107 557 
2663 2965 2968 3871 
2664 3472 2414 5356 
2665 2523 2473 2524 
2666 1144 1146 1581 
2667 4423 3288 5055 
2668 1761 1890 2464 
2669 4779 2869 4819 
2670 2544 2481 2785 
2671 2156 2069 2586 
2672 741 716 3886 
2673 1243 1238 3573 
2674 1509 1514 1589 
2675 3771 3772 3775 
2676 2113 2112 2145 
2677 654 1208 2885 
2678 1543 1703 1799 
2679 1809 2235 3513 
2680 3072 3071 3371 
2681 4067 3150 5227 
2682 2572 3312 3313 
2683 2712 2465 3135 
2684 4217 4218 4522 
2685 1540 2425 3838 
2686 5222 4285 5703 
2687 2820 2819 3001 
2688 4551 4290 5655 
2689 1793 1749 3836 
2690 1855 2733 2734 
2691 3918 4071 4244 
2692 2410 2409 3129 
2693 4068 3827 5534 
2694 4100 2842 5106 
2695 1230 1232 1245 
2696 2829 3065 3255 
2697 2526 3342 3395 
2698 954 789 1209 
2699 1790 1994 4281 
2700 1226 1225 1234 
2701 1210 1209 1211 
2702 2977 4891 5309 
2703 579 582 4256 
2704 3682 3683 5474 
2705 2711 2487 3626 
2706 3784 2189 3789 
2707 1887 1886 2013 
2708 5424 2503 5694 
2709 2264 2840 2841 
2710 834 756 3774 
2711 1235 1234 1238 
2712 3088 2815 3778 
2713 1360 1342 1602 
2714 1548 1644 3900 
2715 3257 2587 3367 
2716 882 869 3936 
2717 3453 5316 5632 
2718 2218 1818 3845 
2719 1546 1548 3900 
2720 1621 1620 1737 
2721 987 2422 4638 
2722 1238 1234 1240 
2723 2297 2211 3411 
2724 1239 1238 1243 
2725 3826 3646 3857 
2726 1278 1284 1323 
2727 3084 2344 3085 
2728 4352 3202 5582 
2729 2016 2014 2017 
2730 1241 1246 1283 
2731 1853 1759 1907 
2732 2963 2965 3871 
2733 1959 1961 2290 
2734 31 480 3995 
2735 1297 1282 3929 
2736 1738 1737 1969 
2737 1255 1253 3803 
2738 1506 1587 3800 
2739 3535 4639 5274 
2740 2728 3388 5335 
2741 2135 3979 4751 
2742 2525 2781 3012 
2743 2588 2587 3257 
2744 2146 2145 2428 
2745 1270 2530 3819 
2746 2118 2119 2525 
2747 3206 3499 5377 
2748 1050 993 3874 
2749 1888 1889 2118 
2750 2352 2033 2419 
2751 569 570 571 
2752 3458 2780 3459 
2753 1212 1211 1213 
2754 1069 1056 3885 
2755 2342 2027 2574 
2756 1374 3641 5729 
2757 2455 2428 2922 
2758 809 797 1886 
2759 5389 3234 5448 
2760 2465 1890 4115 
2761 3867 2856 3868 
2762 1198 1664 2091 
2763 2464 1890 2465 
2764 2896 5170 5277 
2765 1032 1432 3840 
2766 2553 2352 3590 
2767 2482 2485 3696 
2768 2644 2646 3047 
2769 1941 2070 2749 
2770 1931 1930 1933 
2771 752 750 3693 
2772 2780 3571 4639 
2773 3671 1764 4739 
2774 2817 2463 3078 
2775 1644 1645 1888 
2776 3047 2646 3452 
2777 1532 1525 3899 
2778 1104 1045 3928 
2779 3264 4505 5672 
2780 1540 1319 2409 
2781 3418 2108 3777 
2782 2725 2553 3155 
2783 2555 2280 3664 
2784 2497 783 2997 
2785 5255 4202 5571 
2786 1214 1213 1215 
2787 1513 1461 3680 
2788 2265 3889 3890 
2789 1799 1703 2027 
2790 4221 4350 5250 
2791 3397 3398 3399 
2792 4151 5152 5420 
2793 2577 3732 4719 
2794 1216 1215 1217 
2795 748 746 749 
2796 3655 3895 5642 
2797 2430 2449 3881 
2798 2825 3901 4010 
2799 2213 2211 2297 
2800 1218 1217 1219 
2801 1220 1219 1222 
2802 1589 1514 3679 
2803 1533 1491 3686 
2804 2988 2331 2990 
2805 2095 2657 4072 
2806 4013 2028 4766 
2807 3155 2553 3603 
2808 1929 1928 1930 
2809 861 732 3862 
2810 3724 3723 3725 
2811 3645 3646 3826 
2812 3924 1160 3925 
2813 60 437 4005 
2814 1486 1484 1489 
2815 724 725 726 
2816 3595 1907 4270 
2817 1294 1303 3838 
2818 2657 2096 3405 
2819 2320 2322 2526 
2820 2449 2450 3883 
2821 2596 3844 5441 
2822 1522 1512 3507 
2823 1991 3344 4025 
2824 388 499 4527 
2825 4209 2136 5699 
2826 1127 1055 4450 
2827 55 445 4009 
2828 1375 1379 3641 
2829 3078 2463 3080 
2830 3001 2819 4579 
2831 954 2567 3829 
2832 758 756 834 
2833 1245 1232 3700 
2834 1482 1480 3029 
2835 754 752 755 
2836 772 771 773 
2837 2072 2074 3827 
2838 2923 2922 3109 
2839 1428 1427 1429 
2840 2564 2826 3904 
2841 443 4506 4507 
2842 4344 3492 4927 
2843 2819 2342 3713 
2844 2578 3533 3534 
2845 3982 3983 3987 
2846 755 752 3693 
2847 3236 3237 3238 
2848 3957 3958 3960 
2849 1525 1523 3899 
2850 2409 1319 4157 
2851 4209 3577 5396 
2852 1636 1568 4318 
2853 2984 4072 4073 
2854 1187 1690 1691 
2855 2794 1973 3928 
2856 3177 2457 3432 
2857 1545 1546 1772 
2858 2444 2342 2819 
2859 3029 4531 5592 
2860 3071 5025 5653 
2861 1419 1420 1545 
2862 1766 3506 4861 
2863 1369 1707 4143 
2864 1608 800 3875 
2865 4506 2832 4507 
2866 1534 1529 3504 
2867 784 783 2497 
2868 50 448 4011 
2869 1023 1024 2368 
2870 2549 1632 3157 
2871 1002 3555 5433 
2872 1591 3616 4096 
2873 571 572 573 
2874 3400 4386 4637 
2875 714 723 724 
2876 4365 1051 4366 
2877 2136 4209 5396 
2878 3997 5311 5443 
2879 1225 1223 1423 
2880 46 453 4016 
2881 22 497 4017 
2882 1818 1816 3845 
2883 2398 2397 2731 
2884 2677 4042 4245 
2885 1401 1403 3923 
2886 790 789 954 
2887 1386 1391 3780 
2888 2827 2152 4320 
2889 1112 4355 5139 
2890 593 591 594 
2891 44 513 4019 
2892 1283 1246 3520 
2893 764 762 765 
2894 4205 4206 4395 
2895 595 594 654 
2896 2020 2018 3753 
2897 526 4160 4162 
2898 431 4779 4819 
2899 42 463 4021 
2900 4423 2107 4524 
2901 2657 3405 3568 
2902 2015 2014 2016 
2903 2609 970 4062 
2904 1416 1417 1419 
2905 2909 2887 4079 
2906 2520 2519 2521 
2907 1382 1385 3931 
2908 2339 2661 3949 
2909 3490 2055 5483 
2910 1505 1509 3731 
2911 1403 1421 3923 
2912 2958 2962 3549 
2913 40 514 4026 
2914 652 2007 4135 
2915 19 501 4028 
2916 493 5006 5615 
2917 1523 1522 1536 
2918 4217 2056 4219 
2919 3330 3329 5526 
2920 57 58 3952 
2921 2360 2653 3604 
2922 1436 1435 1437 
2923 2095 2096 2657 
2924 1323 1284 1632 
2925 700 705 1431 
2926 2085 2680 2681 
2927 1934 2236 3458 
2928 946 1010 4265 
2929 2745 3318 3831 
2930 1969 1737 2397 
2931 3904 417 5647 
2932 4907 3099 5056 
2933 3372 2333 5053 
2934 1799 2444 3866 
2935 3808 3806 3817 
2936 36 515 4032 
2937 2841 2842 3910 
2938 4037 2546 4038 
2939 2518 2517 2519 
2940 3396 3394 5513 
2941 2290 1961 3624 
2942 1865 3383 5616 
2943 573 574 575 
2944 62 63 3957 
2945 2962 2963 3202 
2946 2405 2404 2848 
2947 2265 1826 3889 
2948 1517 1543 3866 
2949 3532 3046 4489 
2950 3699 468 4463 
2951 2500 2222 4825 
2952 1228 1230 3647 
2953 3810 3808 3815 
2954 1163 1165 3796 
2955 3959 509 4051 
2956 1245 5418 5697 
2957 579 580 581 
2958 2564 2041 2590 
2959 2001 2447 3486 
2960 2095 1625 2096 
2961 290 5070 5271 
2962 2194 2196 2319 
2963 3063 2266 3064 
2964 762 760 3769 
2965 1595 1596 1782 
2966 4478 3934 4866 
2967 2023 2022 2413 
2968 3435 4011 5334 
2969 3352 3353 3354 
2970 1184 1187 3867 
2971 1434 1433 1435 
2972 1358 1316 3982 
2973 1680 1678 4039 
2974 2990 3651 3652 
2975 2091 1664 3722 
2976 3352 3351 3353 
2977 2380 1970 3689 
2978 3695 429 5510 
2979 2182 2220 3791 
2980 3776 1946 5038 
2981 2726 3320 3954 
2982 2606 3741 5209 
2983 1257 1255 1262 
2984 1691 2856 3867 
2985 3687 1500 4887 
2986 1929 1930 1931 
2987 3384 4092 5403 
2988 2703 2706 3945 
2989 654 2885 2886 
2990 3952 510 3953 
2991 3300 3299 3302 
2992 1846 2713 3980 
2993 1694 2001 2002 
2994 2615 4264 4770 
2995 3468 1554 5480 
2996 4291 3622 5143 
2997 2653 2654 2949 
2998 2359 3605 3606 
2999 1972 1970 2380 
3000 2047 4191 4193 
3001 1782 1783 1943 
3002 3636 2884 5663 
3003 2725 3422 5149 
3004 2694 885 4289 
3005 2077 2078 2359 
3006 3058 3060 3336 
3007 1012 1032 3840 
3008 3610 2841 3611 
3009 3055 4020 5275 
3010 827 1427 1428 
3011 1243 3573 3879 
3012 1249 1244 1250 
3013 1608 3875 3876 
3014 1207 1137 4424 
3015 2148 1998 2551 
3016 773 771 1433 
3017 1136 1206 4420 
3018 1282 1276 3929 
3019 3373 3443 3671 
3020 726 727 728 
3021 4086 4423 4524 
3022 3230 2291 3648 
3023 770 768 771 
3024 1707 1368 1928 
3025 3142 3170 3275 
3026 79 80 508 
3027 1329 1325 3991 
3028 4031 2253 4244 
3029 1970 1969 3689 
3030 1446 5305 5525 
3031 2121 946 4265 
3032 2971 3550 4229 
3033 1116 1573 1855 
3034 4659 1661 5726 
3035 1198 2091 4635 
3036 3735 978 4576 
3037 1305 1298 3650 
3038 2639 2640 3632 
3039 3108 2871 4779 
3040 30 31 3995 
3041 1400 1401 1541 
3042 4040 4041 4933 
3043 2826 2590 3854 
3044 2885 1208 3154 
3045 587 588 589 
3046 1691 1690 2022 
3047 1839 1837 4447 
3048 6 401 5240 
3049 1431 3714 3715 
3050 2709 2829 3802 
3051 4516 2506 4857 
3052 3640 695 5129 
3053 3975 1611 4047 
3054 2874 3909 4747 
3055 4697 5689 5726 
3056 1721 2903 4007 
3057 3594 3595 3596 
3058 2635 2636 3630 
3059 1426 2166 3956 
3060 3942 57 3952 
3061 2494 3539 4002 
3062 798 797 809 
3063 3847 3846 3848 
3064 637 1062 4277 
3065 1826 1824 3889 
3066 5228 4951 5356 
3067 3504 1532 5649 
3068 3013 4121 4967 
3069 2345 2030 2463 
3070 3585 530 4464 
3071 3594 1907 3595 
3072 3181 3183 4061 
3073 3801 608 4869 
3074 827 817 1427 
3075 1707 1928 1929 
3076 2190 2192 2193 
3077 1126 1160 3924 
3078 1496 1494 1499 
3079 1748 2253 3864 
3080 961 962 997 
3081 1204 1617 4426 
3082 1314 1312 3983 
3083 1535 1534 1808 
3084 4507 2832 4935 
3085 1991 1993 3344 
3086 2544 3210 3389 
3087 92 93 3527 
3088 2288 2286 4485 
3089 511 4814 5700 
3090 3764 3439 5182 
3091 2361 1860 3748 
3092 2968 2969 3873 
3093 4370 4307 4621 
3094 1944 2181 3961 
3095 3957 509 3958 
3096 2535 2536 3669 
3097 1983 2248 5057 
3098 3302 3441 3442 
3099 4085 2043 4183 
3100 1568 1650 4318 
3101 4247 1865 5561 
3102 432 4139 5221 
3103 765 762 3769 
3104 654 594 1208 
3105 944 945 961 
3106 1686 1588 1687 
3107 1347 1348 4195 
3108 3616 3617 4096 
3109 2969 2975 3057 
3110 2024 1687 2026 
3111 572 570 3505 
3112 5374 3884 5552 
3113 2970 4379 5116 
3114 3941 62 3957 
3115 577 579 4256 
3116 1391 1392 1424 
3117 3781 1347 4194 
3118 3333 3334 4083 
3119 51 52 3947 
3120 1594 1656 2388 
3121 21 22 4017 
3122 3765 2796 4203 
3123 1584 3936 4625 
3124 935 936 944 
3125 4178 3108 4779 
3126 2567 1210 3913 
3127 1212 1390 3913 
3128 800 798 3875 
3129 2605 2606 4046 
3130 56 57 3942 
3131 2092 2093 3621 
3132 933 937 3406 
3133 5090 3189 5479 
3134 848 1856 3738 
3135 2623 2682 4076 
3136 1208 594 4257 
3137 1609 2591 2592 
3138 2995 2994 3766 
3139 1009 1592 1642 
3140 928 875 3760 
3141 2222 1742 3975 
3142 3948 1869 4050 
3143 1587 1693 1694 
3144 18 19 4028 
3145 3092 4516 4857 
3146 1447 1448 1449 
3147 4093 4092 5394 
3148 29 30 3962 
3149 1690 1188 4309 
3150 1175 1177 1197 
3151 1449 1450 1451 
3152 2518 2519 2520 
3153 4019 513 4020 
3154 2096 1625 3558 
3155 1767 1630 2517 
3156 3533 3535 5387 
3157 1998 1758 4228 
3158 3260 3258 3261 
3159 2036 2204 2205 
3160 1471 1472 3684 
3161 1443 1445 1447 
3162 1934 1968 2236 
3163 1045 1046 3928 
3164 778 776 779 
3165 1548 1551 1644 
3166 2518 2573 4200 
3167 3602 4211 5147 
3168 1218 1220 1221 
3169 4007 2903 4045 
3170 2590 3462 5559 
3171 1083 4182 5113 
3172 14 519 4084 
3173 2965 2967 2968 
3174 23 24 3967 
3175 782 780 783 
3176 1771 618 4152 
3177 1495 1497 4295 
3178 690 701 4452 
3179 1948 2264 3610 
3180 2523 3265 3266 
3181 2827 4320 4321 
3182 2009 3330 3332 
3183 2766 3797 5460 
3184 933 934 935 
3185 20 21 3974 
3186 2743 2744 3189 
3187 3753 3754 3755 
3188 2120 4276 4942 
3189 61 62 3941 
3190 557 3447 3457 
3191 4937 3207 5169 
3192 4028 4029 4030 
3193 3962 30 3995 
3194 2564 2590 2826 
3195 2457 2296 2458 
3196 3990 3989 5724 
3197 59 60 4005 
3198 2560 2561 2659 
3199 728 729 730 
3200 3439 3438 5167 
3201 556 3495 5218 
3202 2426 2816 3067 
3203 17 18 3973 
3204 1023 2793 3522 
3205 1358 3982 3988 
3206 2331 1901 3651 
3207 3876 3875 3877 
3208 4657 3567 4879 
3209 603 601 604 
3210 1323 2549 2550 
3211 2236 2294 2426 
3212 1451 1468 1469 
3213 54 55 4009 
3214 3565 1771 4152 
3215 2558 2559 2560 
3216 2741 2742 2743 
3217 3278 3279 3387 
3218 788 786 789 
3219 12 505 4095 
3220 3728 3024 4133 
3221 1506 1538 1587 
3222 2186 2188 2189 
3223 2556 2557 2558 
3224 1316 1314 3982 
3225 49 50 4011 
3226 3298 2809 3299 
3227 1469 1477 1478 
3228 2182 2184 2220 
3229 1264 1261 1269 
3230 3406 3271 5094 
3231 1624 1908 2456 
3232 3271 3406 5313 
3233 1540 2410 2425 
3234 45 46 4016 
3235 3882 2449 3883 
3236 599 597 2090 
3237 3056 5339 5346 
3238 4636 3884 5374 
3239 3697 2711 3897 
3240 1608 4325 4623 
3241 43 44 4019 
3242 2246 3705 5429 
3243 3787 3790 4015 
3244 1385 1386 3780 
3245 41 42 4021 
3246 2801 4123 5651 
3247 847 841 2662 
3248 3445 1208 4257 
3249 1609 1171 2591 
3250 2485 2711 3696 
3251 39 40 4026 
3252 1767 2517 2518 
3253 2545 2546 4037 
3254 3067 3277 3278 
3255 1169 1171 1609 
3256 4029 2890 5412 
3257 2388 2389 3032 
3258 623 621 4057 
3259 2618 2621 3963 
3260 2108 2672 3777 
3261 3649 557 5175 
3262 3712 4399 5235 
3263 2655 3832 3833 
3264 3619 3621 3622 
3265 1270 1441 2530 
3266 3746 2909 4079 
3267 3629 3630 3634 
3268 2958 2960 2962 
3269 35 36 4032 
3270 4201 3096 4406 
3271 764 765 766 
3272 2552 2985 3401 
3273 2398 3071 3072 
3274 3797 2766 4977 
3275 5133 4166 5165 
3276 833 824 3855 
3277 180 4081 5280 
3278 2903 1723 4001 
3279 848 930 931 
3280 2950 2952 3390 
3281 3864 2253 4031 
3282 966 928 968 
3283 2043 636 4183 
3284 1603 1605 1606 
3285 2244 2670 3956 
3286 3410 2297 3411 
3287 1871 1869 3948 
3288 1527 1525 1532 
3289 2074 2555 3827 
3290 1521 1512 1522 
3291 1385 3780 3930 
3292 1429 3425 3426 
3293 2954 2956 2971 
3294 10 552 4106 
3295 2659 3835 3998 
3296 1653 1495 4295 
3297 3438 3440 4331 
3298 1116 1855 4366 
3299 1436 1620 1621 
3300 730 733 734 
3301 796 794 797 
3302 748 749 750 
3303 2556 612 2557 
3304 931 932 933 
3305 1303 1540 3838 
3306 3212 2594 3272 
3307 2831 2832 4506 
3308 1245 3700 5418 
3309 1261 1259 4789 
3310 1306 1305 1339 
3311 1742 1611 3975 
3312 3575 3578 3580 
3313 3728 4134 5072 
3314 1708 3931 4640 
3315 2815 3744 3745 
3316 2166 2244 3956 
3317 1379 1380 1708 
3318 593 594 595 
3319 3244 3730 4361 
3320 3150 4067 5206 
3321 3484 3485 5165 
3322 4072 3569 4073 
3323 754 755 756 
3324 2291 3137 3648 
3325 633 631 4062 
3326 1478 1506 3800 
3327 2944 4496 4497 
3328 1262 3804 3805 
3329 3529 2542 3530 
3330 1944 2180 2181 
3331 1008 1022 1023 
3332 3553 2742 4188 
3333 3729 4299 5232 
3334 2726 2434 3320 
3335 1767 2518 4200 
3336 2744 3427 5479 
3337 734 736 737 
3338 3806 3811 3817 
3339 3262 3261 3937 
3340 3343 2992 4204 
3341 1841 1727 4050 
3342 5561 1865 5616 
3343 72 73 3939 
3344 1221 1223 1224 
3345 1913 1915 3976 
3346 2798 2797 3416 
3347 1782 2108 3418 
3348 993 1584 3874 
3349 1155 1071 1588 
3350 4040 2929 4041 
3351 3410 4168 5622 
3352 875 858 1954 
3353 645 642 4003 
3354 3124 3934 5085 
3355 3160 2786 3981 
3356 2706 3022 3943 
3357 4356 1156 4603 
3358 4028 501 4029 
3359 1403 1405 1421 
3360 3974 21 4017 
3361 2231 2232 2363 
3362 1915 1918 3976 
3363 507 4344 4927 
3364 1407 1409 1418 
3365 3537 3038 5517 
3366 847 2662 2663 
3367 1032 1034 1432 
3368 1066 4059 4277 
3369 2621 2623 4076 
3370 2360 2652 2653 
3371 1642 1592 4477 
3372 935 944 4627 
3373 1606 1759 1760 
3374 2987 2622 4127 
3375 740 716 741 
3376 715 707 716 
3377 3025 3727 3729 
3378 2358 2094 2741 
3379 2264 2508 2840 
3380 2491 2492 3628 
3381 1165 1167 2005 
3382 1413 1415 1416 
3383 737 742 743 
3384 2430 2431 2449 
3385 1244 1243 4000 
3386 4891 3650 5309 
3387 2820 3001 3002 
3388 1230 1245 3647 
3389 3298 3299 3300 
3390 1212 1214 1390 
3391 2530 1441 4373 
3392 3428 5283 5373 
3393 706 697 707 
3394 626 1771 2114 
3395 3023 3024 3025 
3396 607 605 608 
3397 2034 2352 2353 
3398 802 800 1608 
3399 1760 1853 1854 
3400 4093 2163 4389 
3401 3300 3302 3303 
3402 3973 18 4028 
3403 1854 2033 2034 
3404 3684 1533 5100 
3405 2102 1680 4039 
3406 1630 1396 3843 
3407 2417 2104 4079 
3408 613 612 2556 
3409 1026 1028 1053 
3410 3965 3392 5316 
3411 626 618 1771 
3412 2629 2632 4102 
3413 1746 979 3918 
3414 3714 724 4456 
3415 3024 2584 4133 
3416 1531 1529 1534 
3417 2353 2553 2725 
3418 2295 2057 2296 
3419 1358 3988 3989 
3420 1621 1737 1738 
3421 2941 4444 5066 
3422 743 745 746 
3423 2796 2795 2797 
3424 4003 2043 4004 
3425 1552 1109 1554 
3426 1196 1163 3796 
3427 13 14 4084 
3428 2464 2712 3391 
3429 1974 1973 1975 
3430 4098 4988 5322 
3431 1045 996 1046 
3432 4023 4024 4493 
3433 3401 508 4807 
3434 1121 1846 3980 
3435 2826 3854 3859 
3436 1509 1589 3731 
3437 1161 1163 1196 
3438 2220 3787 3791 
3439 1274 1272 1277 
3440 1137 1438 4424 
3441 2371 4118 4119 
3442 4398 4130 4812 
3443 1106 1050 1109 
3444 1738 1969 1970 
3445 3386 1289 5459 
3446 549 3529 5041 
3447 998 1000 1020 
3448 1394 1398 1400 
3449 1816 1814 2101 
3450 1655 1136 4420 
3451 2459 2460 3667 
3452 4041 4696 4933 
3453 3529 4577 5041 
3454 875 1954 3760 
3455 3627 3628 3721 
3456 4054 2259 4055 
3457 1808 4699 4844 
3458 3484 5165 5657 
3459 11 12 4095 
3460 2742 2094 4188 
3461 716 965 3886 
3462 2444 2819 2820 
3463 1597 1428 1625 
3464 4376 3958 5282 
3465 2114 1771 2164 
3466 4242 3978 5360 
3467 1187 1691 3867 
3468 2625 2627 4027 
3469 1614 565 4341 
3470 1160 1159 1161 
3471 3914 2246 3916 
3472 995 972 996 
3473 3449 518 5340 
3474 1686 1687 2024 
3475 1876 1828 3894 
3476 1038 993 1050 
3477 4054 4055 4062 
3478 3206 3207 3499 
3479 3882 3883 4822 
3480 3513 2235 3514 
3481 1467 1455 4995 
3482 2156 2587 2588 
3483 2798 3416 3417 
3484 2561 2655 3834 
3485 1004 1006 1007 
3486 954 1210 2567 
3487 5311 4063 5443 
3488 1799 2342 2444 
3489 811 2499 3825 
3490 2560 2559 2561 
3491 3641 4481 5729 
3492 2817 3078 3079 
3493 2725 3155 3422 
3494 1543 1799 3866 
3495 1545 1772 5575 
3496 9 10 4106 
3497 1750 3864 3865 
3498 3245 2726 3954 
3499 3600 3595 4270 
3500 2997 3658 4590 
3501 749 746 3643 
3502 2068 3407 5423 
3503 1837 1946 4447 
3504 1744 2112 2113 
3505 3631 3632 3633 
3506 3584 3266 4234 
3507 1224 1225 1226 
3508 2699 2702 4220 
3509 2829 3255 3802 
3510 4325 3465 4623 
3511 3690 4236 4898 
3512 1801 1570 1813 
3513 4085 2748 4732 
3514 1262 3805 4368 
3515 1691 2023 2856 
3516 1446 1452 1453 
3517 2450 2452 2453 
3518 2433 2040 2434 
3519 869 741 2940 
3520 1675 3832 4304 
3521 1669 1204 4426 
3522 1155 1588 1686 
3523 3025 3024 3727 
3524 79 508 3903 
3525 2743 2742 2744 
3526 2732 2102 4039 
3527 2558 2557 2559 
3528 1251 1270 3819 
3529 4191 2047 4192 
3530 1386 1389 1391 
3531 770 771 772 
3532 1920 1921 2069 
3533 1607 1627 1851 
3534 659 656 4135 
3535 2448 2541 2786 
3536 2796 2797 2798 
3537 2587 2586 3820 
3538 3655 2240 3894 
3539 2122 3642 5694 
3540 1463 1464 3682 
3541 611 609 612 
3542 3032 4670 5124 
3543 4988 3446 5322 
3544 2325 2494 4002 
3545 2122 5407 5721 
3546 992 953 993 
3547 3424 3417 5268 
3548 2245 1902 2246 
3549 3958 509 3959 
3550 2449 2431 2450 
3551 3323 2515 3324 
3552 1126 1159 1160 
3553 1820 1818 2218 
3554 3187 3444 5446 
3555 4067 512 5206 
3556 966 968 4556 
3557 2741 2094 2742 
3558 4236 3371 5020 
3559 3943 3022 3944 
3560 1379 1709 3641 
3561 1918 1919 1920 
3562 1666 2144 4250 
3563 2406 2403 2407 
3564 4255 2720 4311 
3565 995 996 1045 
3566 1318 1358 3990 
3567 1983 1863 2247 
3568 2659 3998 4440 
3569 2700 4070 4473 
3570 2986 2823 4862 
3571 2706 2707 3022 
3572 625 2259 4054 
3573 2622 2620 4127 
3574 2253 3918 4244 
3575 2704 3687 4860 
3576 2631 2929 4040 
3577 1626 1625 2095 
3578 1346 1310 3992 
3579 3938 697 4813 
3580 971 972 995 
3581 2922 2935 5016 
3582 2345 2463 2817 
3583 2593 2592 2594 
3584 3091 5045 5544 
3585 3065 3798 3799 
3586 2588 3257 3258 
3587 1869 1841 4050 
3588 3969 3971 3972 
3589 3543 3546 4066 
3590 1539 2466 2467 
3591 4679 1424 4839 
3592 2054 1860 2361 
3593 2037 2038 2092 
3594 3023 2584 3024 
3595 1226 1234 1235 
3596 3921 3381 5434 
3597 1918 1920 4391 
3598 3963 2621 4076 
3599 1908 2377 5281 
3600 2286 2391 4485 
3601 1560 1559 3912 
3602 2137 1924 2430 
3603 1046 3924 3928 
3604 1975 2795 2796 
3605 479 5271 5368 
3606 1851 1852 2037 
3607 3805 3806 3808 
3608 783 780 3658 
3609 1210 1212 3913 
3610 3725 3921 4405 
3611 1296 1282 1297 
3612 3747 3750 3751 
3613 2734 2733 3473 
3614 2505 1986 3537 
3615 2433 2434 2726 
3616 841 836 3856 
3617 415 4172 4540 
3618 2627 2629 4102 
3619 1300 1298 1305 
3620 2430 1924 2431 
3621 824 822 3855 
3622 576 575 577 
3623 2989 2988 3585 
3624 2833 2430 3881 
3625 2831 2527 2832 
3626 2273 2274 2344 
3627 519 15 4303 
3628 806 804 812 
3629 5034 2749 5263 
3630 1994 1789 2094 
3631 2332 2331 2988 
3632 2008 1858 2057 
3633 3000 3901 3902 
3634 1425 1777 2503 
3635 971 970 972 
3636 3547 3160 5455 
3637 1712 1104 1973 
3638 696 674 697 
3639 858 846 3830 
3640 1909 1684 1924 
3641 1750 1748 3864 
3642 1824 1822 2161 
3643 1382 1384 1385 
3644 2109 2048 2941 
3645 1235 1238 1239 
3646 1100 1103 4248 
3647 2244 2540 2670 
3648 2764 2339 3949 
3649 1748 1746 2253 
3650 1453 1454 1455 
3651 2339 2337 2661 
3652 3211 2594 3212 
3653 2113 2145 2146 
3654 2236 2780 3458 
3655 1046 1126 3924 
3656 1712 1973 1974 
3657 2606 2604 3741 
3658 453 4067 5227 
3659 3383 1865 5704 
3660 3413 2310 3566 
3661 2644 2645 2646 
3662 790 954 3829 
3663 4081 180 5520 
3664 2778 2626 4181 
3665 597 595 3644 
3666 3302 3299 3441 
3667 3793 3788 3794 
3668 1109 1050 1988 
3669 653 647 1202 
3670 3392 3391 5632 
3671 1975 2794 2795 
3672 1687 1588 2571 
3673 3285 2984 3673 
3674 2415 4064 4290 
3675 448 51 3947 
3676 2245 2246 3914 
3677 2907 4356 4603 
3678 2115 2114 2515 
3679 4076 2682 4077 
3680 2910 4588 4876 
3681 3153 2611 3776 
3682 3135 3136 3314 
3683 2585 2584 3023 
3684 445 56 3942 
3685 4080 3605 4081 
3686 950 893 4071 
3687 702 691 4043 
3688 2463 2030 3720 
3689 987 1012 2422 
3690 878 864 4064 
3691 3314 3315 3316 
3692 4194 4195 4196 
3693 1239 1243 1244 
3694 2146 2428 2455 
3695 716 707 965 
3696 3260 3261 3262 
3697 1333 1334 1342 
3698 772 773 774 
3699 2724 3448 4174 
3700 3366 3939 5114 
3701 2516 2515 3323 
3702 2395 4878 5043 
3703 993 953 1584 
3704 1761 1762 1890 
3705 2455 2922 2923 
3706 693 690 4452 
3707 2090 597 3644 
3708 586 585 587 
3709 2467 2468 2469 
3710 3525 3524 3526 
3711 1925 2589 4192 
3712 2521 2519 2596 
3713 3202 3871 4915 
3714 794 792 4008 
3715 603 604 605 
3716 3011 2046 3289 
3717 1080 1078 4088 
3718 2655 3833 3834 
3719 4223 2997 4590 
3720 2469 2470 2471 
3721 3718 3717 3719 
3722 3888 3792 5157 
3723 1375 1377 1379 
3724 1887 2014 2015 
3725 2598 3404 4637 
3726 3810 3815 3818 
3727 2583 2582 2584 
3728 4108 460 4451 
3729 818 817 827 
3730 1326 1327 1333 
3731 2621 2622 2623 
3732 2722 2724 3779 
3733 2786 3167 3168 
3734 2016 2018 2020 
3735 1684 1563 3912 
3736 2829 2830 3065 
3737 1222 1227 1228 
3738 4616 3350 4767 
3739 437 61 3941 
3740 2646 2647 2698 
3741 1249 1250 1251 
3742 2940 741 3016 
3743 1455 1456 1457 
3744 1828 1826 2265 
3745 1669 3779 4798 
3746 598 597 599 
3747 1543 1544 1703 
3748 2623 2624 2625 
3749 1911 1923 4035 
3750 2401 1534 3504 
3751 1250 1244 4000 
3752 1533 3686 4070 
3753 655 657 4389 
3754 2925 2871 3108 
3755 2623 2622 2624 
3756 2306 2102 2732 
3757 2621 2620 2622 
3758 592 591 593 
3759 1514 1515 1516 
3760 493 29 3962 
3761 2471 2472 2473 
3762 1948 2263 2264 
3763 1930 1928 2736 
3764 1661 4697 5726 
3765 951 882 953 
3766 2477 2478 2481 
3767 3152 4665 5281 
3768 3872 2968 3873 
3769 1932 1931 2041 
3770 1773 1651 1858 
3771 2487 2488 2491 
3772 1443 1447 4373 
3773 2485 2486 2487 
3774 2625 2626 2627 
3775 1618 1205 4098 
3776 2333 720 5292 
3777 3415 4947 5074 
3778 1509 1510 1514 
3779 600 599 601 
3780 4172 4173 4540 
3781 778 779 780 
3782 2364 3089 3206 
3783 2769 3538 5304 
3784 4955 3347 5094 
3785 3969 3967 3971 
3786 2625 2624 2626 
3787 1362 1364 1374 
3788 2694 4266 5508 
3789 3641 1709 4480 
3790 1855 1573 2733 
3791 1759 1605 4270 
3792 2408 2407 2745 
3793 2129 1305 3650 
3794 3631 2639 3632 
3795 3345 2505 3346 
3796 1563 1560 3912 
3797 1861 1522 3507 
3798 2990 2331 3651 
3799 1457 1458 1459 
3800 1312 1310 1346 
3801 2201 4470 4519 
3802 711 702 4043 
3803 1228 1229 1230 
3804 2616 2618 3963 
3805 2504 1986 2505 
3806 3985 1346 3992 
3807 492 5042 5333 
3808 3570 1418 5056 
3809 3968 3967 3969 
3810 1873 1955 4086 
3811 863 877 4131 
3812 2618 2620 2621 
3813 1445 1446 5525 
3814 890 878 4064 
3815 1897 1876 2240 
3816 2280 2281 2459 
3817 2698 2699 4220 
3818 866 881 4125 
3819 4761 2252 5017 
3820 1459 1460 1461 
3821 4102 2632 4103 
3822 4055 2259 4056 
3823 2415 890 4064 
3824 3935 645 4003 
3825 782 783 784 
3826 2558 2560 3335 
3827 3253 711 4043 
3828 3629 2635 3630 
3829 3716 2746 3717 
3830 497 23 3967 
3831 1491 1492 1500 
3832 814 811 3825 
3833 2627 2628 2629 
3834 3805 3809 4368 
3835 1230 1231 1232 
3836 1475 1476 1491 
3837 2040 1974 3765 
3838 975 950 4071 
3839 3220 3064 3408 
3840 582 581 583 
3841 3290 2739 4046 
3842 666 663 1128 
3843 2653 3497 3604 
3844 1749 1748 1750 
3845 2517 1630 3843 
3846 617 615 618 
3847 3217 3218 3219 
3848 1795 4472 5554 
3849 2629 2630 2631 
3850 2275 4302 4945 
3851 1303 1304 1319 
3852 2627 2626 2628 
3853 2768 2415 3325 
3854 2626 2624 4181 
3855 4027 2627 4102 
3856 3275 3170 3276 
3857 1941 2749 5034 
3858 602 601 603 
3859 3844 1399 4306 
3860 2201 4469 4470 
3861 4187 884 5189 
3862 647 645 3935 
3863 2962 3548 3549 
3864 3009 2046 3011 
3865 4258 952 4324 
3866 1747 1746 1748 
3867 663 659 4033 
3868 510 59 4005 
3869 2074 2075 2280 
3870 501 20 3974 
3871 1161 1162 1163 
3872 1232 1233 1236 
3873 2739 2605 4046 
3874 3556 506 3919 
3875 396 507 4114 
3876 607 608 609 
3877 3652 3651 3653 
3878 1862 1981 1982 
3879 2395 1571 4960 
3880 1352 1354 1361 
3881 3918 975 4071 
3882 2743 3189 3190 
3883 797 794 4008 
3884 1119 4125 4952 
3885 3690 3072 4236 
3886 1236 1237 1241 
3887 2369 1977 2371 
3888 3668 2535 3669 
3889 502 17 3973 
3890 1693 1538 4748 
3891 2631 2927 2929 
3892 3003 3798 4832 
3893 2629 2628 2630 
3894 619 618 626 
3895 2526 2322 2527 
3896 511 54 4009 
3897 1169 1170 1171 
3898 429 72 3939 
3899 2631 2630 2927 
3900 2761 3677 5444 
3901 1132 1080 4088 
3902 1683 1563 1684 
3903 1241 1242 1246 
3904 3542 3543 4066 
3905 1461 1462 1463 
3906 1167 1168 1169 
3907 3063 3064 3217 
3908 2049 2048 2109 
3909 2148 2551 2552 
3910 3168 4235 5257 
3911 2984 2097 4072 
3912 640 633 970 
3913 811 808 2499 
3914 1976 1697 1977 
3915 3497 3498 5342 
3916 2264 2841 3610 
3917 2091 3722 4598 
3918 3444 3187 5509 
3919 1165 1166 1167 
3920 5138 2313 5203 
3921 556 403 4097 
3922 394 517 4116 
3923 2072 2073 2074 
3924 1106 1109 1552 
3925 512 49 4011 
3926 509 64 4051 
3927 692 700 4652 
3928 997 998 3616 
3929 3341 2736 3419 
3930 2093 2117 2273 
3931 1038 1050 1106 
3932 1046 1125 1126 
3933 3741 2604 4424 
3934 2748 4085 4183 
3935 2703 2705 2706 
3936 1911 1913 1923 
3937 2042 2041 2564 
3938 1955 2570 4086 
3939 65 434 4051 
3940 1447 1667 4373 
3941 1369 1368 1707 
3942 2358 2741 3224 
3943 4436 2432 5248 
3944 2929 2927 3506 
3945 4276 3171 4942 
3946 453 47 4067 
3947 2417 4079 5110 
3948 2089 1901 2331 
3949 1348 1350 1351 
3950 3432 3433 5000 
3951 899 898 900 
3952 827 1597 3966 
3953 788 789 790 
3954 3970 2060 5246 
3955 513 45 4016 
3956 2413 2429 3051 
3957 1697 1132 4088 
3958 584 583 585 
3959 1915 1917 1918 
3960 48 512 4067 
3961 816 814 817 
3962 2605 2604 2606 
3963 392 504 4122 
3964 1804 1618 4098 
3965 4309 1194 4635 
3966 1101 1130 4212 
3967 1850 1639 2582 
3968 640 970 971 
3969 1163 1164 1165 
3970 1437 1938 1939 
3971 884 4187 5563 
3972 1891 1910 4115 
3973 2545 2216 2546 
3974 463 43 4019 
3975 3498 2949 4989 
3976 2522 1121 3980 
3977 740 741 869 
3978 1594 2388 4477 
3979 715 716 740 
3980 653 1202 2080 
3981 1126 1158 1159 
3982 2565 2564 3904 
3983 1477 1468 4090 
3984 1084 3037 3068 
3985 1246 1247 1267 
3986 1141 1087 1142 
3987 706 707 715 
3988 3057 2975 3058 
3989 3776 2611 4447 
3990 2894 2545 4037 
3991 2224 2097 2984 
3992 1956 1874 4156 
3993 3071 2731 4113 
3994 4004 2043 4085 
3995 3970 3969 4082 
3996 398 516 4344 
3997 514 41 4021 
3998 1066 1791 4059 
3999 2699 2701 2702 
4000 590 589 591 
4001 3683 1471 3684 
4002 992 993 1038 
4003 896 960 4289 
4004 4837 3815 5415 
4005 2570 3288 4086 
4006 901 900 902 
4007 3219 3328 3368 
4008 1789 1552 4188 
4009 1318 1316 1358 
4010 3051 3052 3295 
4011 1994 2094 2358 
4012 468 39 4026 
4013 4262 1882 4901 
4014 2664 2663 3476 
4015 1891 1893 1910 
4016 2480 4234 4388 
4017 1644 1888 4942 
4018 2640 2643 2644 
4019 1846 1847 2271 
4020 1371 1369 4143 
4021 2722 3779 4426 
4022 2662 841 3856 
4023 1024 1026 3861 
4024 4366 1855 4730 
4025 3121 2411 3122 
4026 2724 3134 3448 
4027 2934 2500 3839 
4028 2797 2799 3933 
4029 2681 3128 4916 
4030 1121 1124 1846 
4031 4001 2325 4002 
4032 87 88 3670 
4033 2827 4321 5052 
4034 1267 1268 1278 
4035 2319 2196 2320 
4036 1954 858 3830 
4037 1042 1048 1121 
4038 3338 2992 3343 
4039 1278 1279 1284 
4040 1878 1959 3922 
4041 1343 1345 1347 
4042 2573 2520 2874 
4043 2759 2760 2761 
4044 1177 1178 1179 
4045 2821 2611 3153 
4046 4096 3617 5014 
4047 3201 2162 4396 
4048 2722 2723 2724 
4049 591 589 4257 
4050 469 35 4032 
4051 598 599 600 
4052 2141 1742 2222 
4053 2070 2071 2072 
4054 1067 2905 4450 
4055 2156 2588 4391 
4056 4091 1040 4092 
4057 3606 3605 4080 
4058 3816 3810 3818 
4059 5128 3222 5204 
4060 4588 2885 4876 
4061 3540 3541 3542 
4062 696 697 706 
4063 3904 2826 4669 
4064 1984 1793 1986 
4065 771 768 3761 
4066 1175 1176 1177 
4067 4368 3809 4789 
4068 977 1775 4530 
4069 2606 5209 5288 
4070 2636 2638 2639 
4071 1128 663 4033 
4072 2055 1804 4098 
4073 744 711 3253 
4074 4010 2714 4052 
4075 4073 3569 4074 
4076 3153 3776 4063 
4077 2070 2072 4068 
4078 2709 2828 2829 
4079 887 897 898 
4080 985 940 2200 
4081 1704 1706 1761 
4082 34 469 4075 
4083 877 958 4131 
4084 2589 4191 4192 
4085 1043 1089 4249 
4086 2402 2404 2405 
4087 2782 2349 3096 
4088 2494 2495 2496 
4089 1610 1845 1880 
4090 3474 3558 3685 
4091 927 890 2415 
4092 3012 2781 3503 
4093 3539 2496 3540 
4094 2682 2625 4027 
4095 631 4054 4062 
4096 2525 2119 2781 
4097 872 861 2046 
4098 4033 659 4135 
4099 2118 1889 2119 
4100 2778 4181 4182 
4101 1745 979 1746 
4102 596 595 597 
4103 611 612 613 
4104 4166 4993 5165 
4105 1888 1645 1889 
4106 1939 1940 1941 
4107 1083 948 4888 
4108 1202 647 3935 
4109 3423 3417 3424 
4110 3542 3541 3543 
4111 978 989 1042 
4112 2536 2538 2792 
4113 3422 3155 5155 
4114 301 3917 4176 
4115 1480 1478 3800 
4116 1581 1146 1651 
4117 3659 779 3660 
4118 1222 1228 4089 
4119 600 601 602 
4120 979 975 3918 
4121 881 886 887 
4122 1331 1329 1359 
4123 3543 3545 3546 
4124 1941 1942 2070 
4125 2077 1743 2078 
4126 3143 2399 3144 
4127 1198 1199 1664 
4128 2968 2967 2969 
4129 4750 3156 4946 
4130 4419 1083 5113 
4131 1517 1519 1543 
4132 1581 3703 3704 
4133 631 628 4054 
4134 2764 3949 3950 
4135 1320 1322 1326 
4136 1622 5228 5458 
4137 887 898 899 
4138 1613 1612 1660 
4139 2482 2484 2485 
4140 4128 1014 4556 
4141 71 72 429 
4142 1513 4202 4454 
4143 1194 1195 1198 
4144 2492 2634 2635 
4145 3936 2940 4625 
4146 2879 3385 4599 
4147 1986 1793 3836 
4148 4202 3680 5571 
4149 443 4507 4611 
4150 68 69 472 
4151 2048 1069 3885 
4152 3610 3611 3612 
4153 2337 1906 4281 
4154 65 66 434 
4155 2136 1830 4237 
4156 1959 1960 1961 
4157 1723 1725 4001 
4158 3584 4235 4610 
4159 410 3603 5104 
4160 2677 3471 4042 
4161 1982 1981 4224 
4162 63 64 509 
4163 964 3751 5071 
4164 951 953 992 
4165 1042 1121 2522 
4166 1631 1630 1767 
4167 1320 1326 4157 
4168 2616 3963 4452 
4169 4786 2678 4787 
4170 1077 1069 2048 
4171 60 61 437 
4172 3191 2368 3326 
4173 2618 2619 2620 
4174 925 922 4259 
4175 2632 2631 4040 
4176 58 59 510 
4177 2616 2617 2618 
4178 3605 3604 4758 
4179 2325 2326 2494 
4180 2591 1171 3706 
4181 1846 2271 2713 
4182 2450 2451 2452 
4183 1150 1153 4111 
4184 55 56 445 
4185 2515 2114 3863 
4186 2460 2462 2535 
4187 1664 1665 1877 
4188 1696 1132 1697 
4189 1505 1508 1509 
4190 3267 4272 5518 
4191 899 900 901 
4192 4133 2582 4318 
4193 2218 3846 3847 
4194 53 54 511 
4195 3619 3622 4210 
4196 3358 3359 4180 
4197 960 3934 4478 
4198 4280 3591 5083 
4199 2474 2476 2477 
4200 1196 3796 4977 
4201 381 3997 4132 
4202 402 403 556 
4203 2434 2040 3765 
4204 1545 1420 1546 
4205 4059 3311 4060 
4206 784 2497 3977 
4207 1429 1427 3425 
4208 606 605 607 
4209 50 51 448 
4210 1457 1459 4808 
4211 3066 2739 3290 
4212 3619 2092 3621 
4213 1187 1188 1690 
4214 3561 2850 5725 
4215 4979 2856 4991 
4216 1501 1503 1504 
4217 48 49 512 
4218 3416 2797 3933 
4219 796 797 798 
4220 3516 3518 4719 
4221 1419 1417 1420 
4222 46 47 453 
4223 2401 3504 4559 
4224 968 3760 4674 
4225 2135 2608 3979 
4226 1943 1944 3961 
4227 44 45 513 
4228 1830 1700 4237 
4229 1472 1474 1475 
4230 2020 3753 4100 
4231 826 824 833 
4232 958 2693 4131 
4233 2570 3287 3288 
4234 859 858 875 
4235 2007 650 4267 
4236 4714 3697 5451 
4237 855 866 1119 
4238 42 43 463 
4239 3741 1438 4886 
4240 441 4080 5520 
4241 4091 4092 4093 
4242 1399 1371 4143 
4243 3872 4337 4411 
4244 2268 1956 4156 
4245 3818 1653 4295 
4246 40 41 514 
4247 4260 4259 4566 
4248 2039 1974 2040 
4249 1784 1716 2604 
4250 1367 1356 1368 
4251 842 841 847 
4252 1725 2325 4001 
4253 3591 2419 3592 
4254 1936 1804 2055 
4255 1513 3680 4202 
4256 38 39 468 
4257 1047 1045 1104 
4258 1086 1054 1087 
4259 2962 2960 2963 
4260 2844 4335 4336 
4261 3235 2726 3245 
4262 4314 4315 4704 
4263 2388 3033 4477 
4264 2000 2381 2603 
4265 668 1040 4091 
4266 3335 2560 4440 
4267 1464 1466 1471 
4268 36 37 515 
4269 866 880 881 
4270 4299 3729 5585 
4271 1644 1551 1645 
4272 2193 2192 2194 
4273 2949 2654 2950 
4274 1609 2592 2593 
4275 1909 1924 2137 
4276 4046 2606 5618 
4277 2137 2430 2833 
4278 34 35 469 
4279 4944 3990 5724 
4280 1339 2994 2995 
4281 3278 3387 4843 
4282 3103 2417 5326 
4283 2551 1998 4228 
4284 2755 2757 2759 
4285 3929 2930 5217 
4286 2452 2660 3162 
4287 2886 2885 4588 
4288 2797 2795 2799 
4289 2046 861 3862 
4290 3124 3082 3934 
4291 1711 1104 1712 
4292 2411 1871 3948 
4293 2081 2658 2825 
4294 1725 1885 2325 
4295 2079 2721 2722 
4296 2163 655 4389 
4297 1975 1973 2794 
4298 3948 4050 4648 
4299 612 609 3801 
4300 2494 2496 3539 
4301 31 32 480 
4302 596 597 598 
4303 3012 3503 4108 
4304 2144 2239 4250 
4305 2588 3259 4391 
4306 1877 1878 3922 
4307 2128 2062 2611 
4308 2718 1844 4252 
4309 2199 3310 3311 
4310 3969 3972 4082 
4311 3297 2809 3298 
4312 28 29 493 
4313 876 875 928 
4314 1201 1612 1613 
4315 1110 1556 1610 
4316 1357 3608 5494 
4317 1294 1302 1303 
4318 1373 1371 1399 
4319 3328 3218 5365 
4320 2363 2364 3744 
4321 2432 2040 2433 
4322 1172 1174 1175 
4323 1595 1593 1596 
4324 832 829 1439 
4325 958 2498 2693 
4326 25 26 495 
4327 900 4006 4145 
4328 827 1428 1597 
4329 3734 3236 5470 
4330 766 765 4148 
4331 901 902 903 
4332 1591 997 3616 
4333 626 2114 2115 
4334 3941 3957 3960 
4335 3903 4616 4767 
4336 1791 2199 4059 
4337 3721 536 4903 
4338 1844 1702 4252 
4339 2355 4213 4359 
4340 2706 3943 3945 
4341 3574 1240 3577 
4342 3449 499 5358 
4343 371 520 4141 
4344 4436 5248 5273 
4345 3559 2445 5570 
4346 1683 1684 1909 
4347 2583 2584 2585 
4348 1130 1585 4212 
4349 1934 1710 1968 
4350 3362 3366 4180 
4351 4034 4354 4393 
4352 3050 2384 3256 
4353 369 467 4142 
4354 3514 3516 4719 
4355 2628 2778 4184 
4356 3420 3341 5626 
4357 2686 1903 4107 
4358 2359 2078 2360 
4359 707 697 3938 
4360 22 23 497 
4361 1201 1200 1612 
4362 1663 2147 2616 
4363 1140 1925 4192 
4364 1167 1169 4413 
4365 2115 2515 2516 
4366 2561 2562 2655 
4367 3968 3969 3970 
4368 2265 3890 3891 
4369 3982 3987 3988 
4370 1094 1105 4497 
4371 3540 2496 3541 
4372 4893 3108 4984 
4373 1413 1416 4994 
4374 2653 2652 2654 
4375 3236 2394 3237 
4376 2082 1797 4296 
4377 3546 3545 3695 
4378 4668 2602 4883 
4379 2025 2024 2311 
4380 2200 4259 4260 
4381 365 465 4144 
4382 1744 2113 4480 
4383 19 20 501 
4384 16 17 502 
4385 497 3967 3968 
4386 1148 1150 4111 
4387 924 938 978 
4388 2494 2326 2495 
4389 1253 1251 3819 
4390 1629 1396 1630 
4391 940 925 4259 
4392 1721 1723 2903 
4393 1290 1292 1293 
4394 681 1641 4316 
4395 2 78 423 
4396 3082 2268 4156 
4397 1010 1084 4265 
4398 3786 3793 4339 
4399 2200 940 4259 
4400 3847 3848 3850 
4401 1521 1522 1523 
4402 2412 2411 3121 
4403 3541 2496 4245 
4404 5331 5135 5401 
4405 363 522 4146 
4406 505 13 4084 
4407 514 4021 4022 
4408 3362 3364 3366 
4409 14 15 519 
4410 2405 2848 2869 
4411 3426 3425 3509 
4412 2201 1757 4468 
4413 47 48 4067 
4414 2926 2511 4065 
4415 855 865 866 
4416 610 609 611 
4417 1180 1182 1183 
4418 625 623 2259 
4419 1962 1964 2068 
4420 361 450 4147 
4421 3544 3541 4245 
4422 2239 3090 3095 
4423 955 1721 4007 
4424 1730 1649 4271 
4425 4110 4109 4644 
4426 3617 5135 5331 
4427 12 13 505 
4428 3242 4142 5463 
4429 1639 1636 4318 
4430 2928 4185 4186 
4431 359 523 4149 
4432 2189 2188 2190 
4433 1119 866 4125 
4434 2240 1876 3894 
4435 2199 3311 4059 
4436 953 882 3936 
4437 3081 2268 3082 
4438 2271 1847 2272 
4439 3527 4754 4964 
4440 3688 3275 4216 
4441 1072 1071 1155 
4442 570 568 4293 
4443 632 631 633 
4444 1416 1415 1417 
4445 1850 2582 2583 
4446 626 2115 4326 
4447 2859 3240 3291 
4448 4115 1910 4840 
4449 64 65 4051 
4450 2584 2582 4133 
4451 3627 2491 3628 
4452 1846 1124 1847 
4453 929 928 966 
4454 5020 3371 5134 
4455 708 738 739 
4456 1285 1287 1289 
4457 33 34 4075 
4458 2593 2594 3211 
4459 2995 3766 3767 
4460 2201 4468 4469 
4461 474 5130 5131 
4462 767 766 768 
4463 2815 2363 3744 
4464 630 628 631 
4465 5170 3310 5277 
4466 476 4169 5287 
4467 763 762 764 
4468 1121 1048 1124 
4469 354 524 4151 
4470 1400 1398 1401 
4471 97 98 5315 
4472 4006 955 4007 
4473 739 854 855 
4474 10 11 552 
4475 2152 2154 4320 
4476 967 966 1014 
4477 4030 4029 5412 
4478 3809 3814 4789 
4479 1042 989 1048 
4480 552 11 4095 
4481 2231 2019 2232 
4482 2985 3350 4616 
4483 2504 2505 3345 
4484 603 606 4047 
4485 840 836 841 
4486 1089 1979 4249 
4487 1041 4321 4928 
4488 3665 2459 3667 
4489 1770 1768 2031 
4490 607 610 4069 
4491 617 618 619 
4492 3158 3157 4467 
4493 2736 1928 3758 
4494 3844 4306 5441 
4495 3427 2744 5339 
4496 2115 2843 4326 
4497 3743 5267 5639 
4498 3588 2689 5439 
4499 4052 2714 4053 
4500 1531 1534 1535 
4501 396 397 507 
4502 1533 4070 5100 
4503 1878 1958 1959 
4504 2657 3568 3569 
4505 1859 1781 1860 
4506 3370 4215 4746 
4507 356 4049 4150 
4508 2641 3633 5196 
4509 3238 3237 3463 
4510 1747 1748 1749 
4511 3596 3597 3601 
4512 1046 996 1125 
4513 1449 1451 4251 
4514 887 886 897 
4515 2053 1860 2054 
4516 394 395 517 
4517 3812 3807 3813 
4518 8 9 554 
4519 344 526 4162 
4520 857 846 858 
4521 3856 1439 4511 
4522 1585 2170 2171 
4523 2181 2180 2182 
4524 403 404 4097 
4525 1211 3377 4242 
4526 3359 3362 4180 
4527 3740 1621 4741 
4528 4207 2547 4208 
4529 3726 4617 5600 
4530 553 92 3527 
4531 2126 1903 2686 
4532 1633 1613 1634 
4533 2655 2656 3832 
4534 872 2046 3009 
4535 2718 4252 4253 
4536 351 4012 4153 
4537 349 525 4155 
4538 2747 3490 5021 
4539 1984 1986 2504 
4540 2325 1885 2326 
4541 903 902 904 
4542 3762 3715 4892 
4543 761 760 762 
4544 1385 3930 3931 
4545 628 625 4054 
4546 590 591 592 
4547 392 393 504 
4548 4239 3041 5144 
4549 1782 1596 1783 
4550 1801 1813 1814 
4551 919 921 1583 
4552 1943 1783 1944 
4553 3500 1642 5352 
4554 2031 1768 4200 
4555 2844 4336 4928 
4556 3747 3748 3750 
4557 2103 2054 2104 
4558 3907 3905 3908 
4559 3705 2246 5080 
4560 927 2415 2768 
4561 3537 3836 5254 
4562 1426 3956 4705 
4563 390 391 518 
4564 881 880 886 
4565 634 633 640 
4566 2175 3172 4595 
4567 2782 3096 3737 
4568 1161 1159 1162 
4569 2301 3123 4189 
4570 1966 2293 2366 
4571 2840 2508 3198 
4572 3124 5085 5200 
4573 2120 3519 4276 
4574 668 672 1040 
4575 972 970 2609 
4576 3747 2361 3748 
4577 898 955 4006 
4578 3599 3596 3601 
4579 388 389 499 
4580 2623 2625 2682 
4581 2808 1904 2809 
4582 2049 2109 2110 
4583 2013 1886 3222 
4584 2943 2942 3120 
4585 4219 915 4370 
4586 1745 1746 1747 
4587 3681 1463 3682 
4588 330 425 4165 
4589 759 758 760 
4590 2259 623 4057 
4591 328 527 4169 
4592 1102 1100 4248 
4593 2124 1871 2411 
4594 2412 3121 4266 
4595 662 668 4091 
4596 2698 4220 4231 
4597 4263 677 4322 
4598 479 3636 5646 
4599 554 9 4106 
4600 3021 2080 3173 
4601 3122 2411 3948 
4602 1976 1977 2369 
4603 757 756 758 
4604 323 424 4170 
4605 2663 3536 5664 
4606 2629 2631 2632 
4607 385 386 496 
4608 321 528 4171 
4609 2236 1968 2294 
4610 1585 2171 4212 
4611 3067 2816 3277 
4612 2426 2294 2816 
4613 3584 4234 4235 
4614 3641 4480 4481 
4615 3072 3371 4236 
4616 1597 1625 1626 
4617 1391 1389 1392 
4618 398 399 516 
4619 309 530 4172 
4620 3367 2587 3820 
4621 3711 419 5702 
4622 382 383 494 
4623 346 4014 4158 
4624 304 531 4175 
4625 4496 2944 4734 
4626 2218 3847 4488 
4627 3973 4028 4030 
4628 2801 2387 4934 
4629 299 532 4177 
4630 720 572 3505 
4631 3278 3277 3279 
4632 3950 3949 5130 
4633 1300 1305 1306 
4634 381 382 3997 
4635 3355 3357 3358 
4636 3975 4047 4314 
4637 792 790 3829 
4638 1077 2048 2049 
4639 769 768 770 
4640 2097 2095 4072 
4641 2495 2677 4245 
4642 379 380 492 
4643 818 827 3966 
4644 898 897 955 
4645 706 715 4240 
4646 1296 1297 1298 
4647 2094 1789 4188 
4648 3726 3725 4405 
4649 3255 5222 5703 
4650 2416 2104 2417 
4651 751 750 752 
4652 3937 3261 4139 
4653 616 615 617 
4654 2239 3095 4250 
4655 2021 3580 5689 
4656 1910 1911 4035 
4657 2941 2048 3885 
4658 4996 3424 5268 
4659 997 962 998 
4660 606 607 4069 
4661 1588 1071 3920 
4662 376 377 473 
4663 848 722 930 
4664 2624 2622 2987 
4665 1696 1697 1976 
4666 1885 1726 4367 
4667 2620 3119 4127 
4668 900 898 4006 
4669 639 636 2043 
4670 2724 2723 3134 
4671 4470 4469 4471 
4672 2407 2403 4559 
4673 4091 4093 4389 
4674 786 784 3977 
4675 2264 2263 2508 
4676 3354 3353 3355 
4677 1091 1044 4258 
4678 1342 1343 3781 
4679 1641 679 4263 
4680 559 561 2028 
4681 1017 1015 1071 
4682 615 613 4152 
4683 847 2664 4058 
4684 1153 1200 1201 
4685 1023 1022 1024 
4686 373 374 470 
4687 2113 2445 4480 
4688 2696 3451 5012 
4689 2929 3506 4634 
4690 866 865 880 
4691 371 372 520 
4692 3066 3290 3782 
4693 4253 4252 4254 
4694 1044 952 4258 
4695 369 370 467 
4696 2761 2760 3140 
4697 1729 1649 1730 
4698 1442 1440 2697 
4699 1184 1186 1187 
4700 3135 2465 3136 
4701 1640 1850 4442 
4702 3537 1986 3836 
4703 100 101 5010 
4704 74 75 482 
4705 614 613 615 
4706 367 368 521 
4707 961 945 962 
4708 2628 2626 2778 
4709 1784 2604 2605 
4710 2862 2861 4657 
4711 1385 1384 1386 
4712 1979 2528 3061 
4713 365 366 465 
4714 2589 4189 4190 
4715 2908 2312 2942 
4716 753 752 754 
4717 563 565 1614 
4718 4699 3456 4844 
4719 363 364 522 
4720 2257 1601 4894 
4721 3892 2161 5654 
4722 1925 2132 2589 
4723 2927 2630 2928 
4724 747 746 748 
4725 602 603 4047 
4726 361 362 450 
4727 3085 2344 3086 
4728 1626 2095 2097 
4729 3324 2515 3863 
4730 2681 2680 3128 
4731 359 360 523 
4732 1780 1129 1781 
4733 2595 4111 4562 
4734 1880 1845 2081 
4735 2549 3158 5436 
4736 959 2547 4207 
4737 3543 3544 3545 
4738 357 358 449 
4739 978 938 989 
4740 904 902 905 
4741 2759 2757 2760 
4742 4165 425 4166 
4743 1148 1149 1150 
4744 3587 2689 3588 
4745 2722 2721 2723 
4746 4088 1078 4410 
4747 944 936 945 
4748 4196 4195 4197 
4749 354 355 524 
4750 2396 2395 5043 
4751 3596 3595 3597 
4752 646 645 647 
4753 1929 1931 1932 
4754 2618 2617 2619 
4755 1607 1604 1627 
4756 3462 3338 5559 
4757 1211 1209 3377 
4758 352 353 446 
4759 2997 783 3658 
4760 2224 2984 3285 
4761 926 1148 2595 
4762 2620 2619 3119 
4763 1649 1648 4271 
4764 382 494 3997 
4765 349 350 525 
4766 3009 4923 5655 
4767 2825 2658 3055 
4768 3250 3248 3383 
4769 593 596 4311 
4770 2807 1849 4288 
4771 855 854 865 
4772 347 348 438 
4773 1716 1207 4424 
4774 3576 3574 4209 
4775 2675 2087 2676 
4776 3755 3754 4721 
4777 2128 2611 2821 
4778 3299 2809 3932 
4779 5269 2456 5281 
4780 468 3699 5364 
4781 1924 1684 4514 
4782 344 345 526 
4783 618 615 4152 
4784 342 343 436 
4785 356 357 4049 
4786 640 971 2748 
4787 2363 2232 2364 
4788 1206 2000 4420 
4789 614 615 616 
4790 339 340 474 
4791 3580 2021 5385 
4792 3289 2046 3862 
4793 4107 2039 4436 
4794 1610 1556 1845 
4795 4826 3615 5706 
4796 336 337 430 
4797 2678 749 3643 
4798 1126 1125 1158 
4799 1150 1151 1152 
4800 644 642 645 
4801 1240 1234 3609 
4802 333 334 475 
4803 2798 3417 3423 
4804 4186 4185 4187 
4805 2693 2498 3203 
4806 351 352 4012 
4807 959 2052 2547 
4808 3927 4972 5398 
4809 1602 1342 3781 
4810 330 331 425 
4811 328 329 527 
4812 3768 3767 4982 
4813 1647 1634 1648 
4814 326 327 476 
4815 870 869 882 
4816 1140 1864 1925 
4817 323 324 424 
4818 3727 3024 3728 
4819 321 322 528 
4820 505 4084 4505 
4821 2616 2147 2617 
4822 2039 2432 4436 
4823 2589 2132 4189 
4824 319 320 477 
4825 316 317 417 
4826 313 314 529 
4827 311 312 451 
4828 2419 2033 3593 
4829 309 310 530 
4830 2132 2301 4189 
4831 307 308 415 
4832 304 305 531 
4833 1617 2079 4426 
4834 1971 1970 1972 
4835 302 303 439 
4836 4475 384 4489 
4837 3035 2267 4803 
4838 2624 2987 4181 
4839 299 300 532 
4840 297 298 411 
4841 3773 834 3774 
4842 546 4345 4594 
4843 739 738 854 
4844 603 605 606 
4845 775 774 776 
4846 4219 4370 4621 
4847 3125 5390 5505 
4848 2595 4562 4621 
4849 1829 1731 4455 
4850 294 295 478 
4851 2568 1849 2807 
4852 935 934 936 
4853 1446 1444 1452 
4854 1007 1006 1008 
4855 1053 1028 1054 
4856 387 388 4527 
4857 1190 1193 1194 
4858 291 292 431 
4859 816 817 818 
4860 648 647 653 
4861 1379 1377 1380 
4862 4414 610 4417 
4863 2668 2082 4296 
4864 1042 2522 4576 
4865 346 347 4014 
4866 288 289 479 
4867 906 905 907 
4868 4907 1411 5701 
4869 2332 2988 2989 
4870 1163 1162 1164 
4871 3065 3799 5222 
4872 2141 2222 2500 
4873 2062 1839 4447 
4874 2035 2002 2036 
4875 1712 2039 4107 
4876 1167 1166 1168 
4877 2 423 4112 
4878 285 286 408 
4879 1925 2131 2132 
4880 3672 1105 4954 
4881 3129 2409 3130 
4882 1609 2593 4413 
4883 679 677 4263 
4884 584 585 586 
4885 1169 1168 1170 
4886 2676 2087 4356 
4887 85 86 4795 
4888 3080 2463 3720 
4889 3734 545 4515 
4890 3675 4279 5612 
4891 2547 2052 4044 
4892 847 2663 2664 
4893 1730 4271 5666 
4894 547 4015 4608 
4895 2450 2431 2451 
4896 1165 1164 1166 
4897 3955 843 4913 
4898 1660 1612 4126 
4899 3050 3256 3449 
4900 1553 1552 1789 
4901 2589 4190 4191 
4902 995 1045 1047 
4903 704 699 1895 
4904 2778 4182 4513 
4905 1608 3876 4325 
4906 2448 2004 2541 
4907 3081 3082 3124 
4908 1712 1974 2039 
4909 1153 1152 1200 
4910 1539 1537 2466 
4911 1150 1152 1153 
4912 3979 2608 4946 
4913 1576 1579 4230 
4914 3098 2668 3281 
4915 2089 2331 2332 
4916 3010 3009 5655 
4917 3206 3089 3207 
4918 3338 3343 5325 
4919 3737 465 4953 
4920 1777 2122 5694 
4921 1152 1154 4140 
4922 2274 2277 3996 
4923 526 4159 4160 
4924 3673 1378 4830 
4925 4355 1112 5641 
4926 4237 1700 4517 
4927 2948 2162 3201 
4928 1188 1190 4309 
4929 3058 3336 5116 
4930 2495 2610 2677 
4931 1171 1170 1172 
4932 1215 1213 1387 
4933 904 905 906 
4934 2349 1985 4406 
4935 332 333 4018 
4936 3489 4679 4839 
4937 1374 1364 1375 
4938 1119 4952 5023 
4939 2693 3203 5059 
4940 1979 3061 4249 
4941 3065 2830 3798 
4942 3316 3315 3581 
4943 4143 1707 4600 
4944 2069 1921 3132 
4945 2014 2013 4896 
4946 2869 2848 4819 
4947 2164 1771 3565 
4948 2132 2300 2301 
4949 701 1663 4452 
4950 906 909 4278 
4951 3172 3674 4908 
4952 904 906 4278 
4953 1920 1919 1921 
4954 81 82 4432 
4955 1201 1613 1633 
4956 1217 1215 3999 
4957 4193 4191 4749 
4958 2384 2288 4485 
4959 657 662 4389 
4960 2518 2520 2573 
4961 2374 3036 4438 
4962 3291 4885 5009 
4963 1058 1030 4421 
4964 593 595 596 
4965 1222 1219 1227 
4966 1697 4088 4846 
4967 777 776 778 
4968 2154 2346 2844 
4969 605 604 4310 
4970 2950 3390 4989 
4971 2301 2554 3123 
4972 1339 2995 4542 
4973 2433 2726 3235 
4974 554 4106 5576 
4975 660 659 663 
4976 283 284 533 
4977 2595 1148 4111 
4978 3250 3383 3384 
4979 3103 5326 5688 
4980 2199 3309 3310 
4981 4006 4007 4626 
4982 721 2047 4351 
4983 2124 2411 2412 
4984 4307 2595 4621 
4985 5053 2333 5292 
4986 2175 2909 3172 
4987 2741 2743 4374 
4988 1790 1789 1994 
4989 4056 2259 4057 
4990 933 932 934 
4991 959 2051 2052 
4992 2029 1972 2030 
4993 2132 2131 2300 
4994 4660 4237 5378 
4995 1890 1891 4115 
4996 607 609 610 
4997 3369 5057 5317 
4998 781 780 782 
4999 1031 1658 4429 
5000 1123 1140 4192 
5001 1733 1731 1829 
5002 3225 3224 3428 
5003 972 2609 4431 
5004 883 882 951 
5005 587 589 590 
5006 1925 1864 2131 
5007 622 621 623 
5008 552 4095 4239 
5009 3314 3316 4863 
5010 785 784 786 
5011 2496 2495 4245 
5012 3872 4411 4915 
5013 1361 1354 1362 
5014 3372 3006 3373 
5015 1259 1257 4368 
5016 658 656 659 
5017 1283 3520 4537 
5018 2338 2337 2339 
5019 721 1123 2047 
5020 1612 1200 1668 
5021 2706 2705 2707 
5022 2661 2337 4281 
5023 2452 2451 2660 
5024 2092 2038 2093 
5025 1918 1917 1919 
5026 911 913 959 
5027 2340 2339 2764 
5028 1133 1696 4512 
5029 664 663 666 
5030 812 3465 5101 
5031 357 449 4049 
5032 1084 3068 4265 
5033 4207 4208 4278 
5034 4686 2017 4896 
5035 4111 1153 4333 
5036 1190 1194 4309 
5037 1851 1627 1852 
5038 652 650 2007 
5039 2684 3145 4304 
5040 1711 1712 4107 
5041 2632 4040 4378 
5042 1359 3420 5626 
5043 3873 3057 5141 
5044 919 1583 4427 
5045 4271 5297 5666 
5046 2037 1852 2038 
5047 2383 2279 4462 
5048 3085 3086 4302 
5049 1981 2328 4224 
5050 1584 953 3936 
5051 1453 1452 1454 
5052 3325 2415 4290 
5053 3708 1606 5546 
5054 3298 3300 3301 
5055 3975 4314 4704 
5056 667 666 670 
5057 3841 4334 4638 
5058 2315 2316 4416 
5059 1890 1762 1891 
5060 2829 2828 2830 
5061 909 911 4207 
5062 3314 3136 3315 
5063 1092 1091 1093 
5064 1950 2769 4672 
5065 352 446 4012 
5066 2273 2117 2274 
5067 1047 1104 1711 
5068 671 670 674 
5069 2548 2437 4383 
5070 283 533 4214 
5071 3885 1019 4444 
5072 2427 983 4476 
5073 842 847 4058 
5074 675 674 696 
5075 2834 1995 4377 
5076 1932 2041 2042 
5077 2305 2030 2345 
5078 620 619 621 
5079 2790 2317 3444 
5080 2646 2645 2647 
5081 3413 4681 5369 
5082 281 282 452 
5083 2171 2170 4205 
5084 582 583 584 
5085 4574 4668 4883 
5086 2086 1884 2291 
5087 1094 1093 1105 
5088 630 631 632 
5089 911 959 4207 
5090 3404 3735 4576 
5091 2142 2999 4836 
5092 1910 1893 1911 
5093 624 623 625 
5094 4508 2775 4992 
5095 75 76 4221 
5096 1351 1350 1352 
5097 4252 1702 4502 
5098 2413 2022 2429 
5099 2039 2040 2432 
5100 2557 612 3801 
5101 901 903 969 
5102 3815 3817 5415 
5103 3106 2197 4902 
5104 2171 4205 5545 
5105 3259 3258 3260 
5106 2702 2701 2703 
5107 2126 2686 2687 
5108 4579 3713 5215 
5109 2052 2051 3306 
5110 596 1615 4311 
5111 2698 2647 2699 
5112 4004 4085 4956 
5113 1479 1478 1480 
5114 2744 2742 3553 
5115 311 451 4464 
5116 2856 2023 4991 
5117 76 77 538 
5118 5130 3951 5131 
5119 1175 1174 1176 
5120 2530 4373 5117 
5121 2042 2564 2565 
5122 1791 2198 2199 
5123 2677 3469 3471 
5124 3543 3541 3544 
5125 787 786 788 
5126 594 591 4257 
5127 1437 1435 1938 
5128 627 629 637 
5129 4765 3528 4766 
5130 5306 3475 5533 
5131 347 438 4014 
5132 1703 1544 1704 
5133 969 903 1157 
5134 622 623 624 
5135 1367 1368 1369 
5136 931 930 932 
5137 1612 1668 4126 
5138 1297 3929 5309 
5139 1177 1176 1178 
5140 1725 1726 1885 
5141 2565 3904 3905 
5142 620 621 622 
5143 313 529 4457 
5144 2568 2807 3126 
5145 1342 1334 1343 
5146 736 733 5587 
5147 867 946 2121 
5148 3057 5116 5141 
5149 859 875 876 
5150 3005 2424 3006 
5151 1200 1152 4140 
5152 3956 2670 4362 
5153 2661 4281 4689 
5154 791 790 792 
5155 27 28 4061 
5156 3358 3357 3359 
5157 2047 1123 4192 
5158 3296 4598 4948 
5159 3866 2444 4380 
5160 636 634 4183 
5161 3317 2407 4559 
5162 902 900 4145 
5163 482 75 4221 
5164 3342 3394 3395 
5165 727 725 5146 
5166 3637 3635 5368 
5167 1103 4496 4734 
5168 1761 1706 1762 
5169 2644 2643 2645 
5170 3838 2425 4649 
5171 1446 1453 5122 
5172 4282 1616 4402 
5173 2083 2666 2667 
5174 2301 2308 2554 
5175 1333 1327 1334 
5176 4045 2903 4980 
5177 1162 1159 4435 
5178 2561 2559 2562 
5179 857 858 859 
5180 926 1147 1148 
5181 1455 1454 1456 
5182 2798 3423 4203 
5183 2593 3733 4413 
5184 3281 2668 4296 
5185 1516 1515 1517 
5186 1723 1724 1725 
5187 576 577 2576 
5188 1514 1510 1515 
5189 2137 2833 4299 
5190 3300 3303 4298 
5191 3847 3852 4488 
5192 1633 1634 1646 
5193 1228 1227 1229 
5194 2301 2300 2308 
5195 3514 3515 3516 
5196 681 679 1641 
5197 2639 2638 2640 
5198 3959 4051 5022 
5199 4172 530 4173 
5200 2269 3081 4503 
5201 1215 1387 3999 
5202 2336 1906 2337 
5203 423 3903 4767 
5204 1140 1542 1864 
5205 1347 1345 1348 
5206 3359 3361 3362 
5207 1811 2770 4653 
5208 611 613 614 
5209 1543 1519 1544 
5210 4419 5113 5259 
5211 4353 917 4427 
5212 1230 1229 1231 
5213 3226 2412 4266 
5214 4630 5097 5137 
5215 965 707 3938 
5216 256 257 4225 
5217 1390 1214 5169 
5218 4087 3131 4213 
5219 2875 2874 4865 
5220 1201 1633 4333 
5221 2758 3112 4415 
5222 279 280 534 
5223 2174 2614 3563 
5224 15 16 4303 
5225 2150 2152 2827 
5226 2533 3150 4930 
5227 674 670 4813 
5228 333 475 4018 
5229 4266 3121 5404 
5230 1084 1120 3037 
5231 1607 1851 5531 
5232 1775 2174 4530 
5233 4059 4060 4277 
5234 1785 1786 4439 
5235 1686 2024 2025 
5236 1629 1630 1631 
5237 850 2694 4346 
5238 2133 1830 2136 
5239 2650 2585 3087 
5240 2154 2844 4320 
5241 2206 2205 2207 
5242 2573 2874 2875 
5243 587 590 4460 
5244 1090 1044 1091 
5245 2674 4282 4402 
5246 1138 1049 4500 
5247 1232 1231 1233 
5248 1125 996 4431 
5249 1721 1722 1723 
5250 2439 2437 2548 
5251 793 792 794 
5252 1457 1456 1458 
5253 914 912 915 
5254 3460 2441 3461 
5255 1433 771 3761 
5256 1631 1767 1768 
5257 3743 4474 5267 
5258 2606 5288 5618 
5259 1491 1476 1492 
5260 579 581 582 
5261 2278 1989 4313 
5262 2786 2541 3167 
5263 840 841 842 
5264 3779 2724 4174 
5265 4001 4002 4980 
5266 1319 1320 4157 
5267 2746 2745 3831 
5268 1248 1244 1249 
5269 1148 1147 1149 
5270 3395 3394 3396 
5271 2586 2069 5149 
5272 2989 3585 4204 
5273 1236 1233 1237 
5274 1252 1251 1253 
5275 1509 1508 1510 
5276 1179 1178 1180 
5277 4104 1674 4105 
5278 2684 2947 3145 
5279 1564 1563 1683 
5280 909 4207 4278 
5281 1326 1322 1327 
5282 2796 2798 4203 
5283 2467 2466 2468 
5284 1241 1237 1242 
5285 908 907 926 
5286 1319 1304 1320 
5287 2748 971 4483 
5288 1768 1767 4200 
5289 683 681 4316 
5290 2159 3076 4403 
5291 1500 1492 1501 
5292 2512 2511 2926 
5293 103 104 5504 
5294 3263 2509 4675 
5295 2487 2486 2488 
5296 616 617 4282 
5297 285 408 4199 
5298 2469 2468 2470 
5299 1873 4086 4524 
5300 3076 3446 4727 
5301 653 2080 3021 
5302 1459 1458 1460 
5303 3391 2712 5632 
5304 2308 2300 3187 
5305 2237 2143 3166 
5306 2481 2478 2482 
5307 1010 1073 1084 
5308 1150 1149 1151 
5309 3242 2783 4164 
5310 627 625 628 
5311 2491 2488 2492 
5312 2258 2257 2424 
5313 2582 1639 4318 
5314 2308 3187 3188 
5315 3275 3276 5235 
5316 915 912 4370 
5317 1633 2050 4333 
5318 955 1657 1721 
5319 385 496 4489 
5320 573 575 576 
5321 3498 4989 5408 
5322 685 683 703 
5323 1123 1139 1140 
5324 1504 1503 1505 
5325 2307 1844 2718 
5326 3307 4353 4427 
5327 3114 2509 3263 
5328 2635 2634 2636 
5329 3587 3588 4104 
5330 2471 2470 2472 
5331 3743 3742 4474 
5332 2178 1849 2568 
5333 1954 3830 4349 
5334 3482 3483 3484 
5335 1218 1221 4937 
5336 3350 3352 4767 
5337 1100 1098 1103 
5338 637 629 1061 
5339 4103 2632 4378 
5340 1859 1860 2053 
5341 3301 3300 4298 
5342 624 625 627 
5343 4339 3793 4959 
5344 395 396 4114 
5345 296 297 4023 
5346 1840 1867 2304 
5347 1640 1639 1850 
5348 969 1157 2317 
5349 2459 2281 2460 
5350 1475 1474 1476 
5351 2217 2216 2545 
5352 1951 1571 2395 
5353 4802 2875 4865 
5354 3760 1954 5044 
5355 1780 1781 1859 
5356 1039 1110 4939 
5357 2215 2099 2216 
5358 1096 1094 4497 
5359 708 719 738 
5360 1950 2330 2769 
5361 1813 3456 5223 
5362 253 254 406 
5363 695 698 708 
5364 926 907 1147 
5365 393 394 4116 
5366 2485 2484 2486 
5367 672 673 695 
5368 2110 2109 4404 
5369 2837 2768 3512 
5370 629 628 630 
5371 2579 2545 2894 
5372 668 669 672 
5373 2053 2054 2103 
5374 662 665 668 
5375 4061 3183 5079 
5376 255 256 540 
5377 712 711 744 
5378 1441 1443 4373 
5379 277 278 426 
5380 397 398 4344 
5381 4043 691 4394 
5382 1461 1460 1462 
5383 795 794 796 
5384 1246 1242 1247 
5385 2280 2075 2281 
5386 251 252 535 
5387 2570 3008 3287 
5388 391 392 4122 
5389 610 611 4417 
5390 1907 1759 4270 
5391 2808 2809 3297 
5392 2414 2413 5356 
5393 1646 1634 1647 
5394 876 928 929 
5395 258 259 455 
5396 2371 4119 4120 
5397 1726 1840 4367 
5398 281 452 4227 
5399 1751 1749 1793 
5400 1183 1182 1184 
5401 3061 2528 3113 
5402 1471 1466 1472 
5403 249 250 454 
5404 2473 2472 2474 
5405 2535 2462 2536 
5406 3135 3314 5350 
5407 1558 1131 1559 
5408 3166 2143 4461 
5409 1848 1085 1849 
5410 3800 1587 4531 
5411 799 798 800 
5412 3036 2278 4313 
5413 386 387 4129 
5414 974 976 4532 
5415 247 248 536 
5416 262 263 418 
5417 1017 1071 1072 
5418 3362 3363 3364 
5419 862 861 872 
5420 2477 2476 2478 
5421 1562 1560 1563 
5422 2244 2539 2540 
5423 907 905 4340 
5424 916 2056 4521 
5425 2074 2073 2075 
5426 926 2595 4307 
5427 1152 1151 1154 
5428 689 687 1866 
5429 3295 3052 3296 
5430 1072 1155 1156 
5431 801 800 802 
5432 3051 2429 3052 
5433 2716 3860 4841 
5434 245 246 421 
5435 601 599 4618 
5436 879 2747 4922 
5437 2674 616 4282 
5438 916 915 2056 
5439 1463 1462 1464 
5440 2718 3979 4946 
5441 207 208 4280 
5442 3850 3848 5599 
5443 2222 3975 4704 
5444 383 384 4475 
5445 920 918 923 
5446 4017 497 4508 
5447 1731 1730 4455 
5448 380 381 4132 
5449 2495 2326 2610 
5450 2852 2110 2853 
5451 267 268 458 
5452 2803 2805 3264 
5453 3175 4680 4873 
5454 710 702 711 
5455 3034 2267 3035 
5456 254 255 4269 
5457 252 253 4268 
5458 1568 1566 1650 
5459 905 902 4145 
5460 1303 1302 1304 
5461 2272 3027 3028 
5462 3809 3808 3810 
5463 2028 4137 4138 
5464 269 270 539 
5465 592 593 4311 
5466 241 242 456 
5467 419 3711 5383 
5468 881 887 4651 
5469 2131 1864 4247 
5470 3249 3248 3250 
5471 3355 3358 4350 
5472 891 890 927 
5473 2928 4184 4185 
5474 1794 1793 1984 
5475 3574 3577 4209 
5476 1638 1636 1639 
5477 2103 2104 2416 
5478 3590 3591 5104 
5479 1809 1810 2235 
5480 627 628 629 
5481 1267 1247 1268 
5482 1277 5448 5487 
5483 2630 2628 4184 
5484 1481 1480 1482 
5485 657 661 662 
5486 1254 1253 1255 
5487 980 979 1745 
5488 2370 2369 3013 
5489 2350 2349 2782 
5490 2158 1754 2511 
5491 370 371 4141 
5492 2386 2531 3321 
5493 644 645 646 
5494 94 3502 4754 
5495 1996 2229 3004 
5496 368 369 4142 
5497 237 238 407 
5498 911 912 913 
5499 2199 2198 3309 
5500 976 975 979 
5501 903 904 4381 
5502 608 605 4310 
5503 803 802 804 
5504 3730 2366 3762 
5505 2540 3282 3388 
5506 1955 2254 2570 
5507 364 365 4144 
5508 906 907 908 
5509 4117 2853 4118 
5510 4838 5554 5560 
5511 909 910 911 
5512 246 247 4273 
5513 4205 2421 4206 
5514 362 363 4146 
5515 1988 3874 5555 
5516 1293 1292 1294 
5517 234 235 481 
5518 2170 2421 4205 
5519 3663 2591 3706 
5520 2098 1779 2099 
5521 412 4291 5143 
5522 360 361 4147 
5523 1939 1938 1940 
5524 2803 3264 4509 
5525 1278 1268 1279 
5526 1659 2750 3561 
5527 2382 2291 3230 
5528 2738 2605 2739 
5529 3212 3272 4633 
5530 358 359 4149 
5531 3041 3043 5144 
5532 1284 1279 1285 
5533 929 966 967 
5534 850 885 2694 
5535 959 913 2051 
5536 632 633 634 
5537 198 199 4291 
5538 2072 2071 2073 
5539 906 908 909 
5540 2025 2311 2312 
5541 4321 1041 4602 
5542 853 732 861 
5543 1805 1804 1936 
5544 3450 499 5732 
5545 353 354 4151 
5546 617 619 620 
5547 2995 3768 4542 
5548 1675 4304 4827 
5549 230 231 427 
5550 7 8 4241 
5551 2655 2562 2656 
5552 764 766 767 
5553 268 269 4279 
5554 1647 1648 1649 
5555 1070 1069 1077 
5556 355 356 4150 
5557 2416 2417 3103 
5558 343 344 4162 
5559 500 3649 3940 
5560 896 943 960 
5561 703 683 4316 
5562 270 271 4283 
5563 3154 1208 3445 
5564 5238 458 5568 
5565 350 351 4153 
5566 226 227 457 
5567 2675 2676 3056 
5568 2285 2287 2890 
5569 1198 1195 1199 
5570 1248 3778 4752 
5571 1757 1996 4468 
5572 4472 1795 5343 
5573 2454 3824 5417 
5574 1997 1758 1998 
5575 863 4131 4546 
5576 4087 4213 4233 
5577 329 330 4165 
5578 5016 2935 5681 
5579 327 328 4169 
5580 1277 1272 5448 
5581 271 5 405 
5582 224 225 537 
5583 2166 2242 2244 
5584 2270 2378 2685 
5585 2571 1588 3920 
5586 3209 3208 3828 
5587 322 323 4170 
5588 1611 602 4047 
5589 1133 1132 1696 
5590 320 321 4171 
5591 2865 2032 4849 
5592 635 638 2751 
5593 2381 2692 2866 
5594 967 1014 1015 
5595 308 309 4172 
5596 222 223 409 
5597 2316 2386 4416 
5598 303 304 4175 
5599 957 948 1083 
5600 77 2 4112 
5601 2081 2221 2658 
5602 889 878 890 
5603 1064 1065 4288 
5604 298 299 4177 
5605 1554 3468 5346 
5606 805 804 806 
5607 2000 2123 2381 
5608 2686 4107 4436 
5609 345 346 4158 
5610 4814 3448 5700 
5611 740 869 870 
5612 2908 2942 2943 
5613 348 349 4155 
5614 3553 1554 5346 
5615 1289 1287 1290 
5616 990 1030 1058 
5617 2249 706 4240 
5618 2079 2177 2721 
5619 2064 2066 2774 
5620 3939 73 5114 
5621 2740 2739 3066 
5622 2324 1985 2349 
5623 2822 2821 3046 
5624 1941 1940 1942 
5625 2575 2412 3226 
5626 1256 1255 1257 
5627 3643 745 5293 
5628 2755 2756 2757 
5629 1063 1061 2367 
5630 4315 4069 4414 
5631 3076 3376 3446 
5632 2070 1942 2071 
5633 2277 2838 4884 
5634 1115 1113 1582 
5635 4241 554 4918 
5636 1689 2754 2755 
5637 924 925 938 
5638 4220 2702 5617 
5639 1717 1716 1784 
5640 3247 3246 3248 
5641 3228 2783 3242 
5642 974 950 975 
5643 1664 1199 1665 
5644 1140 1139 1542 
5645 1108 1060 1112 
5646 942 895 1685 
5647 76 538 4221 
5648 1059 1107 1659 
5649 992 1038 2800 
5650 2533 3000 3150 
5651 1470 1450 5580 
5652 219 220 483 
5653 1106 1552 1553 
5654 667 671 4499 
5655 984 982 1036 
5656 696 706 2249 
5657 1779 1640 4442 
5658 1961 1960 1962 
5659 1836 1838 2313 
5660 1877 1665 1878 
5661 1663 2106 2147 
5662 4080 4081 5520 
5663 1031 991 1658 
5664 614 616 1598 
5665 1803 1618 1804 
5666 2202 1807 2203 
5667 3112 4075 5150 
5668 1690 4309 4688 
5669 3679 1516 5640 
5670 225 226 4292 
5671 1864 1542 1865 
5672 3793 491 4959 
5673 2269 2268 3081 
5674 2121 4265 5336 
5675 1842 1125 4431 
5676 2747 2898 3490 
5677 1920 2156 4391 
5678 3824 1489 4826 
5679 223 224 4294 
5680 3484 3483 3485 
5681 807 806 808 
5682 879 2111 2747 
5683 2677 2610 3469 
5684 4064 864 4433 
5685 1110 1138 1556 
5686 3030 3014 3208 
5687 649 651 4327 
5688 1068 1056 1069 
5689 3814 3810 3816 
5690 2063 2062 2128 
5691 334 335 4163 
5692 2374 2278 3036 
5693 4026 514 4728 
5694 588 585 5231 
5695 1039 1049 1110 
5696 651 655 2163 
5697 1082 1080 1132 
5698 538 77 4112 
5699 1483 1482 1484 
5700 638 636 639 
5701 2285 2890 4525 
5702 28 493 4061 
5703 1501 1504 4887 
5704 908 926 4307 
5705 958 2289 2498 
5706 216 217 432 
5707 617 620 4282 
5708 1662 1162 4435 
5709 921 922 924 
5710 2601 2376 3161 
5711 3143 3144 4345 
5712 1849 1085 4288 
5713 2284 2283 4398 
5714 1258 1257 1259 
5715 1864 1865 4247 
5716 340 341 4347 
5717 904 4278 4381 
5718 1536 1862 4412 
5719 2208 2207 2209 
5720 567 569 963 
5721 1114 1204 1669 
5722 804 802 4623 
5723 4347 3950 5130 
5724 1116 1117 1573 
5725 1197 1177 5558 
5726 1064 1063 1065 
5727 5379 1620 5734 
5728 886 880 894 
5729 1206 1714 2000 
5730 1872 1871 2124 
5731 2028 561 4137 
5732 2270 2685 4495 
5733 2318 2317 2790 
5734 80 81 4807 
5735 257 258 4272 
5736 721 1122 1123 
5737 658 659 660 
5738 2758 3111 3112 
5739 1715 1207 1716 
5740 273 274 485 
5741 1617 1802 2079 
5742 1134 1136 1655 
5743 1157 903 4381 
5744 2159 3075 3076 
5745 1153 1201 4333 
5746 282 283 4214 
5747 676 678 1688 
5748 1870 1869 1871 
5749 1137 1135 1438 
5750 641 643 721 
5751 3181 4061 5615 
5752 297 411 4023 
5753 1030 1059 4421 
5754 620 622 1616 
5755 641 639 642 
5756 2814 3088 4375 
5757 1257 1262 4368 
5758 1079 1081 1689 
5759 682 684 1037 
5760 213 214 484 
5761 1103 1098 4496 
5762 4659 4660 4716 
5763 4069 610 4414 
5764 1060 1031 4429 
5765 1579 1580 1809 
5766 1881 1577 1884 
5767 2745 3317 3318 
5768 2379 2343 3215 
5769 995 1047 4483 
5770 2770 3292 4284 
5771 2762 3678 3699 
5772 3058 3059 3060 
5773 1194 1193 1195 
5774 635 634 636 
5775 1959 1958 1960 
5776 2058 1735 3455 
5777 499 3449 5732 
5778 2358 3224 3225 
5779 2560 2659 4440 
5780 3172 2909 3674 
5781 1978 2234 2533 
5782 2425 3692 5291 
5783 1786 1719 1834 
5784 3415 553 4947 
5785 969 2317 2318 
5786 1187 1186 1188 
5787 2375 2600 2906 
5788 810 808 811 
5789 2010 1601 2257 
5790 279 534 4246 
5791 1067 2904 2905 
5792 2791 2790 3246 
5793 2255 1956 2268 
5794 701 709 1663 
5795 731 852 879 
5796 2576 577 4256 
5797 1990 2279 2383 
5798 1018 1055 1127 
5799 688 690 693 
5800 3678 3140 5467 
5801 3362 3361 3363 
5802 70 3695 5018 
5803 518 4122 4123 
5804 635 636 638 
5805 865 854 1643 
5806 3441 3299 3932 
5807 1158 1842 3093 
5808 1837 1835 1946 
5809 3046 4475 4489 
5810 1786 1836 4439 
5811 4160 4159 4161 
5812 2061 1839 2062 
5813 4277 4060 4723 
5814 2819 3713 4579 
5815 1866 687 4387 
5816 2376 2374 4438 
5817 4071 893 4443 
5818 3359 3360 3361 
5819 312 313 4457 
5820 650 648 4267 
5821 820 818 3966 
5822 4321 4320 4928 
5823 981 983 2427 
5824 1592 1594 4477 
5825 949 973 1039 
5826 877 888 958 
5827 2451 2431 4514 
5828 2385 2384 3050 
5829 2507 2506 2998 
5830 1260 1259 1261 
5831 2764 3950 4078 
5832 2690 1812 4889 
5833 209 210 410 
5834 378 3782 5198 
5835 1062 1064 1066 
5836 3944 236 5174 
5837 4086 3288 4423 
5838 3249 3250 3251 
5839 638 639 641 
5840 662 4091 4389 
5841 651 2163 4327 
5842 1968 1710 4640 
5843 1868 1841 1869 
5844 4047 606 4314 
5845 3303 3302 5464 
5846 646 647 648 
5847 2067 2065 2283 
5848 767 768 769 
5849 1085 1064 4288 
5850 1668 1200 4140 
5851 2115 2516 2843 
5852 2178 2568 2569 
5853 1848 1849 2178 
5854 619 626 4326 
5855 4173 2990 4540 
5856 280 281 4227 
5857 955 897 1657 
5858 1633 1646 2050 
5859 3355 3356 3357 
5860 761 762 763 
5861 2897 4414 4417 
5862 2667 2666 3204 
5863 1485 1484 1486 
5864 685 703 4387 
5865 1431 3715 3860 
5866 206 207 486 
5867 1725 1724 1726 
5868 813 811 814 
5869 16 502 4303 
5870 2604 1716 4424 
5871 2316 2288 2384 
5872 3306 2051 3307 
5873 3393 2831 4506 
5874 1149 1147 2334 
5875 2000 2603 4420 
5876 2237 3166 4409 
5877 2286 2284 2391 
5878 3571 3067 5040 
5879 4304 3145 4827 
5880 1598 616 2674 
5881 296 4023 4493 
5882 629 630 4371 
5883 3528 3527 4964 
5884 1723 1722 1724 
5885 1169 1609 4413 
5886 1840 2304 4367 
5887 2990 3652 4540 
5888 2079 2722 4426 
5889 634 640 4183 
5890 203 204 433 
5891 4161 3461 5638 
5892 2323 3125 3216 
5893 563 1614 4137 
5894 2227 1673 2506 
5895 300 301 4176 
5896 643 642 644 
5897 310 311 4464 
5898 2279 2375 4462 
5899 1399 4143 4306 
5900 3060 3141 3142 
5901 496 4129 4130 
5902 909 908 910 
5903 3247 3248 3249 
5904 1114 1669 4520 
5905 1989 1138 4500 
5906 3176 4116 5465 
5907 4240 715 4348 
5908 2150 2827 4742 
5909 1134 1655 4547 
5910 3131 3129 5089 
5911 2969 2974 2975 
5912 870 882 883 
5913 525 5371 5611 
5914 919 920 921 
5915 1721 1657 1722 
5916 166 167 4337 
5917 1732 1757 2201 
5918 4278 4208 4381 
5919 983 1018 4476 
5920 1147 907 4340 
5921 1263 1261 1264 
5922 200 201 487 
5923 754 756 757 
5924 4050 1727 4501 
5925 1909 2137 2138 
5926 1737 1620 5173 
5927 1903 1711 4107 
5928 4536 2423 4773 
5929 1883 2303 2543 
5930 815 814 816 
5931 4029 501 4643 
5932 2804 2802 3176 
5933 1713 1711 1903 
5934 3658 3659 4590 
5935 641 642 643 
5936 596 598 1615 
5937 899 901 4385 
5938 1672 2228 4332 
5939 819 818 820 
5940 1012 1013 1032 
5941 1135 1133 4512 
5942 2532 2387 2801 
5943 278 279 4246 
5944 197 198 412 
5945 1123 1122 1139 
5946 2142 2580 2999 
5947 838 1672 4332 
5948 3489 1400 5588 
5949 1822 1820 4488 
5950 996 972 4431 
5951 2928 2630 4184 
5952 2125 1903 2126 
5953 406 254 4269 
5954 1602 3781 4682 
5955 1709 1744 4480 
5956 1139 1122 4357 
5957 3364 3363 3365 
5958 2583 2585 2650 
5959 1487 1486 1488 
5960 2720 592 4311 
5961 1883 2543 4690 
5962 905 4145 4340 
5963 253 406 4268 
5964 914 917 4353 
5965 759 760 761 
5966 3419 1359 5626 
5967 1442 2697 4694 
5968 772 774 775 
5969 3868 2856 4979 
5970 2343 2269 4503 
5971 255 540 4269 
5972 244 245 4275 
5973 3142 3169 3170 
5974 1778 1879 2044 
5975 671 676 4499 
5976 914 916 917 
5977 913 912 914 
5978 535 252 4268 
5979 1553 1789 1790 
5980 2607 4325 4605 
5981 3254 2720 4255 
5982 233 234 4285 
5983 2391 2284 4398 
5984 1542 1139 1894 
5985 2210 2209 2211 
5986 2688 2687 2689 
5987 4184 2778 4513 
5988 2983 2806 3039 
5989 2611 2062 4447 
5990 3258 3257 5221 
5991 3940 3434 4829 
5992 2418 2032 2865 
5993 231 232 4360 
5994 3325 4551 5556 
5995 286 287 4179 
5996 375 3828 5234 
5997 2735 2197 3106 
5998 872 3009 3010 
5999 620 1616 4282 
6000 2304 1867 4376 
6001 689 1866 4394 
6002 660 663 664 
6003 1765 3568 5306 
6004 2717 4217 4219 
6005 3084 3085 5493 
6006 662 661 665 
6007 2170 2420 2421 
6008 821 820 822 
6009 215 216 4301 
6010 911 910 912 
6011 1265 1264 1266 
6012 3792 4015 5157 
6013 4018 475 4492 
6014 1635 1637 2348 
6015 3249 3251 3252 
6016 192 193 440 
6017 1061 629 4371 
6018 1585 1937 2170 
6019 3359 3357 3360 
6020 3942 3952 5162 
6021 748 750 751 
6022 3056 2676 5176 
6023 1663 2616 4452 
6024 2167 2165 4430 
6025 637 1061 1062 
6026 1672 2226 2228 
6027 917 918 919 
6028 229 230 4287 
6029 914 915 916 
6030 1565 1567 1792 
6031 4070 2700 4683 
6032 259 260 4388 
6033 2076 2765 4397 
6034 4619 3468 5480 
6035 4239 4095 5229 
6036 757 758 759 
6037 3054 588 4793 
6038 227 228 4369 
6039 2895 2674 2896 
6040 883 951 952 
6041 1929 1932 4600 
6042 1791 1848 2198 
6043 2660 3327 3557 
6044 1738 1970 1971 
6045 976 981 4532 
6046 3256 3450 5732 
6047 1156 1155 4603 
6048 2212 2211 2213 
6049 987 988 1012 
6050 1066 1064 1085 
6051 2367 1061 4371 
6052 2879 1739 3385 
6053 189 190 488 
6054 271 405 4283 
6055 4314 4069 4315 
6056 668 665 669 
6057 261 262 4274 
6058 3283 2881 3284 
6059 823 822 824 
6060 208 209 4305 
6061 4190 4189 4797 
6062 3394 551 4924 
6063 3762 2366 4841 
6064 1090 1091 1092 
6065 3646 2886 4588 
6066 927 2768 2837 
6067 2223 2097 2224 
6068 3037 1120 4382 
6069 2802 2801 4330 
6070 2050 1646 2671 
6071 2963 2964 2965 
6072 1493 1488 1494 
6073 775 776 777 
6074 611 614 4417 
6075 1747 1749 1751 
6076 2124 2412 2575 
6077 4398 2283 4796 
6078 4310 604 5300 
6079 621 619 4326 
6080 825 824 826 
6081 1062 1063 1064 
6082 778 780 781 
6083 1689 2755 4835 
6084 247 536 4273 
6085 3119 2619 4355 
6086 1130 1557 1585 
6087 899 4385 4651 
6088 2881 2879 4599 
6089 561 563 4137 
6090 4131 2693 4912 
6091 3354 3355 4350 
6092 5428 3228 5453 
6093 3256 2384 4485 
6094 2338 2339 2340 
6095 2501 2306 2502 
6096 2619 2617 3133 
6097 721 643 1122 
6098 1352 1361 5720 
6099 421 246 4273 
6100 1361 1362 5202 
6101 186 187 413 
6102 1271 1266 1272 
6103 2504 3345 4201 
6104 1092 1093 1094 
6105 2336 2337 2338 
6106 4030 4416 5058 
6107 2791 3246 3247 
6108 3860 3139 4652 
6109 4153 4012 5103 
6110 1307 1306 1308 
6111 3459 2780 4639 
6112 672 669 673 
6113 2950 2951 2952 
6114 2318 2791 3031 
6115 540 256 4225 
6116 3020 3274 3736 
6117 2272 1847 3027 
6118 2250 2213 2266 
6119 4521 2056 4522 
6120 664 666 667 
6121 648 653 4267 
6122 2260 2102 2306 
6123 651 650 652 
6124 782 784 785 
6125 649 648 650 
6126 1084 1073 1120 
6127 2782 3737 4164 
6128 2174 3563 4530 
6129 3252 3251 3640 
6130 755 3693 5538 
6131 769 770 1622 
6132 1791 1085 1848 
6133 2049 2110 2852 
6134 2318 2790 2791 
6135 695 673 698 
6136 828 826 829 
6137 205 206 4308 
6138 2820 3002 3003 
6139 880 865 4323 
6140 184 185 541 
6141 1066 1085 1791 
6142 2178 2569 2598 
6143 1097 1099 1695 
6144 708 698 719 
6145 4114 507 5119 
6146 910 908 4307 
6147 384 385 4489 
6148 292 293 4178 
6149 738 719 850 
6150 3369 3368 3370 
6151 831 829 832 
6152 1299 1298 1300 
6153 272 273 4167 
6154 1495 1494 1496 
6155 458 268 4279 
6156 667 670 671 
6157 3140 2760 4048 
6158 1976 2369 2370 
6159 835 832 836 
6160 2356 2266 3063 
6161 2051 913 4353 
6162 3044 3042 3492 
6163 2050 2671 2717 
6164 1524 1523 1525 
6165 2598 2569 3403 
6166 1172 1173 1174 
6167 1273 1272 1274 
6168 269 539 4279 
6169 581 692 5159 
6170 923 918 4521 
6171 671 674 675 
6172 2751 638 4351 
6173 1784 2605 2738 
6174 1095 1097 4390 
6175 2329 1949 4446 
6176 1036 982 4448 
6177 655 652 656 
6178 181 182 441 
6179 3852 3850 3853 
6180 539 270 4283 
6181 1281 1276 1282 
6182 1622 770 4646 
6183 3586 2689 3587 
6184 2570 2254 3008 
6185 3200 2934 3496 
6186 1047 1713 4483 
6187 463 4019 5163 
6188 2081 1845 2221 
6189 785 786 787 
6190 2772 2500 2934 
6191 3693 1430 5319 
6192 743 746 747 
6193 4235 4274 5257 
6194 3321 2531 3322 
6195 210 211 4372 
6196 1497 1496 1498 
6197 2386 3321 4416 
6198 1682 1947 1948 
6199 2345 2817 2818 
6200 5287 4169 5496 
6201 649 650 651 
6202 2965 2966 2967 
6203 276 277 4354 
6204 2034 2353 2355 
6205 3361 3360 4036 
6206 1309 1308 1310 
6207 1598 2895 2897 
6208 4752 3745 5171 
6209 1778 2044 4572 
6210 185 186 4338 
6211 844 842 4058 
6212 843 842 844 
6213 1652 4361 4892 
6214 2529 2900 3304 
6215 1979 1980 2528 
6216 1815 1814 1816 
6217 657 656 658 
6218 497 3968 4508 
6219 3176 2802 4330 
6220 1295 1282 1296 
6221 1760 1854 1953 
6222 614 1598 4417 
6223 4931 1470 5580 
6224 178 179 489 
6225 517 395 4114 
6226 730 734 851 
6227 1558 1559 1560 
6228 1275 1274 1276 
6229 2368 1024 3861 
6230 1217 3999 4685 
6231 2128 2821 2822 
6232 2360 2651 2652 
6233 1051 1052 1116 
6234 971 995 4483 
6235 3752 2003 5238 
6236 1996 3004 4468 
6237 2952 2953 2954 
6238 507 397 4344 
6239 1562 1563 1564 
6240 651 652 655 
6241 3309 2198 3400 
6242 2650 3087 3286 
6243 630 632 4445 
6244 1679 1681 1682 
6245 694 602 1611 
6246 2948 3201 3381 
6247 1159 1158 4435 
6248 1089 1676 1979 
6249 590 2719 4460 
6250 1658 991 4419 
6251 710 711 712 
6252 1926 1680 2102 
6253 641 721 4351 
6254 1313 1312 1314 
6255 1504 3731 5095 
6256 232 233 2710 
6257 2811 4243 5005 
6258 1311 1310 1312 
6259 504 393 4116 
6260 751 752 753 
6261 2954 2955 2956 
6262 913 914 4353 
6263 3700 3701 5237 
6264 284 285 4199 
6265 2323 3216 4624 
6266 1511 1498 1512 
6267 2958 2959 2960 
6268 788 790 791 
6269 640 2748 4183 
6270 175 176 414 
6271 1526 1525 1527 
6272 4156 1874 4479 
6273 258 455 4272 
6274 2215 2216 2217 
6275 839 836 840 
6276 586 587 4460 
6277 1154 1151 2442 
6278 1554 1109 5480 
6279 1569 1535 1570 
6280 3506 2927 4963 
6281 1948 2262 2263 
6282 3525 4109 4110 
6283 2366 2293 4841 
6284 1447 1449 1667 
6285 1401 1402 1403 
6286 4645 2765 5473 
6287 518 391 4122 
6288 791 792 793 
6289 2732 4039 5109 
6290 2217 2545 2579 
6291 2138 2137 4299 
6292 1885 4367 4498 
6293 1999 1998 2148 
6294 2956 2957 2958 
6295 3561 2750 3639 
6296 632 634 635 
6297 2344 2274 3996 
6298 655 656 657 
6299 920 923 4566 
6300 191 192 4328 
6301 1079 1689 4545 
6302 2320 2321 2322 
6303 4331 4792 5167 
6304 2579 2894 3077 
6305 2076 2373 2765 
6306 1108 1112 1113 
6307 3766 2252 4805 
6308 2098 2099 2215 
6309 4766 3528 4964 
6310 8 554 4241 
6311 657 658 661 
6312 1059 1659 4421 
6313 1659 1107 2750 
6314 1638 1639 1640 
6315 1315 1314 1316 
6316 1729 1730 1731 
6317 665 661 1766 
6318 173 174 542 
6319 3613 488 5495 
6320 4217 2671 4218 
6321 3660 3661 4900 
6322 2743 3190 4374 
6323 2665 2082 2668 
6324 2593 3211 3733 
6325 853 861 862 
6326 1112 1060 4429 
6327 239 240 2648 
6328 2774 2066 2775 
6329 845 844 846 
6330 1787 2076 4397 
6331 1894 1139 4357 
6332 1870 1871 1872 
6333 947 874 2130 
6334 243 244 2641 
6335 3087 2585 4799 
6336 957 1083 4419 
6337 1158 3093 4435 
6338 4446 1949 4592 
6339 632 635 4445 
6340 2685 2378 4428 
6341 1817 1816 1818 
6342 1528 1527 1529 
6343 228 229 1832 
6344 3327 2451 4514 
6345 3536 2978 3538 
6346 606 4069 4314 
6347 1894 4357 4358 
6348 917 919 4427 
6349 635 2751 4445 
6350 496 386 4129 
6351 5007 3157 5185 
6352 856 846 857 
6353 1264 1269 5389 
6354 1546 1547 1548 
6355 1787 4397 4817 
6356 472 69 5018 
6357 600 602 694 
6358 193 194 4384 
6359 1819 1818 1820 
6360 638 641 4351 
6361 2440 2737 2944 
6362 2403 2401 4559 
6363 1868 1869 1870 
6364 4630 2865 4631 
6365 2099 1779 4442 
6366 4296 4536 4773 
6367 1520 1512 1521 
6368 2933 2351 3378 
6369 2870 2869 2871 
6370 854 738 4346 
6371 2598 3403 3404 
6372 2241 1812 2690 
6373 2575 3226 4478 
6374 1203 1129 1780 
6375 1751 1793 1794 
6376 675 696 4322 
6377 2126 2687 2688 
6378 2216 2099 4858 
6379 1076 1075 1129 
6380 1158 1125 1842 
6381 1097 1695 4390 
6382 1014 966 4556 
6383 2844 2346 4335 
6384 1803 1804 1805 
6385 1317 1316 1318 
6386 170 171 442 
6387 4313 1989 4500 
6388 2991 2989 2992 
6389 1620 1437 5734 
6390 889 890 891 
6391 1530 1529 1531 
6392 1728 1649 1729 
6393 2852 2853 4117 
6394 3127 2863 3221 
6395 1726 1727 1840 
6396 295 296 4493 
6397 2202 2203 2714 
6398 726 728 1652 
6399 2140 1742 2141 
6400 2992 2989 4204 
6401 3833 1185 5019 
6402 2873 3648 5549 
6403 793 794 795 
6404 2381 2123 2692 
6405 174 175 4363 
6406 952 951 4324 
6407 2147 2106 2159 
6408 1794 1984 1985 
6409 1821 1820 1822 
6410 2324 2349 2350 
6411 2721 2177 2767 
6412 976 979 980 
6413 2255 2268 2269 
6414 2350 2782 2783 
6415 226 457 4292 
6416 1074 1011 1075 
6417 211 212 2354 
6418 2436 2438 3672 
6419 1124 1048 1833 
6420 1403 1404 1405 
6421 974 975 976 
6422 1827 1826 1828 
6423 4225 257 4272 
6424 677 675 4322 
6425 1722 1657 2753 
6426 1823 1822 1824 
6427 2370 3013 3014 
6428 1800 1570 1801 
6429 1392 1393 1394 
6430 3722 3724 4598 
6431 537 225 4292 
6432 3097 2668 3098 
6433 3076 3075 3376 
6434 799 800 801 
6435 4194 1347 4195 
6436 196 197 4319 
6437 1825 1824 1826 
6438 492 380 4132 
6439 4574 435 4668 
6440 2757 2756 2758 
6441 1324 1318 1325 
6442 2243 2167 2978 
6443 2000 1714 2123 
6444 1836 2313 4439 
6445 224 537 4294 
6446 2079 1802 2177 
6447 1741 1611 1742 
6448 1335 1331 1336 
6449 3228 3242 3243 
6450 1405 1406 1407 
6451 2588 3258 3259 
6452 2896 2674 4402 
6453 1663 709 2106 
6454 494 383 4475 
6455 673 669 994 
6456 2723 2721 4466 
6457 1370 1369 1371 
6458 1068 1069 1070 
6459 2978 2167 4430 
6460 2658 2221 2851 
6461 409 223 4294 
6462 801 802 803 
6463 901 969 4385 
6464 2755 2754 2756 
6465 1726 1724 1727 
6466 3934 960 5085 
6467 3112 3111 3477 
6468 4296 1797 4536 
6469 1070 1077 1078 
6470 2770 2771 3292 
6471 2738 2739 2740 
6472 3161 2376 4438 
6473 275 276 2214 
6474 2431 1924 4514 
6475 1082 1132 1133 
6476 2818 5360 5621 
6477 897 886 4490 
6478 951 992 4324 
6479 2688 3586 3589 
6480 3423 3424 5477 
6481 2335 2918 2919 
6482 838 4332 4642 
6483 1598 2674 2895 
6484 3490 2898 3491 
6485 3379 2925 3380 
6486 2610 2326 4498 
6487 1875 1828 1876 
6488 3346 2505 5382 
6489 1407 1408 1409 
6490 1355 1336 1356 
6491 886 894 4490 
6492 3289 3862 4486 
6493 1840 1841 1867 
6494 1328 1325 1329 
6495 2088 1901 2089 
6496 1047 1711 1713 
6497 2747 2111 2898 
6498 480 32 5039 
6499 984 1036 4444 
6500 1366 1356 1367 
6501 1971 1972 2029 
6502 2533 2234 3000 
6503 4180 482 5250 
6504 2762 3699 4463 
6505 2948 3624 5158 
6506 1372 1371 1373 
6507 3030 3208 3209 
6508 165 166 416 
6509 1896 1876 1897 
6510 2326 1885 4498 
6511 879 852 2111 
6512 1935 2861 2862 
6513 2776 4198 4724 
6514 1872 2124 4479 
6515 1395 1373 1396 
6516 1689 1081 2754 
6517 1900 1899 1901 
6518 4770 4264 4911 
6519 1556 1138 1756 
6520 2740 3066 3100 
6521 2498 2289 2811 
6522 4039 1678 4661 
6523 1110 1049 1138 
6524 862 872 4433 
6525 3753 3755 4100 
6526 1898 1897 1899 
6527 5070 3638 5271 
6528 4145 4006 4626 
6529 1786 1834 1835 
6530 2924 2871 2925 
6531 1330 1329 1331 
6532 2717 2671 4217 
6533 1715 1716 1717 
6534 1409 1410 1411 
6535 2512 2926 3421 
6536 3337 2992 3338 
6537 649 4327 4526 
6538 2905 2904 4312 
6539 2158 2511 2512 
6540 803 804 805 
6541 1628 1396 1629 
6542 3702 3294 5675 
6543 194 195 2275 
6544 2864 3234 3567 
6545 2024 2026 5657 
6546 891 927 4443 
6547 2973 3223 4136 
6548 3662 3663 4570 
6549 2822 3046 3532 
6550 646 648 649 
6551 1062 1061 1063 
6552 2557 3801 4591 
6553 2061 2062 2063 
6554 1548 1550 1551 
6555 3121 3122 5299 
6556 958 888 2289 
6557 1814 1813 5341 
6558 1039 973 1049 
6559 1769 1768 1770 
6560 2087 1156 4356 
6561 3145 2947 3146 
6562 3338 5325 5559 
6563 3832 2656 4304 
6564 27 4061 5079 
6565 2028 4138 4766 
6566 678 677 679 
6567 1647 1649 1728 
6568 3648 3137 5409 
6569 3355 3353 3356 
6570 467 370 4141 
6571 894 880 4323 
6572 676 675 677 
6573 1394 1397 1398 
6574 2125 2126 4329 
6575 1870 1872 1873 
6576 1469 1478 1479 
6577 3469 2610 3470 
6578 260 261 2480 
6579 738 850 4346 
6580 521 368 4142 
6581 1627 1604 4682 
6582 2136 4237 5013 
6583 526 4158 4159 
6584 2729 2329 2939 
6585 2562 2559 4591 
6586 910 4307 4370 
6587 2067 2283 2284 
6588 1411 1412 1413 
6589 865 1643 4323 
6590 1224 1226 1332 
6591 3404 4576 4637 
6592 796 798 799 
6593 850 884 885 
6594 3750 2130 5553 
6595 805 806 807 
6596 1290 1293 5088 
6597 764 767 4617 
6598 2340 2764 4383 
6599 2883 3138 3192 
6600 4914 1470 5419 
6601 2364 2365 3089 
6602 2601 3161 4449 
6603 2194 2195 2196 
6604 1820 2218 4488 
6605 680 679 681 
6606 1840 1727 1841 
6607 1386 1388 1389 
6608 3745 3744 5377 
6609 522 364 4144 
6610 1743 1424 4679 
6611 850 719 884 
6612 2897 2895 4343 
6613 2375 2906 4462 
6614 2334 1147 4340 
6615 4113 2731 4377 
6616 2316 2384 2385 
6617 450 362 4146 
6618 1713 1903 2125 
6619 4449 2905 5444 
6620 885 884 895 
6621 682 681 683 
6622 161 162 459 
6623 3192 3193 3194 
6624 245 421 4275 
6625 1180 1181 1182 
6626 1808 2402 4699 
6627 2083 2665 2666 
6628 523 360 4147 
6629 715 740 4348 
6630 2719 592 2720 
6631 1016 1015 1017 
6632 1867 1868 2107 
6633 2453 2452 5484 
6634 2672 3463 5605 
6635 653 3021 4267 
6636 637 4277 4723 
6637 449 358 4149 
6638 1717 1784 4491 
6639 627 637 4723 
6640 455 259 4388 
6641 1670 1156 2087 
6642 1422 3739 4297 
6643 2861 2864 4657 
6644 676 677 678 
6645 2660 2451 3327 
6646 807 808 810 
6647 1798 2082 2083 
6648 1018 1127 4476 
6649 2783 2782 4164 
6650 3093 1842 3094 
6651 2190 2191 2192 
6652 2872 2155 5111 
6653 1667 1449 4251 
6654 4146 3346 5286 
6655 1694 2002 2035 
6656 980 1745 4448 
6657 446 353 4151 
6658 885 895 896 
6659 2157 2789 3118 
6660 989 938 4334 
6661 3264 2805 4505 
6662 1686 2025 4603 
6663 2676 4356 4910 
6664 3906 3905 3907 
6665 3197 4686 4896 
6666 4576 2522 4637 
6667 678 679 680 
6668 3194 3195 3531 
6669 159 160 543 
6670 1867 1841 1868 
6671 2532 2801 2802 
6672 524 355 4150 
6673 1239 1244 1248 
6674 1203 1797 1798 
6675 2063 2128 4510 
6676 2244 2242 2539 
6677 4041 2929 4634 
6678 1164 1162 1662 
6679 3118 3174 3175 
6680 4077 2682 4702 
6681 4645 5473 5487 
6682 896 895 942 
6683 3671 4739 4940 
6684 4339 4959 5354 
6685 2029 2030 2305 
6686 740 870 4348 
6687 4480 2445 4481 
6688 680 681 682 
6689 3307 2051 4353 
6690 264 265 4407 
6691 1857 1770 1904 
6692 525 350 4153 
6693 262 418 4274 
6694 1194 1198 4635 
6695 1452 1444 4694 
6696 451 312 4457 
6697 436 343 4162 
6698 810 811 813 
6699 447 87 3670 
6700 3028 4315 4703 
6701 3603 3590 5104 
6702 1213 1211 4242 
6703 917 916 918 
6704 924 922 925 
6705 2906 2600 4463 
6706 660 664 2763 
6707 2139 1904 2808 
6708 943 942 948 
6709 2688 2689 3586 
6710 3289 5344 5528 
6711 2514 2087 2675 
6712 896 942 943 
6713 1358 3989 3990 
6714 2198 1848 4386 
6715 1101 4212 4544 
6716 4371 630 4445 
6717 1249 1251 1252 
6718 4266 5404 5508 
6719 1380 1381 1382 
6720 2540 2539 3282 
6721 1598 2897 4417 
6722 684 683 685 
6723 1834 1719 4491 
6724 2928 4186 4963 
6725 956 948 957 
6726 3215 2343 4503 
6727 943 948 956 
6728 2305 2345 4223 
6729 5230 3283 5293 
6730 3204 2666 3205 
6731 676 1688 4499 
6732 234 481 4285 
6733 527 329 4165 
6734 2707 2708 2709 
6735 3839 3027 5069 
6736 5371 3881 5611 
6737 3082 4156 4866 
6738 476 327 4169 
6739 2255 2269 2270 
6740 956 957 990 
6741 918 916 4521 
6742 526 345 4158 
6743 265 266 2003 
6744 1873 1874 1955 
6745 2939 2329 4446 
6746 2983 3039 3040 
6747 438 348 4155 
6748 2182 2183 2184 
6749 528 322 4170 
6750 1413 1414 1415 
6751 990 957 991 
6752 156 157 419 
6753 4185 4184 4513 
6754 682 683 684 
6755 477 320 4171 
6756 2345 2818 4223 
6757 1945 2945 4650 
6758 1074 1076 1674 
6759 2979 2943 2980 
6760 1438 1135 4512 
6761 164 165 4379 
6762 3646 4588 5207 
6763 992 2800 4324 
6764 2170 1937 2420 
6765 813 814 815 
6766 2907 2312 2908 
6767 4598 3724 4948 
6768 427 231 4360 
6769 415 308 4172 
6770 686 685 687 
6771 168 169 2961 
6772 439 303 4175 
6773 1576 1578 1579 
6774 643 644 4425 
6775 411 298 4177 
6776 1873 1872 1874 
6777 4350 3358 5250 
6778 688 687 689 
6779 1848 2178 4386 
6780 1856 5094 5601 
6781 3966 1597 4581 
6782 598 600 4400 
6783 1168 1166 1720 
6784 495 26 5079 
6785 2348 1637 2773 
6786 2159 2106 3074 
6787 2113 2146 2445 
6788 2175 2887 2909 
6789 1811 2160 2770 
6790 1955 1956 2254 
6791 3146 3826 4986 
6792 3747 3751 4908 
6793 1108 1113 1114 
6794 4085 4732 4956 
6795 1944 2179 2180 
6796 2163 4093 4958 
6797 2721 2767 4466 
6798 2529 1980 2899 
6799 1032 1033 1034 
6800 990 991 1030 
6801 1585 1557 1937 
6802 1172 1170 1173 
6803 2751 4193 4700 
6804 1010 1011 1073 
6805 163 164 2970 
6806 2532 2802 2803 
6807 4315 3028 4704 
6808 946 947 1010 
6809 816 818 819 
6810 2817 3079 4418 
6811 1859 2053 2423 
6812 4848 2855 5017 
6813 2227 2506 2507 
6814 4951 3472 5356 
6815 1034 1035 1051 
6816 690 689 691 
6817 1016 1057 2175 
6818 2913 1968 4640 
6819 1227 1219 4685 
6820 867 874 946 
6821 1643 854 4346 
6822 167 168 4411 
6823 2983 3040 3041 
6824 1030 991 1031 
6825 2900 2899 3019 
6826 1911 1912 1913 
6827 2880 2882 2883 
6828 230 427 4287 
6829 4357 1122 4425 
6830 819 820 821 
6831 2787 2868 3164 
6832 845 856 867 
6833 859 876 964 
6834 912 910 4370 
6835 4498 4367 4718 
6836 1059 1031 1060 
6837 684 685 686 
6838 1382 1383 1384 
6839 2283 2065 4510 
6840 1375 1376 1377 
6841 921 920 922 
6842 1107 1060 1108 
6843 1030 1031 1059 
6844 3020 3019 3273 
6845 1059 1060 1107 
6846 2316 2385 2386 
6847 2998 2506 4516 
6848 2803 2804 2805 
6849 686 687 688 
6850 4139 3261 5221 
6851 457 227 4369 
6852 688 689 690 
6853 1308 1306 4542 
6854 1955 1874 1956 
6855 2703 2704 2705 
6856 2420 1937 2784 
6857 671 675 676 
6858 1362 1363 1364 
6859 701 691 702 
6860 4362 3285 5551 
6861 1306 1339 4542 
6862 2709 2730 2828 
6863 3041 3042 3043 
6864 823 824 825 
6865 2767 2177 3073 
6866 969 2318 4385 
6867 475 334 4163 
6868 930 722 4739 
6869 2091 4598 5181 
6870 2254 1956 2255 
6871 644 646 4526 
6872 709 702 710 
6873 437 3941 5055 
6874 2067 2284 2285 
6875 2239 2251 3090 
6876 2270 2343 2378 
6877 4385 3031 4651 
6878 2805 2806 2982 
6879 1114 1113 1115 
6880 52 53 4899 
6881 1803 1805 1806 
6882 825 826 828 
6883 474 340 4347 
6884 2126 2688 4329 
6885 4169 527 5496 
6886 821 822 823 
6887 2883 3192 4472 
6888 3000 2234 3901 
6889 1670 2514 2787 
6890 2851 2221 3049 
6891 2061 2063 2064 
6892 3004 2229 3018 
6893 2811 2289 3083 
6894 2378 2379 2849 
6895 3650 1297 5309 
6896 3400 2198 4386 
6897 840 842 843 
6898 2274 2276 2277 
6899 2270 2269 2343 
6900 2692 2123 2779 
6901 2758 2756 3110 
6902 2386 2387 2531 
6903 530 310 4464 
6904 2617 2147 4403 
6905 3477 3111 3478 
6906 1891 1892 1893 
6907 981 2427 4532 
6908 828 829 831 
6909 3981 418 4981 
6910 696 2249 4322 
6911 2849 2850 2931 
6912 1786 1835 1836 
6913 2388 3032 3033 
6914 1756 1138 1989 
6915 3470 4498 4718 
6916 690 691 701 
6917 831 832 835 
6918 717 712 718 
6919 2619 3133 4355 
6920 1932 3026 4600 
6921 1433 3761 4693 
6922 835 836 839 
6923 2224 3285 4392 
6924 4129 387 4527 
6925 872 3010 4433 
6926 501 3974 4643 
6927 2019 2017 4686 
6928 710 712 717 
6929 2287 2288 2315 
6930 2184 2185 2186 
6931 2159 3074 3075 
6932 2124 2575 4479 
6933 2699 2700 2701 
6934 1204 1115 1205 
6935 731 718 732 
6936 701 702 709 
6937 3044 3492 3493 
6938 1095 1094 1096 
6939 2378 2343 2379 
6940 2528 1980 2529 
6941 1867 2107 4376 
6942 2849 2379 2850 
6943 158 159 4399 
6944 1114 1115 1204 
6945 988 986 1041 
6946 787 788 4461 
6947 1089 1044 1090 
6948 486 207 4280 
6949 831 835 871 
6950 1097 1096 1098 
6951 927 2837 4443 
6952 1715 1717 1718 
6953 1617 1205 1618 
6954 853 862 863 
6955 2036 2205 2206 
6956 2665 2668 3097 
6957 1099 1098 1100 
6958 3276 3170 4276 
6959 4015 547 5157 
6960 852 732 853 
6961 2083 2082 2665 
6962 1082 1133 1134 
6963 1913 1914 1915 
6964 2931 2850 2932 
6965 1076 1129 1203 
6966 3039 2806 4518 
6967 1806 1805 1807 
6968 2186 2187 2188 
6969 1130 1102 1131 
6970 2144 2238 2239 
6971 1204 1205 1617 
6972 4340 4145 4626 
6973 1101 1100 1102 
6974 1192 1189 1675 
6975 823 825 837 
6976 1561 1560 1562 
6977 2607 3465 4325 
6978 332 4018 4854 
6979 2285 2286 2287 
6980 2178 2598 4386 
6981 1704 1705 1706 
6982 2093 2116 2117 
6983 3079 3078 5264 
6984 1352 1353 1354 
6985 216 432 4301 
6986 889 891 892 
6987 4745 3443 5594 
6988 1745 1747 4401 
6989 1802 1618 1803 
6990 863 862 864 
6991 2740 3100 3101 
6992 4036 1648 5191 
6993 2767 3073 3435 
6994 777 778 4434 
6995 3181 3182 3183 
6996 1070 1078 1079 
6997 2656 2683 2684 
6998 3915 3914 3916 
6999 1657 897 4490 
7000 2064 2065 2066 
7001 2847 4599 5475 
7002 3090 4979 4991 
7003 2800 1038 4607 
7004 1617 1618 1802 
7005 976 980 981 
7006 717 718 731 
7007 1043 952 1044 
7008 2511 1754 4816 
7009 2902 2901 3280 
7010 687 685 4387 
7011 1915 1916 1917 
7012 1203 1780 1797 
7013 2692 2779 3179 
7014 2845 2784 2901 
7015 731 732 852 
7016 1557 1131 1558 
7017 3044 3493 3495 
7018 3380 2925 4893 
7019 3399 4663 5370 
7020 1565 1792 4459 
7021 1565 1564 1566 
7022 3431 3107 5456 
7023 148 149 4560 
7024 2758 3110 3111 
7025 2370 3014 3015 
7026 1838 1839 2060 
7027 1978 1807 2202 
7028 3034 3035 3386 
7029 2277 2443 2838 
7030 2834 4377 4917 
7031 2147 2159 4403 
7032 3179 3180 3181 
7033 877 864 878 
7034 1422 2045 3739 
7035 1122 643 4425 
7036 1836 1837 1838 
7037 2640 2642 2643 
7038 888 878 889 
7039 892 891 893 
7040 3183 3182 3184 
7041 4259 922 4566 
7042 1517 1518 1519 
7043 704 1895 4940 
7044 1979 1676 1980 
7045 2429 2022 4688 
7046 2760 2757 4415 
7047 2838 2839 3559 
7048 3782 3290 5198 
7049 1806 1807 1978 
7050 2851 3049 3319 
7051 2803 2802 2804 
7052 2437 2340 4383 
7053 2315 2288 2316 
7054 1718 1719 1785 
7055 3043 3044 4529 
7056 1732 2201 4519 
7057 949 893 950 
7058 3266 3265 4874 
7059 1984 2504 4406 
7060 2811 3083 4243 
7061 1905 1790 1906 
7062 3805 3808 3809 
7063 2733 1573 4124 
7064 1978 2202 2234 
7065 2762 2601 3677 
7066 3181 3180 3182 
7067 1567 1566 1568 
7068 1626 2097 2223 
7069 1077 2049 4410 
7070 1778 1640 1779 
7071 1206 1207 1714 
7072 981 980 982 
7073 1348 1349 1350 
7074 2765 2930 5473 
7075 1784 2738 4491 
7076 3179 2779 3180 
7077 1985 1984 4406 
7078 1635 2348 4535 
7079 2559 2557 4591 
7080 4182 4181 5113 
7081 1707 1929 4600 
7082 2600 2376 2601 
7083 1990 1989 2278 
7084 1562 1564 1565 
7085 2375 2374 2376 
7086 1409 1411 4907 
7087 2279 2278 2374 
7088 2762 3677 3678 
7089 843 844 845 
7090 973 950 974 
7091 1836 1835 1837 
7092 2386 2385 2387 
7093 1794 1985 2323 
7094 1756 1989 1990 
7095 863 864 877 
7096 1750 3865 5254 
7097 2600 2601 2762 
7098 2350 2783 3227 
7099 2285 2284 2286 
7100 2064 2063 2065 
7101 1736 2059 2846 
7102 1134 1133 1135 
7103 307 415 4864 
7104 3097 3098 3293 
7105 1714 1207 1715 
7106 919 918 920 
7107 3455 1735 4720 
7108 877 878 888 
7109 155 156 4408 
7110 1785 1719 1786 
7111 1136 1137 1206 
7112 1558 1560 1561 
7113 1635 1568 1636 
7114 1079 1078 1080 
7115 3674 2909 3746 
7116 2060 1839 2061 
7117 1798 1797 2082 
7118 1718 1717 1719 
7119 1074 1075 1076 
7120 2531 2387 2532 
7121 2066 2065 2067 
7122 2436 2340 2437 
7123 1206 1137 1207 
7124 2217 2579 3038 
7125 3461 5374 5552 
7126 1081 1080 1082 
7127 2805 2804 2806 
7128 2279 2374 2375 
7129 2375 2376 2600 
7130 1838 1837 1839 
7131 2287 2286 2288 
7132 2982 2806 2983 
7133 1637 1636 1638 
7134 5390 4404 5505 
7135 1079 1080 1081 
7136 1879 1779 2098 
7137 4814 4009 5490 
7138 1619 586 4460 
7139 983 982 984 
7140 892 893 949 
7141 1134 1135 1136 
7142 3015 3014 3030 
7143 1067 1056 1068 
7144 949 950 973 
7145 1845 1556 4422 
7146 1018 984 1019 
7147 1990 2278 2279 
7148 3563 2614 3732 
7149 2757 2758 4415 
7150 2323 1985 2324 
7151 1055 1019 1056 
7152 1638 1640 1778 
7153 1067 1068 2904 
7154 3470 2610 4498 
7155 66 67 5289 
7156 2737 2441 3460 
7157 4723 4060 4852 
7158 1938 1435 4693 
7159 4422 1756 4743 
7160 1136 1135 1137 
7161 2804 3176 4518 
7162 1505 1507 1508 
7163 983 984 1018 
7164 277 426 4354 
7165 1055 1056 1067 
7166 867 2121 4913 
7167 2440 2439 2441 
7168 3020 3273 3274 
7169 691 689 4394 
7170 1078 1077 4410 
7171 981 982 983 
7172 3101 3100 3102 
7173 3624 1961 5423 
7174 4280 208 4305 
7175 1018 1019 1055 
7176 3788 3784 3789 
7177 2335 1906 2336 
7178 2934 3839 5168 
7179 3227 2783 3228 
7180 4104 4105 4578 
7181 939 925 940 
7182 590 592 2719 
7183 2895 2896 4487 
7184 2438 2437 2439 
7185 2529 2899 2900 
7186 2650 3286 3842 
7187 1092 1094 1095 
7188 1029 4025 5719 
7189 367 521 4953 
7190 2942 2312 4993 
7191 532 300 4176 
7192 2900 3019 3020 
7193 4496 1096 4497 
7194 646 649 4526 
7195 3188 4208 5469 
7196 4442 1850 4585 
7197 1072 1156 1670 
7198 845 846 856 
7199 1343 1344 1345 
7200 855 1119 5091 
7201 796 799 4555 
7202 2128 2822 4510 
7203 2727 3837 5003 
7204 1945 2435 2945 
7205 4103 4378 5156 
7206 3041 3040 3042 
7207 2636 2637 2638 
7208 3227 3228 5428 
7209 2200 4260 5142 
7210 819 821 3092 
7211 2252 3766 5017 
7212 154 155 544 
7213 2675 3056 3468 
7214 1501 1502 1503 
7215 1696 1976 4580 
7216 2420 2784 2845 
7217 4121 520 5213 
7218 802 1608 4623 
7219 452 282 4214 
7220 2885 3154 4876 
7221 209 410 4305 
7222 2172 1619 4929 
7223 1252 1253 1254 
7224 1130 1131 1557 
7225 998 999 1000 
7226 1101 1102 1130 
7227 658 660 4550 
7228 1556 1756 4422 
7229 2318 3031 4385 
7230 412 198 4291 
7231 1097 1098 1099 
7232 3533 488 5468 
7233 2845 2901 2902 
7234 883 952 1043 
7235 2921 2720 3254 
7236 2678 4786 5012 
7237 1106 1553 4607 
7238 1155 1686 4603 
7239 1099 1100 1101 
7240 2323 2324 3125 
7241 1472 1473 1474 
7242 795 796 4555 
7243 815 816 4582 
7244 2764 4078 4383 
7245 1276 1274 4919 
7246 1857 2139 2400 
7247 1565 1566 1567 
7248 3579 3576 5699 
7249 4017 4508 4992 
7250 1631 1768 1769 
7251 1766 661 4550 
7252 1567 1568 1635 
7253 1561 1562 4459 
7254 4284 3033 5124 
7255 1778 1779 1879 
7256 1850 2583 4585 
7257 1879 2098 2100 
7258 1095 1096 1097 
7259 4251 1451 4523 
7260 967 1015 1016 
7261 3032 2389 5375 
7262 733 729 5210 
7263 4414 2897 4703 
7264 1320 1321 1322 
7265 1038 1106 4607 
7266 4021 463 5323 
7267 2414 3472 5523 
7268 3828 3208 5234 
7269 3233 3774 5731 
7270 1635 1636 1637 
7271 1043 4249 4593 
7272 2510 3115 3116 
7273 2824 2823 2986 
7274 1646 1647 4504 
7275 1923 3976 5502 
7276 2400 2836 3232 
7277 4124 2920 5067 
7278 4135 2007 5295 
7279 425 331 4854 
7280 1184 1185 1186 
7281 2826 3859 4669 
7282 1174 1173 1191 
7283 1990 2383 4743 
7284 695 3640 5685 
7285 1843 2006 2127 
7286 4013 4766 4964 
7287 3284 2881 4599 
7288 1073 1011 1074 
7289 3419 2736 3758 
7290 1010 947 1011 
7291 753 754 4396 
7292 1024 1025 1026 
7293 946 874 947 
7294 2541 2004 4748 
7295 2670 2540 5696 
7296 941 940 985 
7297 977 586 1619 
7298 2141 2500 2772 
7299 1089 1090 1676 
7300 3043 3042 3044 
7301 3274 4395 5695 
7302 2492 2633 2634 
7303 748 751 4654 
7304 1553 1790 1905 
7305 1994 2358 4689 
7306 991 957 4419 
7307 2808 3297 3481 
7308 661 658 4550 
7309 1180 1178 1181 
7310 3332 3333 5429 
7311 1191 1173 2823 
7312 408 286 4179 
7313 867 856 874 
7314 206 486 4308 
7315 2135 2233 2608 
7316 401 402 4957 
7317 2656 2562 2683 
7318 986 985 4602 
7319 2443 2776 4724 
7320 2334 4045 4871 
7321 1043 1044 1089 
7322 3898 454 5214 
7323 2688 3589 4329 
7324 1367 1369 1370 
7325 1464 1465 1466 
7326 3020 3736 4554 
7327 2025 2312 2907 
7328 1254 1255 1256 
7329 1710 1708 4640 
7330 2897 4343 4703 
7331 813 815 838 
7332 2908 2943 2979 
7333 1248 1249 4286 
7334 3168 3167 4610 
7335 2338 2340 2436 
7336 1036 4926 5066 
7337 1792 1567 4535 
7338 3871 3872 4915 
7339 4477 3033 5352 
7340 410 210 4372 
7341 1874 1872 4479 
7342 1294 1301 1302 
7343 4347 341 4936 
7344 1188 1189 1190 
7345 2444 2820 4380 
7346 4052 1880 5438 
7347 3544 4042 5652 
7348 803 805 830 
7349 1098 1096 4496 
7350 3133 2617 4403 
7351 2482 2483 2484 
7352 2223 2224 2728 
7353 3812 4744 5384 
7354 1016 1017 1057 
7355 342 436 4936 
7356 3514 2235 3515 
7357 1300 1306 1307 
7358 1728 1729 4519 
7359 3325 4290 4551 
7360 5510 4692 5602 
7361 4111 4333 4562 
7362 4333 2050 4562 
7363 2175 1057 2887 
7364 3434 2458 4829 
7365 2536 2537 2538 
7366 3754 3757 4721 
7367 2246 1902 5080 
7368 1256 1257 1258 
7369 2016 2020 5194 
7370 2378 2849 4428 
7371 1628 1949 1950 
7372 2805 2982 4505 
7373 3164 2868 3165 
7374 162 163 4740 
7375 2460 2461 2462 
7376 1008 1021 1022 
7377 534 280 4227 
7378 1290 1291 1292 
7379 3198 2508 3199 
7380 1372 1395 1654 
7381 425 4854 5302 
7382 1615 598 4400 
7383 3471 3469 5289 
7384 1831 2134 2135 
7385 1184 1182 1185 
7386 1747 1751 4401 
7387 1296 1298 1299 
7388 4512 1696 4580 
7389 807 810 1740 
7390 2334 4340 4626 
7391 1490 1701 2176 
7392 2332 2989 2991 
7393 1000 1001 1002 
7394 1341 2891 3069 
7395 5200 1058 5351 
7396 4158 4014 4636 
7397 2583 2650 4585 
7398 1670 2087 2514 
7399 2745 2407 3317 
7400 2162 753 4396 
7401 1613 1660 5191 
7402 3004 3018 5142 
7403 5014 3617 5331 
7404 1258 1259 1260 
7405 2153 2151 2602 
7406 33 4075 5039 
7407 2053 2103 4528 
7408 604 601 4618 
7409 2683 2562 4591 
7410 3731 1589 4987 
7411 2226 2227 2766 
7412 864 862 4433 
7413 4425 644 4526 
7414 2565 3905 3906 
7415 1142 1143 1144 
7416 2243 3536 3552 
7417 3058 2975 3059 
7418 2440 2441 2737 
7419 1395 1396 1628 
7420 2050 2717 4562 
7421 431 292 4178 
7422 982 980 4448 
7423 2243 2978 3536 
7424 2999 2580 3709 
7425 941 986 987 
7426 1628 1629 1949 
7427 3717 2746 3831 
7428 3372 3373 3374 
7429 2474 2475 2476 
7430 1932 2042 3026 
7431 1285 1286 1287 
7432 2309 2237 4409 
7433 1950 2329 2330 
7434 1002 1003 1004 
7435 4639 413 5274 
7436 1372 1373 1395 
7437 1775 1619 2172 
7438 3122 3948 4648 
7439 2504 4201 4406 
7440 781 782 4628 
7441 938 925 939 
7442 2995 3767 3768 
7443 153 154 4451 
7444 2438 2439 2440 
7445 2787 2514 2868 
7446 2330 2729 3053 
7447 1724 1722 4501 
7448 799 801 3045 
7449 4048 2760 4415 
7450 1695 1099 4544 
7451 1479 1480 1481 
7452 2436 2437 2438 
7453 1370 1371 1372 
7454 2049 2852 4410 
7455 420 4561 4589 
7456 1095 4390 4567 
7457 1905 1906 2335 
7458 1260 1261 1263 
7459 893 891 4443 
7460 4148 3770 5661 
7461 4625 2940 4973 
7462 1672 1671 1673 
7463 123 124 4577 
7464 183 184 4843 
7465 221 222 4863 
7466 2335 2336 2918 
7467 2501 2502 3474 
7468 3857 1927 5392 
7469 838 1671 1672 
7470 2025 2907 4603 
7471 2489 3148 3149 
7472 4922 2747 5021 
7473 1335 1336 1355 
7474 2226 1673 2227 
7475 2044 1879 4622 
7476 3667 3668 5249 
7477 2260 2306 2501 
7478 1249 1252 4286 
7479 695 708 5129 
7480 1355 1356 1366 
7481 2221 1845 4422 
7482 3847 3850 3852 
7483 2979 2980 3427 
7484 731 879 4810 
7485 1978 2533 4821 
7486 2548 4161 5638 
7487 152 153 460 
7488 1313 1314 1315 
7489 1658 5259 5485 
7490 3915 3916 5411 
7491 1307 1308 1309 
7492 2446 2302 3178 
7493 3094 4056 5482 
7494 1311 1312 1313 
7495 2346 2372 4335 
7496 1878 1957 1958 
7497 1769 1770 1857 
7498 1976 2370 4580 
7499 2512 3421 3662 
7500 793 795 868 
7501 1962 1963 1964 
7502 2157 1754 2158 
7503 1330 1331 1335 
7504 1004 1005 1006 
7505 1263 1264 1265 
7506 4630 4631 5097 
7507 868 795 1752 
7508 2818 2817 4418 
7509 660 2763 4550 
7510 4721 3757 4722 
7511 2538 2996 3451 
7512 2710 233 4285 
7513 3691 3690 4898 
7514 1309 1310 1311 
7515 4392 2670 5696 
7516 1672 1673 2226 
7517 1315 1316 1317 
7518 116 117 4564 
7519 3005 3006 3372 
7520 3716 408 5663 
7521 1857 1904 2139 
7522 3304 2900 4554 
7523 2753 1657 4490 
7524 515 37 5364 
7525 232 2710 4360 
7526 113 114 4558 
7527 3070 777 4434 
7528 4343 2895 4487 
7529 887 899 4651 
7530 1019 984 4444 
7531 1666 787 2143 
7532 4215 3370 5727 
7533 2969 2967 2974 
7534 3677 2601 4449 
7535 1753 1752 1754 
7536 2671 1646 4504 
7537 838 815 1671 
7538 426 278 4246 
7539 1926 2102 2260 
7540 4298 3303 5244 
7541 2684 2946 2947 
7542 1281 1282 1295 
7543 788 791 4461 
7544 1745 4401 4448 
7545 2613 2173 2920 
7546 2857 2858 2859 
7547 4225 3267 5084 
7548 1317 1318 1324 
7549 4098 1205 4988 
7550 2950 2654 2951 
7551 1801 1814 1815 
7552 1284 1285 5046 
7553 4218 2671 4504 
7554 4222 3763 5581 
7555 1355 1366 1426 
7556 3701 3702 5237 
7557 3385 1739 4733 
7558 2717 4219 4621 
7559 3577 1240 3609 
7560 3809 3810 3814 
7561 2238 2237 2309 
7562 3282 2539 3521 
7563 1120 1073 4482 
7564 3109 5016 5670 
7565 2859 3239 3240 
7566 3433 2458 3434 
7567 4602 5195 5574 
7568 1041 986 4602 
7569 949 1039 4828 
7570 1692 2225 2857 
7571 2166 2167 2242 
7572 1012 988 1013 
7573 1265 1266 1271 
7574 1324 1325 1328 
7575 1842 4431 4753 
7576 763 764 4617 
7577 1780 1859 4536 
7578 1328 1329 1330 
7579 2641 244 4275 
7580 1682 1681 1947 
7581 1188 1186 1189 
7582 4562 2717 4621 
7583 1299 1300 4364 
7584 3118 2789 3174 
7585 186 413 4338 
7586 4281 1994 4689 
7587 4838 1795 5554 
7588 192 440 4328 
7589 1275 1276 1281 
7590 2418 2865 4630 
7591 2963 2960 2964 
7592 507 4927 5119 
7593 1392 1394 4839 
7594 533 284 4199 
7595 822 820 4969 
7596 1719 1717 4491 
7597 1962 2068 5423 
7598 1604 1602 4682 
7599 3592 2419 3593 
7600 1727 1724 4501 
7601 2600 2762 4463 
7602 541 185 4338 
7603 1722 2753 4501 
7604 2777 777 3070 
7605 3603 4372 5421 
7606 2065 2063 4510 
7607 2772 2934 3200 
7608 1271 1272 1273 
7609 2684 2683 2946 
7610 2391 4398 4812 
7611 478 295 4493 
7612 785 787 1666 
7613 3384 3383 5730 
7614 2347 2155 2872 
7615 3516 3515 3517 
7616 2440 2944 4584 
7617 2710 4285 5222 
7618 1481 1482 1483 
7619 440 193 4384 
7620 2130 874 4597 
7621 2360 2078 2651 
7622 197 412 4319 
7623 4643 3974 4992 
7624 3883 3884 4822 
7625 3044 3495 4529 
7626 1330 1335 1763 
7627 1648 1634 5191 
7628 1273 1274 1275 
7629 1521 1523 1524 
7630 1948 1947 2262 
7631 1832 229 4287 
7632 2143 787 4461 
7633 2223 2728 3062 
7634 2191 5678 5709 
7635 944 3759 4627 
7636 1531 1535 1569 
7637 2612 1627 4682 
7638 1426 2165 2166 
7639 228 1832 4369 
7640 2258 2424 3005 
7641 3146 2947 3163 
7642 1191 2823 2824 
7643 860 3479 5521 
7644 1075 1011 4575 
7645 4455 3356 5478 
7646 744 3253 5063 
7647 3008 2254 4495 
7648 2923 3109 4990 
7649 4358 4357 4782 
7650 778 781 4434 
7651 2364 2232 2365 
7652 3946 407 5492 
7653 1144 1145 1146 
7654 3736 3274 5695 
7655 1862 1982 4412 
7656 2839 2443 4724 
7657 1741 1742 2140 
7658 2219 3620 5405 
7659 273 485 4167 
7660 1666 4250 4628 
7661 1190 1192 1193 
7662 2400 2139 2836 
7663 2330 2329 2729 
7664 4453 3149 4454 
7665 3944 3022 5031 
7666 2263 2262 2607 
7667 3322 2531 4509 
7668 465 366 4953 
7669 2991 2992 3337 
7670 3581 3315 3582 
7671 2905 4312 5444 
7672 3777 3237 5565 
7673 4595 3172 4815 
7674 2021 1452 4694 
7675 2673 3772 5733 
7676 816 819 4582 
7677 3292 3500 5352 
7678 2603 2381 5252 
7679 3086 2344 3996 
7680 2728 2224 4392 
7681 670 666 5348 
7682 2144 2143 2237 
7683 1219 1217 4685 
7684 2022 1690 4688 
7685 2820 3003 4380 
7686 1570 1535 4844 
7687 1950 1949 2329 
7688 2109 2941 5505 
7689 3870 2251 5098 
7690 1562 1565 4459 
7691 4559 3504 5649 
7692 4695 4437 4736 
7693 1390 5169 5353 
7694 2088 2089 2169 
7695 3094 1842 4753 
7696 1401 1398 1402 
7697 151 152 4515 
7698 3864 4031 5036 
7699 1647 1728 4504 
7700 3850 5599 5619 
7701 2405 2869 2870 
7702 3240 3241 3244 
7703 483 3937 5330 
7704 3763 3764 5581 
7705 584 586 977 
7706 1090 1092 4567 
7707 3190 4163 5047 
7708 2656 2684 4304 
7709 2107 1868 4524 
7710 1483 1484 1485 
7711 1444 1442 4694 
7712 3383 5704 5730 
7713 1387 1213 4242 
7714 1435 1433 4693 
7715 1573 1117 1574 
7716 1868 1870 4524 
7717 1900 1901 2088 
7718 2161 3852 5654 
7719 1898 1899 1900 
7720 2294 1968 2913 
7721 1870 1873 4524 
7722 3277 2816 3642 
7723 3597 3595 3600 
7724 1166 1164 4543 
7725 2157 2158 2789 
7726 2436 3672 4587 
7727 1753 1754 2157 
7728 947 2130 4575 
7729 2206 2207 2208 
7730 694 1611 1741 
7731 2255 2270 4495 
7732 775 777 2777 
7733 2543 4764 5708 
7734 1366 1367 4656 
7735 4420 2603 5093 
7736 2707 2705 2708 
7737 2239 2238 2251 
7738 3814 3816 4879 
7739 3219 3368 3369 
7740 1392 1389 1393 
7741 1658 4419 5259 
7742 150 151 545 
7743 336 430 5047 
7744 2242 2167 2243 
7745 2781 2119 3429 
7746 4020 513 5275 
7747 1896 1897 1898 
7748 868 1752 1753 
7749 2750 1107 4520 
7750 2254 2255 4495 
7751 1921 1919 1922 
7752 5416 4823 5595 
7753 1889 1645 1967 
7754 4430 2165 4656 
7755 1827 1828 1875 
7756 260 2480 4388 
7757 4212 2171 5447 
7758 2506 1673 4857 
7759 1875 1876 1896 
7760 3677 2761 5630 
7761 1825 1826 1827 
7762 1911 1893 1912 
7763 1324 1328 1378 
7764 4431 2609 4753 
7765 1797 1780 4536 
7766 1891 1762 1892 
7767 1313 1315 1765 
7768 1729 1731 1732 
7769 3378 2351 4708 
7770 2442 4002 5684 
7771 4983 3511 5166 
7772 2105 1227 4685 
7773 2748 4483 4732 
7774 3140 3678 5630 
7775 1485 1486 1487 
7776 2991 3337 3339 
7777 3461 4161 5374 
7778 2480 261 4274 
7779 3444 4247 5561 
7780 2775 2066 4525 
7781 1951 2395 2396 
7782 987 986 988 
7783 767 1677 4617 
7784 2699 2647 2700 
7785 1108 1114 4520 
7786 1546 1420 1547 
7787 3958 3959 5282 
7788 2166 2165 2167 
7789 3340 3341 5054 
7790 4519 4470 4890 
7791 4061 493 5615 
7792 4153 5103 5371 
7793 2532 2803 4509 
7794 211 2354 4372 
7795 2417 5110 5326 
7796 1964 1965 1966 
7797 1704 1544 1705 
7798 1573 1574 4124 
7799 2765 2373 2930 
7800 2357 1957 2910 
7801 2703 2701 2704 
7802 1107 1108 4520 
7803 2010 2257 2258 
7804 1692 753 2162 
7805 3205 2666 4563 
7806 4211 487 5623 
7807 1823 1824 1825 
7808 3966 4581 4969 
7809 1386 1384 1388 
7810 1295 1296 4661 
7811 1233 1231 1340 
7812 5244 3303 5380 
7813 2806 2804 4518 
7814 722 713 4739 
7815 1170 1168 4548 
7816 1517 1515 1518 
7817 1309 1311 1357 
7818 4124 1574 4230 
7819 724 726 4456 
7820 3060 3059 3141 
7821 1817 1818 1819 
7822 1229 1227 2105 
7823 1698 1301 1995 
7824 1074 1674 4482 
7825 1821 1822 1823 
7826 1819 1820 1821 
7827 1815 1816 1817 
7828 3049 4422 4743 
7829 67 68 5145 
7830 1417 1415 4297 
7831 4163 335 5047 
7832 456 4231 5086 
7833 3464 3410 5622 
7834 2292 1965 2669 
7835 3672 2438 4584 
7836 1487 1488 1493 
7837 175 414 4363 
7838 1553 1905 4607 
7839 2501 3474 3685 
7840 3381 3201 5434 
7841 2664 3476 5466 
7842 2835 2834 3186 
7843 2645 2643 2937 
7844 1524 1525 1526 
7845 710 717 4534 
7846 2346 2347 2372 
7847 110 111 555 
7848 1380 1377 1381 
7849 2666 2665 4563 
7850 770 772 4646 
7851 1616 4852 4998 
7852 4125 3031 4952 
7853 2864 3567 4657 
7854 2106 709 4534 
7855 2225 2162 2948 
7856 2552 3401 3402 
7857 2098 2215 4533 
7858 2845 2902 5063 
7859 3239 2858 3407 
7860 1017 1072 4568 
7861 1852 1627 2612 
7862 1247 1242 1288 
7863 799 3045 4555 
7864 1505 1503 1507 
7865 2274 2117 2276 
7866 2531 2532 4509 
7867 2093 2038 2116 
7868 542 174 4363 
7869 709 710 4534 
7870 3142 3141 3169 
7871 3118 3175 5457 
7872 2067 2285 4525 
7873 1526 1527 1528 
7874 1454 1452 2021 
7875 1966 2292 2293 
7876 1362 1354 1363 
7877 1190 1189 1192 
7878 856 857 4597 
7879 1426 1366 2165 
7880 2256 1995 2834 
7881 1757 1758 1996 
7882 1493 1494 1495 
7883 2336 2338 4587 
7884 1495 1496 1497 
7885 4315 4414 4703 
7886 1501 1492 1502 
7887 1996 1997 2229 
7888 514 4022 4728 
7889 2293 2715 2716 
7890 3052 2429 3213 
7891 2973 4136 4717 
7892 1375 1364 1376 
7893 2640 2638 2642 
7894 531 305 4950 
7895 2682 4027 4702 
7896 1073 1074 4482 
7897 2832 2527 3152 
7898 1569 1570 1800 
7899 1803 1806 4541 
7900 2735 3106 3555 
7901 600 694 4400 
7902 1528 1529 1530 
7903 294 478 4984 
7904 922 920 4566 
7905 2123 1714 4539 
7906 2177 1802 4541 
7907 1026 1027 1028 
7908 1290 1287 1291 
7909 1476 1474 4441 
7910 1352 1350 1353 
7911 1940 1938 2752 
7912 1997 1998 1999 
7913 1285 1279 1286 
7914 3380 4893 5258 
7915 1497 1498 1511 
7916 1300 1307 4364 
7917 1458 1456 1661 
7918 1755 2011 2914 
7919 1900 2088 2314 
7920 747 748 4654 
7921 767 769 1677 
7922 3487 3752 5568 
7923 1343 1334 1344 
7924 2066 2067 4525 
7925 2607 2262 2810 
7926 3096 4201 5102 
7927 1327 1322 4437 
7928 853 863 4546 
7929 1616 622 4852 
7930 1472 1466 1473 
7931 1294 1292 1301 
7932 416 166 4337 
7933 4928 4336 4961 
7934 2891 2877 3964 
7935 3950 4347 4936 
7936 3170 3169 3171 
7937 1348 1345 1349 
7938 1116 1052 1117 
7939 3466 3185 4920 
7940 1715 1718 4539 
7941 2952 2951 2953 
7942 1764 930 4739 
7943 1567 1635 4535 
7944 1511 1512 1520 
7945 3074 2106 4534 
7946 3046 2821 5011 
7947 2111 852 4546 
7948 3049 2221 4422 
7949 2650 3842 4585 
7950 373 470 5213 
7951 938 939 4334 
7952 1965 1963 4667 
7953 1068 1070 4545 
7954 1802 1803 4541 
7955 2754 1081 4547 
7956 2423 2053 4528 
7957 1199 1195 1927 
7958 852 853 4546 
7959 1732 1733 1757 
7960 2208 2209 2210 
7961 1896 1898 2788 
7962 2933 3378 4365 
7963 1082 1134 4547 
7964 889 892 4552 
7965 728 730 4494 
7966 5476 2614 5507 
7967 2071 1942 2327 
7968 3201 4396 4726 
7969 3089 2365 3196 
7970 2954 2953 2955 
7971 194 2275 4384 
7972 2144 2237 2238 
7973 624 627 4723 
7974 759 761 873 
7975 1099 1101 4544 
7976 4418 1387 5360 
7977 3265 3267 5518 
7978 1320 1304 1321 
7979 4247 3444 5509 
7980 2289 888 4552 
7981 4399 3712 4897 
7982 1281 1295 1365 
7983 2004 1693 4748 
7984 2636 2634 2637 
7985 3175 3174 4680 
7986 1341 1321 2877 
7987 2965 2964 2966 
7988 4926 3216 5066 
7989 2652 2651 3488 
7990 3902 3055 5275 
7991 4358 4782 4958 
7992 1676 1090 4567 
7993 291 431 5070 
7994 1809 1580 1810 
7995 1714 1715 4539 
7996 1586 1518 2509 
7997 2695 2233 2876 
7998 697 674 4813 
7999 1490 1473 1700 
8000 1590 1507 1702 
8001 1464 1462 1465 
8002 2956 2955 2957 
8003 1859 2423 4536 
8004 1879 2100 4622 
8005 3213 2429 4688 
8006 2370 3015 4580 
8007 2900 3020 4554 
8008 888 889 4552 
8009 3929 5217 5309 
8010 2358 3225 4689 
8011 2140 2141 4708 
8012 390 518 5358 
8013 5148 2121 5336 
8014 1878 1665 1957 
8015 4534 717 4810 
8016 2012 1705 2867 
8017 1675 1189 4557 
8018 2752 1938 4693 
8019 2958 2957 2959 
8020 1081 1082 4547 
8021 2241 2690 2691 
8022 2307 2718 4946 
8023 1926 2260 2261 
8024 2648 3946 5492 
8025 4754 3502 4964 
8026 1666 2143 2144 
8027 4341 3517 4342 
8028 2904 1068 4545 
8029 2492 2488 2633 
8030 4134 1683 5072 
8031 754 757 4396 
8032 1149 2334 4871 
8033 3073 2177 4541 
8034 2709 2708 2730 
8035 1671 815 4582 
8036 1341 3069 4437 
8037 3933 2507 5506 
8038 929 967 4595 
8039 700 1431 4652 
8040 4738 2348 4923 
8041 4541 1806 4821 
8042 4911 3698 5584 
8043 1459 1513 4808 
8044 5052 4321 5574 
8045 1962 1960 1963 
8046 111 112 4586 
8047 2924 2925 3379 
8048 2100 2098 4533 
8049 2460 2281 2461 
8050 2486 2484 4453 
8051 2870 2871 2924 
8052 2212 2213 2250 
8053 2320 2196 2321 
8054 2210 2211 2212 
8055 2779 2123 4539 
8056 2075 2073 2673 
8057 4260 4566 4905 
8058 2585 3023 4799 
8059 3115 3114 3294 
8060 1049 973 4671 
8061 2510 2509 3114 
8062 1944 1783 2179 
8063 3170 3171 4276 
8064 3951 3225 5131 
8065 3083 2289 4552 
8066 3208 3014 4967 
8067 1701 1700 1830 
8068 1403 1402 1404 
8069 4976 1361 5202 
8070 2134 2133 2615 
8071 1914 1912 2298 
8072 1913 1912 1914 
8073 1831 1830 2133 
8074 1490 2176 4441 
8075 5430 1118 5594 
8076 1186 1185 4557 
8077 1729 1732 4519 
8078 1411 4994 5701 
8079 2482 2478 2483 
8080 1558 1561 4571 
8081 1451 1469 4523 
8082 1732 1731 1733 
8083 2536 2462 2537 
8084 1193 1192 1599 
8085 1057 1017 4568 
8086 1843 1702 1844 
8087 4337 167 4411 
8088 2729 2939 4674 
8089 1991 1992 1993 
8090 1574 1576 4230 
8091 3022 3802 5031 
8092 2006 1844 2307 
8093 1016 2175 4595 
8094 2513 2307 3156 
8095 4191 4190 4749 
8096 4500 1049 4671 
8097 2182 2180 2183 
8098 1945 1916 2267 
8099 112 113 498 
8100 536 248 4903 
8101 2784 1937 4571 
8102 1638 1778 4572 
8103 870 883 4593 
8104 1827 1875 2299 
8105 1946 1835 4938 
8106 2665 3097 4563 
8107 1405 1404 1406 
8108 2730 2708 3147 
8109 1706 1705 2012 
8110 2250 2266 2356 
8111 4437 3069 4736 
8112 3196 2365 3197 
8113 3000 3902 5227 
8114 4442 4585 4858 
8115 2305 4223 4590 
8116 1407 1406 1408 
8117 1915 1914 1916 
8118 1394 1393 1397 
8119 147 148 420 
8120 1557 1558 4571 
8121 819 3092 4582 
8122 1070 1079 4545 
8123 1996 1758 1997 
8124 4785 3101 4938 
8125 1597 1626 4581 
8126 4552 892 4828 
8127 1629 1631 4592 
8128 1917 1916 1945 
8129 1681 1680 1926 
8130 1757 1733 1758 
8131 1519 1518 1586 
8132 2190 2188 2191 
8133 1971 2029 2282 
8134 2474 2472 2475 
8135 2356 3063 3107 
8136 1032 1013 1033 
8137 1259 4368 4789 
8138 2489 3149 4453 
8139 1738 1971 4741 
8140 1596 4096 5014 
8141 3853 3850 5619 
8142 1164 1662 4543 
8143 3085 4319 5493 
8144 2086 2291 2382 
8145 5013 3579 5699 
8146 2777 3070 3472 
8147 2607 2810 3465 
8148 3074 4534 4810 
8149 1574 1575 1576 
8150 3116 3115 3117 
8151 1893 1892 4465 
8152 2716 2938 3139 
8153 1508 1507 1590 
8154 1409 1408 1410 
8155 377 378 5198 
8156 3364 3365 4692 
8157 145 146 546 
8158 1637 1638 4572 
8159 667 4499 4696 
8160 2470 2468 2936 
8161 1821 1823 2168 
8162 1621 1738 4741 
8163 2996 2537 3233 
8164 2548 4383 4755 
8165 4271 3360 5297 
8166 664 667 4696 
8167 115 116 490 
8168 1679 1678 1680 
8169 751 753 1692 
8170 1670 2787 4568 
8171 3192 3138 3193 
8172 1741 2140 2142 
8173 1720 1166 4543 
8174 2883 2882 3138 
8175 1679 1680 1681 
8176 1 7 5391 
8177 2194 2192 2195 
8178 1576 1575 1577 
8179 3073 4541 4821 
8180 114 115 4596 
8181 2435 2267 3034 
8182 5228 3295 5458 
8183 974 4532 4671 
8184 1092 1095 4567 
8185 1881 1884 2086 
8186 2277 2276 2443 
8187 1411 1410 1412 
8188 2489 2483 2893 
8189 973 974 4671 
8190 2967 2966 4717 
8191 2701 2700 4473 
8192 74 482 5114 
8193 1937 1557 4571 
8194 5360 3978 5621 
8195 1880 2081 5438 
8196 1365 1295 1678 
8197 143 144 461 
8198 117 118 4604 
8199 1752 795 4555 
8200 249 454 4903 
8201 1168 1720 4548 
8202 939 940 941 
8203 1798 4105 5692 
8204 730 851 4494 
8205 118 119 462 
8206 1365 1678 1679 
8207 1574 1117 1575 
8208 2838 2443 2839 
8209 1652 728 4494 
8210 4042 472 5652 
8211 1587 1694 4531 
8212 2443 2276 2776 
8213 2773 1637 4572 
8214 4189 3123 4797 
8215 3167 2541 3858 
8216 1949 1629 4592 
8217 4722 3757 4790 
8218 2918 2336 4587 
8219 120 121 548 
8220 2608 2233 2695 
8221 3194 3193 3195 
8222 733 5357 5587 
8223 146 147 4589 
8224 2490 2475 2493 
8225 2214 276 4354 
8226 1173 1170 4548 
8227 3220 4034 4393 
8228 1474 1473 1490 
8229 3559 2839 3560 
8230 2675 3468 4619 
8231 1382 1381 1383 
8232 141 142 547 
8233 122 123 444 
8234 165 416 4379 
8235 1302 1301 1698 
8236 3136 4115 4840 
8237 4361 1652 4494 
8238 1260 1263 1338 
8239 452 4214 4215 
8240 3492 3042 4927 
8241 4178 293 4984 
8242 1503 1502 4502 
8243 4103 5156 5328 
8244 125 126 549 
8245 2763 664 4696 
8246 4581 3062 4969 
8247 1271 1273 1337 
8248 2514 2675 4619 
8249 2719 2720 2921 
8250 127 128 443 
8251 2158 2512 4570 
8252 4283 405 4681 
8253 2686 4436 5273 
8254 2135 2134 2233 
8255 144 145 4594 
8256 3858 2541 4748 
8257 139 140 422 
8258 4106 552 5144 
8259 130 131 551 
8260 4354 426 4393 
8261 4573 4574 4883 
8262 3292 2771 3500 
8263 136 137 491 
8264 1775 2173 2174 
8265 134 135 550 
8266 4585 3842 4858 
8267 1614 4341 4342 
8268 132 133 428 
8269 4403 3076 4727 
8270 941 987 4638 
8271 2117 2116 4484 
8272 5243 3217 5317 
8273 751 1692 4654 
8274 1800 1801 4761 
8275 3083 4552 4828 
8276 374 375 5234 
8277 576 2576 2577 
8278 3108 4178 4984 
8279 998 962 999 
8280 1011 947 4575 
8281 3326 2368 3861 
8282 1548 1547 1550 
8283 119 120 4606 
8284 142 143 4601 
8285 3674 3747 4908 
8286 3380 5258 5633 
8287 326 476 5244 
8288 4404 3227 5428 
8289 2129 3650 4891 
8290 3999 3079 5410 
8291 1466 1465 4517 
8292 782 785 4628 
8293 2846 2059 2847 
8294 121 122 4609 
8295 4377 2731 4917 
8296 932 930 1764 
8297 2843 2516 5482 
8298 1551 1550 1811 
8299 4097 4241 4918 
8300 4083 548 4971 
8301 692 4652 5159 
8302 1815 1817 2252 
8303 2770 2160 2771 
8304 4258 4324 5087 
8305 1413 1412 1414 
8306 149 150 4853 
8307 140 141 4608 
8308 1322 1321 1341 
8309 4159 4158 4636 
8310 4251 4523 4744 
8311 126 127 4611 
8312 2812 2493 2813 
8313 1237 1233 4641 
8314 4555 3045 4816 
8315 4004 4956 5192 
8316 4539 1718 4834 
8317 4348 870 4593 
8318 135 136 4613 
8319 133 134 4614 
8320 4971 3915 5411 
8321 4356 2907 4910 
8322 1958 1957 2357 
8323 726 1652 4456 
8324 2042 2565 4615 
8325 331 332 4854 
8326 2150 2151 2152 
8327 38 468 5364 
8328 571 573 4664 
8329 2149 4573 4883 
8330 3151 2813 3676 
8331 265 2003 4407 
8332 1367 1370 4656 
8333 2857 2225 2858 
8334 1235 1239 4752 
8335 2835 3186 4238 
8336 2848 3638 4819 
8337 1292 1291 4553 
8338 1599 3857 5392 
8339 4475 3046 5011 
8340 4081 3605 4758 
8341 2808 3481 4647 
8342 2152 2153 2154 
8343 3775 2327 5714 
8344 3996 4884 4990 
8345 2859 2858 3239 
8346 1296 1299 4661 
8347 1254 1256 1280 
8348 936 934 1118 
8349 4018 4492 5713 
8350 1579 1578 1580 
8351 2007 4267 5290 
8352 1072 1670 4568 
8353 2335 2919 4882 
8354 4005 3287 5107 
8355 2262 1947 4673 
8356 3312 3675 5612 
8357 4334 939 4638 
8358 2438 2440 4584 
8359 2484 2483 2489 
8360 1698 1995 2256 
8361 874 856 4597 
8362 1415 1414 1422 
8363 2602 2151 4883 
8364 945 936 4677 
8365 2089 2332 4612 
8366 1569 1800 2854 
8367 2442 1151 4871 
8368 306 307 4864 
8369 1520 1521 4771 
8370 2154 2155 2346 
8371 3017 4110 4644 
8372 4602 985 5195 
8373 2139 2808 4647 
8374 2539 2242 4583 
8375 2543 2303 4764 
8376 4639 3571 5643 
8377 2256 2834 2835 
8378 2508 2263 4605 
8379 4065 3045 5024 
8380 3122 4648 5161 
8381 3718 3719 5608 
8382 2873 2872 3308 
8383 4087 1922 5004 
8384 4378 1688 5156 
8385 4470 4471 5395 
8386 2970 164 4379 
8387 994 669 4861 
8388 2338 2436 4587 
8389 2779 4539 4834 
8390 1964 1963 1965 
8391 2058 3455 4569 
8392 1524 1526 1699 
8393 1751 1794 4624 
8394 3903 508 4616 
8395 1794 2323 4624 
8396 772 775 4646 
8397 1275 1281 4678 
8398 4520 1669 4798 
8399 2085 2679 2680 
8400 3874 1584 4877 
8401 2944 2737 4734 
8402 1528 1530 1787 
8403 4571 1561 4851 
8404 1383 1381 1735 
8405 1377 1376 4720 
8406 168 2961 4411 
8407 3240 3239 3241 
8408 3196 3197 3229 
8409 2823 1173 4548 
8410 487 4210 5193 
8411 1586 2509 2510 
8412 2174 2613 2614 
8413 1692 2162 2225 
8414 2377 3214 4935 
8415 159 543 4399 
8416 2476 2475 2490 
8417 1572 1952 1991 
8418 2462 2461 4538 
8419 2510 3114 3115 
8420 1387 4242 5360 
8421 3527 93 4754 
8422 4383 4078 4755 
8423 1341 2877 2891 
8424 3221 2863 5033 
8425 4330 2801 5651 
8426 1446 5122 5305 
8427 2012 2867 3159 
8428 4171 528 4865 
8429 1813 5223 5341 
8430 665 1766 4861 
8431 1115 1582 4988 
8432 1590 1702 1843 
8433 1384 1383 4762 
8434 2538 2537 2996 
8435 1008 1006 1021 
8436 1460 1458 4659 
8437 3432 5000 5437 
8438 4445 2751 4700 
8439 1024 1022 1025 
8440 2169 2089 4612 
8441 5395 4471 5674 
8442 2006 2307 2513 
8443 1843 1844 2006 
8444 1775 2172 2173 
8445 3186 2834 4917 
8446 2263 2607 4605 
8447 3677 4449 5444 
8448 2142 2140 2351 
8449 2235 1810 4690 
8450 843 845 4913 
8451 1993 2084 2085 
8452 339 474 5373 
8453 1490 1700 1701 
8454 967 1016 4595 
8455 418 263 4981 
8456 883 1043 4593 
8457 2870 2924 3456 
8458 3488 2651 3489 
8459 1051 1035 1052 
8460 1736 2846 4762 
8461 2933 4365 4366 
8462 2243 3552 4583 
8463 1945 2267 2435 
8464 1831 2133 2134 
8465 1701 1830 1831 
8466 3509 3511 4983 
8467 459 162 4740 
8468 1189 1186 4557 
8469 407 3943 5174 
8470 3146 3163 4774 
8471 2059 2058 2696 
8472 2613 2920 3382 
8473 4371 4445 4700 
8474 337 338 5283 
8475 5099 3331 5320 
8476 3122 5161 5299 
8477 2435 3034 3268 
8478 2165 1366 4656 
8479 3766 2994 5017 
8480 2373 2362 2977 
8481 2180 2179 4458 
8482 2854 2855 3048 
8483 319 477 5366 
8484 1389 1388 4733 
8485 3383 3248 5616 
8486 1397 1393 1739 
8487 2184 2183 2185 
8488 2669 1965 4667 
8489 2142 2351 2580 
8490 2740 3101 4785 
8491 1469 1479 4523 
8492 1736 1735 2058 
8493 977 1619 1775 
8494 3724 3726 4948 
8495 3869 3870 4873 
8496 1000 1002 5433 
8497 2955 2953 2976 
8498 4547 1655 4820 
8499 2293 2292 2715 
8500 1966 1965 2292 
8501 1511 1520 1935 
8502 2322 2321 2911 
8503 2959 2957 3269 
8504 3794 3788 4663 
8505 1982 4224 5314 
8506 156 419 4408 
8507 4027 4102 5501 
8508 2367 4371 4700 
8509 2296 2057 2341 
8510 2186 2185 2187 
8511 3727 2138 5585 
8512 3195 3193 3479 
8513 1404 1402 1734 
8514 1035 1033 1111 
8515 2649 3734 5284 
8516 2789 2158 4570 
8517 1357 4735 5533 
8518 1416 1419 5050 
8519 128 129 4824 
8520 1631 1769 4592 
8521 737 743 4885 
8522 1626 2223 4581 
8523 989 4334 4847 
8524 4427 1583 5637 
8525 2854 1800 2855 
8526 3110 2756 4820 
8527 4260 4809 5142 
8528 3127 3221 4645 
8529 948 942 4888 
8530 2141 2772 4708 
8531 2076 2362 2373 
8532 1493 1495 1653 
8533 5212 3123 5260 
8534 4912 2693 5059 
8535 805 807 4632 
8536 1034 1033 1035 
8537 3059 2975 4760 
8538 2784 4571 4851 
8539 1935 2862 5081 
8540 5472 3306 5511 
8541 1408 1406 1795 
8542 1787 1788 2076 
8543 941 985 986 
8544 3538 2978 5186 
8545 1048 989 4847 
8546 1787 1530 1788 
8547 1412 1410 1774 
8548 1752 4555 4816 
8549 3285 3673 5551 
8550 3926 3927 5398 
8551 2966 2964 2972 
8552 4535 2348 4738 
8553 4122 504 5651 
8554 2052 3306 5472 
8555 109 110 4895 
8556 2864 2863 3127 
8557 1694 2035 4531 
8558 990 1058 5200 
8559 163 2970 4740 
8560 1113 1112 5139 
8561 2076 1788 2362 
8562 528 4802 4865 
8563 1912 1893 4465 
8564 520 372 5213 
8565 964 876 4815 
8566 4764 4880 5708 
8567 2866 2692 5006 
8568 4632 1740 4633 
8569 810 813 4642 
8570 2716 2715 2938 
8571 2868 2514 4619 
8572 4401 1751 4624 
8573 2864 3127 3234 
8574 3133 4403 4727 
8575 3253 4043 5247 
8576 3461 2441 5638 
8577 2242 2243 4583 
8578 3877 2015 5497 
8579 4457 529 5325 
8580 2878 1739 2879 
8581 2975 2974 4760 
8582 3647 2695 5690 
8583 1833 1048 4847 
8584 1481 1483 1555 
8585 2899 1980 4867 
8586 2704 2701 4473 
8587 3991 3990 4944 
8588 2489 2893 3148 
8589 2580 2351 2933 
8590 1422 1414 2032 
8591 1317 4074 5073 
8592 2880 2879 2881 
8593 4706 3770 5714 
8594 3121 5299 5404 
8595 2512 3662 4570 
8596 4545 1689 4835 
8597 2882 2881 3283 
8598 1831 2135 4751 
8599 2355 2353 4921 
8600 4367 2304 4718 
8601 4462 2906 4728 
8602 3031 2791 4952 
8603 3390 3795 5402 
8604 4491 2738 4785 
8605 3001 4579 5381 
8606 4035 1923 5184 
8607 1485 1487 1796 
8608 3035 5007 5185 
8609 813 838 4642 
8610 3141 3059 3231 
8611 1935 1520 2860 
8612 5367 4518 5465 
8613 3249 3252 5023 
8614 2861 2863 2864 
8615 3570 3269 3614 
8616 1999 2149 2150 
8617 469 4048 5150 
8618 2974 2967 4717 
8619 1999 2148 2149 
8620 960 943 5085 
8621 3633 4275 5180 
8622 1756 1990 4743 
8623 2907 2908 4910 
8624 2654 2652 4620 
8625 2959 3269 3570 
8626 1507 1503 4502 
8627 1659 3561 5650 
8628 2597 4262 5514 
8629 4113 1291 5025 
8630 2705 2704 4860 
8631 2490 2493 2812 
8632 2861 2860 2863 
8633 3313 3312 5125 
8634 1628 1950 4672 
8635 1834 4785 4938 
8636 1383 1735 1736 
8637 2083 2667 5362 
8638 1531 1569 4763 
8639 2064 2774 5246 
8640 4510 2822 4796 
8641 4208 2547 5469 
8642 5059 3203 5276 
8643 3211 3212 5188 
8644 2964 2960 4772 
8645 4931 5048 5419 
8646 624 4723 4852 
8647 2466 4090 4914 
8648 3521 2539 4583 
8649 3356 4455 5666 
8650 1935 2860 2861 
8651 807 1740 4632 
8652 1415 1422 4297 
8653 2276 2117 4484 
8654 2966 2972 2973 
8655 1000 999 1001 
8656 3035 4803 5007 
8657 2045 2032 2418 
8658 1397 1739 2878 
8659 1474 1490 4441 
8660 4725 2936 5048 
8661 4167 485 4168 
8662 830 805 4632 
8663 2566 2418 2892 
8664 2824 2986 4769 
8665 2973 2972 3099 
8666 1736 2058 2059 
8667 2812 2813 3151 
8668 1431 3860 4652 
8669 1530 1531 4763 
8670 1667 4251 4975 
8671 3289 4486 5344 
8672 2880 2883 5065 
8673 4512 4580 4886 
8674 1057 4568 4875 
8675 1762 1706 4655 
8676 1393 1389 4733 
8677 2878 2879 2880 
8678 544 155 4408 
8679 1919 1917 4650 
8680 1473 1466 4517 
8681 3347 2892 3348 
8682 2960 2959 4772 
8683 3813 3878 5631 
8684 1544 1519 4658 
8685 2880 2881 2882 
8686 4791 3054 4793 
8687 2633 4202 5255 
8688 404 1 5391 
8689 5151 4141 5337 
8690 288 479 5646 
8691 1811 1550 1812 
8692 2174 2173 2613 
8693 3195 3479 3480 
8694 1678 1295 4661 
8695 4196 4197 5489 
8696 1258 1260 4722 
8697 791 793 4800 
8698 274 275 4925 
8699 1322 1341 4437 
8700 1381 1377 4720 
8701 2973 3099 3223 
8702 4256 582 4859 
8703 2188 2187 4804 
8704 4467 3157 5007 
8705 477 4171 4747 
8706 2652 3488 4620 
8707 3938 4813 5629 
8708 2148 2552 4573 
8709 1002 1001 1003 
8710 499 389 5358 
8711 1191 3998 5178 
8712 289 290 5271 
8713 876 929 4815 
8714 4479 2575 4866 
8715 3500 2771 3501 
8716 460 4108 5673 
8717 1740 810 4642 
8718 2346 2155 2347 
8719 485 274 4925 
8720 405 5 5001 
8721 2750 4520 4798 
8722 5118 1988 5555 
8723 2738 2740 4785 
8724 3782 378 5676 
8725 3281 4296 4773 
8726 1231 1229 4676 
8727 3270 2691 3271 
8728 2176 4253 5548 
8729 5195 3018 5574 
8730 1242 1237 4684 
8731 2565 3906 4615 
8732 1004 1003 1005 
8733 1683 1909 5072 
8734 2241 2691 3270 
8735 1142 1087 1143 
8736 1515 1510 4675 
8737 1063 2367 5121 
8738 3639 2750 4798 
8739 4249 3061 5120 
8740 1424 1392 4839 
8741 573 576 4664 
8742 3444 2317 5446 
8743 3739 2045 4759 
8744 2232 2019 4686 
8745 2187 2185 2197 
8746 187 188 5274 
8747 2341 4331 5515 
8748 1216 1218 4937 
8749 4214 533 4776 
8750 2332 2991 4612 
8751 2787 3164 4875 
8752 2356 3107 3430 
8753 3026 2042 4615 
8754 484 3821 5154 
8755 1654 1395 4672 
8756 1301 1292 4553 
8757 1858 1651 1987 
8758 2347 2872 2873 
8759 1239 1248 4752 
8760 3095 3090 5112 
8761 4469 4468 4809 
8762 2223 3062 4581 
8763 3744 3206 5377 
8764 2150 2149 2151 
8765 3033 3032 5124 
8766 1801 1815 4761 
8767 4254 1502 5061 
8768 785 1666 4628 
8769 2816 2294 4662 
8770 4208 3188 5413 
8771 131 132 4924 
8772 3166 4461 4800 
8773 2647 2645 4683 
8774 2836 2139 4647 
8775 2822 3532 4796 
8776 2432 2433 5349 
8777 2976 5265 5376 
8778 3199 2508 4605 
8779 3139 2938 4629 
8780 157 158 4897 
8781 3897 535 5451 
8782 2484 2489 4453 
8783 2871 2869 4779 
8784 1535 1808 4844 
8785 1304 1302 4691 
8786 622 624 4852 
8787 1713 2125 4732 
8788 4734 3162 5542 
8789 1001 999 4154 
8790 5021 3490 5483 
8791 179 180 5280 
8792 1402 1398 4783 
8793 2212 2250 2454 
8794 2078 1743 4679 
8795 3494 516 5669 
8796 4483 1713 4732 
8797 5278 3739 5717 
8798 1422 2032 2045 
8799 1007 3993 4780 
8800 433 3602 5147 
8801 2903 4001 4980 
8802 317 318 5499 
8803 977 4530 4859 
8804 2038 1852 4687 
8805 2127 2006 4731 
8806 3995 480 4978 
8807 1942 1940 4706 
8808 4580 3015 4886 
8809 1005 1003 1601 
8810 88 89 5029 
8811 2206 2208 2727 
8812 3973 4030 5058 
8813 2328 1983 5057 
8814 2160 1812 2241 
8815 4288 1065 5212 
8816 2931 2932 4814 
8817 1971 2282 4741 
8818 1334 1327 4695 
8819 1960 1958 4701 
8820 528 4170 4802 
8821 2045 2418 2566 
8822 1665 1199 4710 
8823 3430 3107 3431 
8824 2566 2892 3347 
8825 2849 2931 4974 
8826 1995 1301 4553 
8827 4167 3414 5001 
8828 3828 375 5648 
8829 1589 4856 4987 
8830 2035 2036 5003 
8831 4642 4332 4909 
8832 241 456 5086 
8833 3752 5238 5568 
8834 2073 2071 4712 
8835 2810 2262 4673 
8836 1917 1945 4650 
8837 4468 3004 4809 
8838 1576 1577 1578 
8839 2537 2462 4538 
8840 1398 1397 4783 
8841 1456 1454 4697 
8842 4739 713 4940 
8843 1811 1812 2160 
8844 5147 4211 5623 
8845 4799 3023 5152 
8846 793 868 4800 
8847 3953 510 5107 
8848 2563 2197 2735 
8849 1355 1426 4705 
8850 154 544 4451 
8851 2458 2296 4829 
8852 2915 2011 2916 
8853 4088 4410 4846 
8854 1395 1628 4672 
8855 1706 2012 4655 
8856 2904 4545 4835 
8857 2830 2828 4856 
8858 2917 2916 2993 
8859 4526 4327 4782 
8860 476 4298 5244 
8861 221 4863 5393 
8862 1857 2400 4904 
8863 755 5538 5731 
8864 1834 4491 4785 
8865 1755 1601 2010 
8866 2183 2180 4458 
8867 3346 4146 5671 
8868 1363 5225 5270 
8869 1645 1551 4653 
8870 4224 3719 5314 
8871 2152 2151 2153 
8872 1420 1417 4666 
8873 757 759 4726 
8874 4460 2719 4929 
8875 506 85 4795 
8876 1519 1586 4658 
8877 729 849 5210 
8878 1462 1460 4716 
8879 682 1037 5328 
8880 4461 791 4800 
8881 2281 2075 4709 
8882 2479 4610 5432 
8883 2754 4547 4820 
8884 467 4141 5151 
8885 1521 1524 4771 
8886 2402 2405 4699 
8887 2756 2754 4820 
8888 450 4146 5286 
8889 5032 837 5272 
8890 516 399 5669 
8891 4660 3579 5013 
8892 248 249 4903 
8893 2351 2140 4708 
8894 1622 4646 4951 
8895 3212 4633 4909 
8896 2283 4510 4796 
8897 2488 2486 4713 
8898 3648 5409 5549 
8899 275 2214 4925 
8900 2119 1889 4670 
8901 1551 1811 4653 
8902 775 2777 4646 
8903 4410 2852 4846 
8904 1022 1021 4549 
8905 4132 3997 5443 
8906 1192 1675 4827 
8907 2478 2476 4707 
8908 542 4229 5327 
8909 1569 2854 4763 
8910 1692 2857 4654 
8911 2892 2418 4630 
8912 1281 1365 4678 
8913 2176 1701 4751 
8914 2991 3339 4612 
8915 3374 3373 5253 
8916 3642 4662 5694 
8917 1026 1025 1027 
8918 454 250 5214 
8919 4782 4327 4958 
8920 1330 1763 4830 
8921 1688 678 5156 
8922 4149 4038 5686 
8923 1388 1384 4762 
8924 2110 4404 5428 
8925 1667 4975 5117 
8926 2510 3116 5015 
8927 3250 3384 5403 
8928 4504 1728 4890 
8929 717 731 4810 
8930 2258 3005 3007 
8931 2222 4704 4825 
8932 4357 4425 4782 
8933 3229 3913 5537 
8934 2800 4607 4882 
8935 1880 4052 5005 
8936 2154 2153 2155 
8937 1702 1507 4502 
8938 1700 1473 4517 
8939 2696 2058 4569 
8940 442 171 4965 
8941 2914 2011 2915 
8942 2017 2014 4896 
8943 3515 2235 4690 
8944 431 4178 4779 
8945 1810 1882 1883 
8946 5166 3511 5668 
8947 222 409 4863 
8948 1671 4582 4857 
8949 3996 2277 4884 
8950 184 541 4843 
8951 2387 2385 4934 
8952 4650 2945 5004 
8953 929 4595 4815 
8954 502 3973 5058 
8955 527 4165 5133 
8956 1676 4567 4867 
8957 1763 1335 4705 
8958 1718 1785 4834 
8959 3426 3509 4983 
8960 2855 1800 4761 
8961 4582 3092 4857 
8962 2187 2197 2563 
8963 1992 1952 2390 
8964 1345 1344 4943 
8965 4746 2328 5057 
8966 1233 1340 4641 
8967 3263 4675 4985 
8968 2790 3444 5561 
8969 446 4151 5420 
8970 3398 3396 5513 
8971 1302 1698 4691 
8972 3414 3413 5369 
8973 1806 1978 4821 
8974 4543 1662 5486 
8975 419 157 4897 
8976 2298 1912 4465 
8977 1662 4435 5096 
8978 4377 1995 4553 
8979 2493 4725 5048 
8980 4425 4526 4782 
8981 2396 4109 5488 
8982 3907 3908 4881 
8983 1006 1005 4842 
8984 460 153 4451 
8985 1810 1580 1882 
8986 1335 1355 4705 
8987 2901 2784 4851 
8988 2690 5278 5717 
8989 2472 2470 4725 
8990 3077 2894 4999 
8991 4312 2904 4835 
8992 4568 2787 4875 
8993 2196 2195 4823 
8994 305 306 4950 
8995 2910 1957 4710 
8996 1151 1149 4871 
8997 1572 1571 1951 
8998 1755 2914 4842 
8999 272 4167 5001 
9000 2860 1520 4771 
9001 3215 4503 5445 
9002 2769 2330 5294 
9003 2911 2321 2912 
9004 2563 2735 3993 
9005 137 138 4959 
9006 2395 4960 5400 
9007 2420 2845 4962 
9008 4472 3192 5554 
9009 176 177 5408 
9010 4606 4083 5614 
9011 531 4950 5642 
9012 2951 2654 4620 
9013 472 4042 5145 
9014 1500 1501 4887 
9015 4567 4390 4867 
9016 1772 3900 5422 
9017 4218 4504 4890 
9018 424 324 5380 
9019 892 949 4828 
9020 1091 4258 5345 
9021 4667 1963 4701 
9022 2766 2227 4972 
9023 4631 3480 5097 
9024 1372 1654 4941 
9025 2527 2322 4665 
9026 251 535 5214 
9027 3187 2300 5509 
9028 1313 1765 4735 
9029 1734 1402 4783 
9030 1754 1752 4816 
9031 1926 2261 4698 
9032 1888 2120 4942 
9033 1958 2357 4701 
9034 1124 1833 5069 
9035 4255 1615 5132 
9036 3764 2681 4916 
9037 2298 4465 4467 
9038 1455 1457 4995 
9039 306 4864 4950 
9040 3233 2537 4538 
9041 2799 3926 5398 
9042 475 4163 5090 
9043 5135 1020 5433 
9044 939 941 4638 
9045 458 3675 5568 
9046 4301 3367 5285 
9047 1029 1027 1571 
9048 2852 4117 4846 
9049 2931 4814 5490 
9050 2731 2397 4917 
9051 3503 2781 4855 
9052 669 665 4861 
9053 4232 456 5723 
9054 4052 4053 5005 
9055 2321 2196 4823 
9056 3665 3667 5249 
9057 158 4399 4897 
9058 3602 3601 5092 
9059 3352 3354 5060 
9060 3180 2779 4834 
9061 3601 3597 5092 
9062 3027 1847 5069 
9063 1458 1661 4659 
9064 3315 3136 4840 
9065 3430 3431 5680 
9066 1005 1601 1755 
9067 2308 3188 5712 
9068 5447 2171 5545 
9069 1578 1577 1881 
9070 3698 4089 5584 
9071 2919 2918 4870 
9072 2608 2695 4750 
9073 341 342 4936 
9074 3237 2394 5565 
9075 2131 4247 5509 
9076 2972 2964 4772 
9077 3841 3496 5722 
9078 4546 4131 4912 
9079 4295 1497 5081 
9080 264 4407 4981 
9081 2776 2276 4484 
9082 781 4628 5068 
9083 1892 1762 4655 
9084 1947 1681 4698 
9085 2322 2911 4665 
9086 713 704 4940 
9087 3719 3717 5314 
9088 2648 240 5086 
9089 5397 1796 5415 
9090 5000 3433 5064 
9091 3109 2922 5016 
9092 1922 1919 4650 
9093 1632 5046 5185 
9094 1705 1544 4658 
9095 823 837 5032 
9096 4794 3007 5115 
9097 2877 1321 4691 
9098 3361 4036 5233 
9099 2029 2305 4757 
9100 4291 199 5193 
9101 1036 4448 4926 
9102 474 5131 5373 
9103 1541 3923 5265 
9104 3162 4734 5691 
9105 2476 2490 4707 
9106 3331 5099 5526 
9107 2294 2913 4662 
9108 1681 1926 4698 
9109 1274 1277 4919 
9110 2733 4124 5067 
9111 4487 2896 5277 
9112 4624 3216 4926 
9113 2149 2148 4573 
9114 3837 2727 5706 
9115 2917 4644 5043 
9116 4852 4060 4998 
9117 152 460 4515 
9118 1229 2105 4676 
9119 4388 4234 4874 
9120 895 884 5563 
9121 2501 3685 4756 
9122 3636 4179 5646 
9123 2509 1518 4675 
9124 177 178 5342 
9125 4263 4322 5449 
9126 2569 2568 5511 
9127 1599 1192 4827 
9128 3177 4596 5635 
9129 1883 2302 2303 
9130 2867 1705 4658 
9131 4916 3128 5491 
9132 2645 2937 4683 
9133 1340 1231 4676 
9134 3796 3797 4977 
9135 4560 149 4853 
9136 2365 2232 4686 
9137 1328 1330 4830 
9138 2911 2912 3994 
9139 673 994 5105 
9140 934 932 4745 
9141 4453 4454 4713 
9142 1518 1515 4675 
9143 366 367 4953 
9144 2917 2993 3017 
9145 1288 1242 4684 
9146 3788 3789 4663 
9147 2111 4546 4912 
9148 3109 4945 4990 
9149 213 484 5154 
9150 2915 2916 2917 
9151 1185 1182 5019 
9152 53 511 4899 
9153 1311 1313 4735 
9154 4156 4479 4866 
9155 188 189 5387 
9156 1378 1328 4830 
9157 4446 4592 4904 
9158 4179 287 5646 
9159 2966 2973 4717 
9160 3360 3357 5297 
9161 3028 3027 4825 
9162 1357 1311 4735 
9163 825 828 4996 
9164 2925 3108 4893 
9165 2575 4478 4866 
9166 962 945 4737 
9167 1376 1364 4906 
9168 3855 3062 5335 
9169 3642 2816 4662 
9170 1900 2314 4768 
9171 3837 3029 5592 
9172 3228 3243 5453 
9173 4587 3672 4954 
9174 4397 3221 5256 
9175 2133 2136 5396 
9176 1417 4297 4666 
9177 2700 2647 4683 
9178 2367 4749 5121 
9179 2876 2233 4770 
9180 3713 3965 5215 
9181 3124 5200 5351 
9182 1852 2612 4687 
9183 203 433 5147 
9184 2023 2414 4991 
9185 3231 3059 4760 
9186 4302 2275 5296 
9187 1940 2752 4706 
9188 3642 2122 5721 
9189 4696 4499 4933 
9190 2940 3016 4973 
9191 171 172 4965 
9192 1327 4437 4695 
9193 4298 476 5287 
9194 4742 2827 5052 
9195 4516 3092 5032 
9196 1383 1736 4762 
9197 1889 1967 4670 
9198 2146 2455 5570 
9199 4328 3613 5495 
9200 1755 2010 2011 
9201 2651 2078 4679 
9202 1260 1338 4722 
9203 1337 3911 5735 
9204 1418 1409 4907 
9205 2191 2188 4804 
9206 2260 2501 4756 
9207 1883 1882 2302 
9208 5120 3061 5321 
9209 4038 3286 5686 
9210 4060 3311 4998 
9211 743 747 4885 
9212 3100 3066 5333 
9213 582 584 4859 
9214 3016 4528 5598 
9215 4607 1905 4882 
9216 1599 4827 4986 
9217 2229 1997 4742 
9218 3620 5092 5405 
9219 3186 4917 5173 
9220 1454 2021 4697 
9221 4832 3679 5640 
9222 1561 4459 4851 
9223 3664 3665 5425 
9224 2917 3017 4644 
9225 2918 4587 4954 
9226 2327 1942 4706 
9227 3442 4802 5658 
9228 484 214 5285 
9229 4334 3841 4847 
9230 3798 2830 4832 
9231 2157 3118 5301 
9232 1735 1381 4720 
9233 1216 4937 5169 
9234 1199 1927 4710 
9235 2071 2327 4712 
9236 1321 1304 4691 
9237 2116 2038 4687 
9238 3895 531 5642 
9239 2552 3402 4573 
9240 402 556 4957 
9241 5093 2603 5177 
9242 759 873 4726 
9243 4573 3402 4574 
9244 1810 1883 4690 
9245 3301 4298 5287 
9246 5457 3175 5603 
9247 267 458 5238 
9248 3546 5510 5602 
9249 3240 3244 5562 
9250 3695 3545 5018 
9251 3128 2680 3305 
9252 1739 1393 4733 
9253 236 237 5174 
9254 1288 4236 5020 
9255 1332 1226 5171 
9256 2714 4010 5710 
9257 2857 2859 5009 
9258 3582 3315 4840 
9259 5473 1277 5487 
9260 859 964 5071 
9261 3709 2580 4730 
9262 942 1685 4888 
9263 4250 3095 5068 
9264 1896 2788 4775 
9265 1991 1952 1992 
9266 2597 2382 2981 
9267 1661 1456 4697 
9268 1967 1645 4653 
9269 3197 2365 4686 
9270 4255 5132 5610 
9271 1344 1334 4695 
9272 1963 1960 4701 
9273 4985 1590 5279 
9274 4777 3911 4778 
9275 2781 3429 4855 
9276 1579 1809 5687 
9277 1815 2252 4761 
9278 488 3613 5468 
9279 851 734 5431 
9280 2949 2950 4989 
9281 884 719 5189 
9282 545 151 4515 
9283 4147 450 4999 
9284 4614 3398 5513 
9285 2293 2716 4841 
9286 4597 857 5071 
9287 3403 2569 5536 
9288 529 3854 5325 
9289 4136 1549 5030 
9290 1144 1143 1145 
9291 1957 1665 4710 
9292 456 242 5723 
9293 1980 1676 4867 
9294 1237 4641 4684 
9295 4673 1947 4698 
9296 4239 5229 5624 
9297 1740 4642 4909 
9298 2439 2548 5638 
9299 3851 2101 5503 
9300 2405 2870 4699 
9301 5650 3561 5725 
9302 1673 1671 4857 
9303 1025 1022 4549 
9304 803 830 5024 
9305 2946 4310 5300 
9306 2914 4878 5220 
9307 2873 3308 4806 
9308 3253 4962 5063 
9309 2673 2073 4712 
9310 2916 4794 5115 
9311 3147 2708 4860 
9312 3836 1750 5254 
9313 2261 2260 4756 
9314 2060 2061 5246 
9315 2890 2287 5412 
9316 3429 2119 4670 
9317 4503 3081 5351 
9318 2893 2483 4707 
9319 3478 3111 5177 
9320 3158 4467 4818 
9321 2719 2921 4929 
9322 4396 757 4726 
9323 2679 2084 3104 
9324 200 487 5193 
9325 5406 4868 5426 
9326 1465 1462 4716 
9327 2486 4453 4713 
9328 576 2577 4664 
9329 4884 2923 4990 
9330 1547 1420 4666 
9331 4342 3517 5035 
9332 3048 2855 4848 
9333 3283 3284 5293 
9334 483 220 5393 
9335 2708 2705 4860 
9336 4658 1586 5015 
9337 2075 2673 4709 
9338 2354 212 5154 
9339 2267 1916 4803 
9340 2788 1898 4768 
9341 2006 2513 4731 
9342 420 148 4560 
9343 2292 2669 4791 
9344 2927 2928 4963 
9345 2134 2615 4770 
9346 1088 3994 5606 
9347 180 181 5520 
9348 2767 3435 5334 
9349 745 742 5230 
9350 4010 3901 5710 
9351 2461 2281 4709 
9352 293 294 4984 
9353 407 238 5492 
9354 1146 1145 1776 
9355 2357 2910 4876 
9356 1843 2127 5279 
9357 2633 2488 4713 
9358 3078 3080 5002 
9359 3348 3738 5601 
9360 2493 2475 4725 
9361 3092 821 5032 
9362 2980 2943 5713 
9363 3019 2899 5078 
9364 3365 3363 5266 
9365 433 204 5318 
9366 1181 5136 5625 
9367 1898 1900 4768 
9368 263 264 4981 
9369 1028 1027 1029 
9370 2676 4910 5176 
9371 2933 4366 4730 
9372 4749 4190 5121 
9373 2305 4590 4757 
9374 1953 4300 5546 
9375 2483 2478 4707 
9376 150 545 4853 
9377 1508 1590 4985 
9378 508 80 4807 
9379 5328 1037 5501 
9380 3387 3279 5224 
9381 3812 3813 4975 
9382 1174 1191 5178 
9383 1364 1363 4906 
9384 3476 5294 5466 
9385 3280 5075 5183 
9386 5201 1349 5425 
9387 5525 3676 5580 
9388 5353 3196 5537 
9389 1788 1530 4763 
9390 936 1118 4677 
9391 1524 1699 4771 
9392 5221 3257 5718 
9393 2887 1057 4875 
9394 219 483 5330 
9395 522 4144 5372 
9396 2641 4232 5723 
9397 2498 2811 5550 
9398 2303 2302 2446 
9399 3215 5445 5650 
9400 510 4005 5107 
9401 2667 4578 5362 
9402 2282 2029 4757 
9403 4051 434 5022 
9404 4930 3150 5206 
9405 1701 1831 4751 
9406 1460 4659 4716 
9407 5143 3084 5493 
9408 2926 4065 5711 
9409 2728 4392 5696 
9410 4300 3708 5546 
9411 3294 5399 5675 
9412 5370 4663 5716 
9413 3617 1020 5135 
9414 4077 4702 5578 
9415 2597 2981 4261 
9416 3917 3893 5179 
9417 2086 2382 2597 
9418 2946 2683 4869 
9419 4591 3801 4869 
9420 4810 879 4922 
9421 471 3437 5491 
9422 4409 3166 5127 
9423 3045 801 5024 
9424 5 272 5001 
9425 1065 4797 5212 
9426 2353 2725 4921 
9427 1905 2335 4882 
9428 99 100 5667 
9429 1256 1258 4790 
9430 2470 2936 4725 
9431 1499 3822 5426 
9432 5344 2902 5528 
9433 1875 1896 4775 
9434 845 867 4913 
9435 1263 1265 4777 
9436 1273 1275 4784 
9437 2913 3930 5424 
9438 4834 1785 4968 
9439 4836 2999 5132 
9440 1145 1143 2581 
9441 2475 2472 4725 
9442 108 4 5539 
9443 2299 1875 4775 
9444 4747 4171 4865 
9445 3123 2554 5260 
9446 3938 3098 5579 
9447 1252 1254 4801 
9448 2303 2446 2534 
9449 4592 1769 4904 
9450 3152 2527 4665 
9451 215 4301 5285 
9452 4882 2919 5087 
9453 1902 1623 5080 
9454 1783 1596 5014 
9455 2914 2915 4878 
9456 455 4388 4874 
9457 4286 1252 4801 
9458 4011 448 5334 
9459 2099 4442 4858 
9460 2516 5261 5482 
9461 584 977 4859 
9462 4854 3120 5302 
9463 1741 2142 4836 
9464 183 4843 5529 
9465 2275 4945 5670 
9466 2959 3570 4772 
9467 2569 5511 5536 
9468 472 5018 5652 
9469 2898 2111 4912 
9470 2580 2933 4730 
9471 1275 4678 4784 
9472 1993 1992 2084 
9473 1914 2298 4803 
9474 555 111 4586 
9475 3202 4915 5582 
9476 4732 2125 4956 
9477 1865 1542 5704 
9478 431 4819 5070 
9479 4718 2304 5282 
9480 4408 419 5383 
9481 4821 2533 4930 
9482 3280 2901 5075 
9483 2020 4100 5106 
9484 1728 4519 4890 
9485 2840 3198 5106 
9486 4020 2851 5163 
9487 2847 4786 4787 
9488 498 113 4558 
9489 3343 4457 5325 
9490 4302 3086 4945 
9491 487 201 5623 
9492 3061 3113 5321 
9493 3965 457 5215 
9494 1338 4721 4722 
9495 4558 114 4596 
9496 3180 4834 4968 
9497 5678 3710 5709 
9498 2233 2134 4770 
9499 4564 117 4604 
9500 1037 684 5578 
9501 4597 5071 5553 
9502 2348 2773 4923 
9503 69 70 5018 
9504 4346 2694 5508 
9505 2045 2566 4759 
9506 1785 4439 4968 
9507 3417 3416 5481 
9508 3489 2651 4679 
9509 4615 2596 5441 
9510 3086 3996 4990 
9511 1291 1287 5025 
9512 3110 4820 5093 
9513 3041 4239 5624 
9514 490 116 4564 
9515 4828 1039 4939 
9516 444 123 4577 
9517 3281 5242 5579 
9518 4691 1698 5037 
9519 1337 1273 4784 
9520 3075 3074 4922 
9521 4656 1370 4941 
9522 3237 3777 5605 
9523 1967 4284 5124 
9524 1821 2168 4966 
9525 1181 1178 5136 
9526 1013 988 4961 
9527 3702 4731 5237 
9528 1021 1006 4842 
9529 1922 4650 5004 
9530 2870 3456 4699 
9531 3705 3332 5429 
9532 3225 3428 5131 
9533 1397 2878 4783 
9534 1338 1263 4777 
9535 3039 4518 5367 
9536 3479 860 5587 
9537 3974 4017 4992 
9538 932 1764 4745 
9539 1203 1798 5692 
9540 522 5372 5671 
9541 2217 3038 5236 
9542 988 1041 4961 
9543 4704 3028 4825 
9544 4566 923 4905 
9545 3011 3289 5528 
9546 494 5011 5311 
9547 205 4308 5318 
9548 4671 4532 5026 
9549 124 125 5041 
9550 4139 218 5330 
9551 1029 1571 1572 
9552 3160 4407 5455 
9553 3719 4224 5108 
9554 2941 5324 5505 
9555 3591 3592 5083 
9556 3198 3199 5497 
9557 2187 2563 4804 
9558 3296 3052 5181 
9559 3407 2858 5158 
9560 2791 3247 4952 
9561 1572 1951 1952 
9562 4652 3139 5159 
9563 2385 3050 4934 
9564 2059 2696 4786 
9565 5173 1620 5379 
9566 3435 3073 4930 
9567 1817 1819 4805 
9568 2899 4867 5078 
9569 1254 1280 4801 
9570 1411 1413 4994 
9571 494 4475 5011 
9572 5593 4709 5733 
9573 1769 1857 4904 
9574 110 555 4895 
9575 3107 3063 5243 
9576 2003 266 5238 
9577 2908 2979 4910 
9578 4456 1652 4892 
9579 5450 2642 5474 
9580 4401 4624 4926 
9581 112 498 4586 
9582 504 4330 5651 
9583 4048 4415 5150 
9584 4500 4671 5026 
9585 1350 1349 5201 
9586 488 190 5495 
9587 422 4339 5354 
9588 1497 1511 5081 
9589 2275 195 5296 
9590 4598 3296 5181 
9591 32 33 5039 
9592 4832 2830 4856 
9593 4 109 5539 
9594 3227 4404 5390 
9595 290 291 5070 
9596 2252 1817 4805 
9597 1916 1914 4803 
9598 1997 1999 4742 
9599 1528 1787 4817 
9600 4448 4401 4926 
9601 3824 4826 5140 
9602 2983 3041 5624 
9603 1280 1256 4790 
9604 2468 2466 4914 
9605 1835 1834 4938 
9606 3042 3040 4927 
9607 2683 4591 4869 
9608 1118 934 4745 
9609 4128 4556 5707 
9610 2882 3283 4781 
9611 945 4677 4737 
9612 3290 4046 5082 
9613 4996 828 5564 
9614 2085 2084 2679 
9615 2729 4674 5044 
9616 2850 2379 5725 
9617 4161 4159 5374 
9618 3138 2882 4781 
9619 4243 3083 4939 
9620 1247 1288 5020 
9621 4644 2396 5043 
9622 3822 3823 5406 
9623 3676 2813 4931 
9624 4856 2828 4987 
9625 1532 3899 5239 
9626 1438 4512 4886 
9627 3079 5264 5410 
9628 2715 2292 4791 
9629 2228 2226 5460 
9630 2312 2311 4993 
9631 4707 2490 5076 
9632 4080 441 5224 
9633 2125 4329 4956 
9634 4308 3599 5318 
9635 999 962 4737 
9636 4411 2961 4915 
9637 1642 4477 5352 
9638 2821 3153 5011 
9639 3700 5237 5418 
9640 3712 3711 5702 
9641 4931 2813 5048 
9642 3189 2744 5479 
9643 1999 2150 4742 
9644 2296 2341 4829 
9645 441 182 5529 
9646 1258 4722 4790 
9647 2735 3555 4780 
9648 335 336 5047 
9649 147 420 4589 
9650 2847 2059 4786 
9651 3014 3013 4967 
9652 196 4319 5296 
9653 1526 1528 4817 
9654 115 490 4596 
9655 3901 2234 5710 
9656 4429 1658 5485 
9657 2010 2258 4794 
9658 4718 5282 5705 
9659 4138 4765 4766 
9660 4224 2328 5108 
9661 4345 546 5308 
9662 546 146 4589 
9663 4144 465 5102 
9664 4896 2013 5128 
9665 2421 2420 4962 
9666 3905 3904 5647 
9667 5081 2862 5307 
9668 4465 1892 4818 
9669 2680 2679 4949 
9670 4079 2887 5110 
9671 3019 5078 5199 
9672 4827 3145 4986 
9673 4509 3264 5338 
9674 4215 4214 4776 
9675 4400 694 4836 
9676 118 462 4604 
9677 2251 2238 5098 
9678 4327 2163 4958 
9679 4633 1740 4909 
9680 3738 3348 5567 
9681 2938 2715 4793 
9682 145 546 4594 
9683 3080 3720 5634 
9684 2057 1858 4792 
9685 1476 4441 5061 
9686 173 542 5327 
9687 2912 2321 4823 
9688 694 1741 4836 
9689 2936 2468 4914 
9690 3709 3254 5610 
9691 3057 3058 5116 
9692 4042 3471 5145 
9693 4797 3123 5212 
9694 2350 3227 5390 
9695 459 4216 5693 
9696 4246 3328 5365 
9697 4430 4656 4941 
9698 461 144 4594 
9699 3269 2957 4831 
9700 4800 868 5127 
9701 4146 522 5671 
9702 2007 5290 5295 
9703 831 871 5564 
9704 3835 3834 5625 
9705 3120 2942 5302 
9706 443 128 4824 
9707 3294 3114 5399 
9708 1699 1526 4817 
9709 4646 2777 4951 
9710 3311 3310 5170 
9711 5132 2999 5610 
9712 143 461 4601 
9713 1315 1317 5073 
9714 2679 3104 3105 
9715 1005 1755 4842 
9716 462 119 4606 
9717 2227 2507 4972 
9718 4063 3102 5443 
9719 737 4885 5431 
9720 405 5001 5369 
9721 120 548 4606 
9722 548 121 4609 
9723 3182 3180 4968 
9724 1651 1146 4788 
9725 547 142 4601 
9726 2976 2953 4850 
9727 122 444 4609 
9728 4672 2769 5304 
9729 4506 443 4824 
9730 2241 3270 4811 
9731 1370 1372 4941 
9732 2867 4658 5015 
9733 3964 2877 5037 
9734 1774 1410 4838 
9735 4402 1616 4998 
9736 4108 4451 5045 
9737 141 547 4608 
9738 2947 2946 5300 
9739 549 126 4611 
9740 4141 520 5337 
9741 127 443 4611 
9742 422 140 4608 
9743 3811 5384 5397 
9744 2789 4570 5062 
9745 243 2641 5723 
9746 2634 2633 5255 
9747 1493 1653 4837 
9748 3493 3494 5218 
9749 2868 4619 5118 
9750 550 135 4613 
9751 4499 1688 4933 
9752 136 491 4613 
9753 4216 543 5693 
9754 1502 1492 5061 
9755 428 133 4614 
9756 239 2648 5492 
9757 134 550 4614 
9758 2103 2416 5598 
9759 1483 1485 4833 
9760 1349 1345 4943 
9761 3156 2307 4946 
9762 3949 3951 5130 
9763 2032 1414 4849 
9764 4516 5032 5272 
9765 1487 1493 4837 
9766 4674 3760 5044 
9767 551 131 4924 
9768 1510 1508 4985 
9769 3953 2685 5162 
9770 4529 3495 4918 
9771 452 4215 5727 
9772 2400 3232 5164 
9773 4112 423 5060 
9774 2327 4706 5714 
9775 2303 2534 4764 
9776 4577 124 5041 
9777 3074 4810 4922 
9778 2957 2955 4831 
9779 191 4328 5495 
9780 3528 4765 5662 
9781 26 27 5079 
9782 3089 3196 5353 
9783 3125 2324 5390 
9784 4492 2980 5713 
9785 4729 2228 5460 
9786 3443 3454 5594 
9787 1453 1467 5122 
9788 1235 4752 5171 
9789 4904 2400 5164 
9790 5046 3386 5185 
9791 2916 2011 4794 
9792 3098 3938 5629 
9793 132 428 4924 
9794 3356 3353 5478 
9795 4763 2854 5027 
9796 2771 2160 4811 
9797 2012 3159 5208 
9798 4594 4345 5219 
9799 3090 2251 4979 
9800 1619 4460 4929 
9801 2955 2976 4831 
9802 733 5210 5357 
9803 1205 1115 4988 
9804 739 5091 5129 
9805 3457 3447 5540 
9806 4989 414 5408 
9807 747 4654 5009 
9808 2828 2730 4987 
9809 2860 4771 5033 
9810 3468 3056 5346 
9811 3631 3633 5180 
9812 3501 2771 4811 
9813 1819 1821 4966 
9814 1485 1796 4833 
9815 477 4881 5366 
9816 3692 4087 5004 
9817 3865 4533 5236 
9818 543 160 5693 
9819 1214 1216 5169 
9820 3449 3256 5732 
9821 2160 2241 4811 
9822 4675 1510 4985 
9823 4533 2215 5236 
9824 491 137 4959 
9825 4154 999 4737 
9826 2692 3179 5006 
9827 4320 2844 4928 
9828 3003 4832 5640 
9829 837 825 4996 
9830 4293 3017 5677 
9831 5097 849 5137 
9832 2800 4882 5087 
9833 5142 3018 5195 
9834 2874 4747 4865 
9835 5165 2311 5657 
9836 4075 469 5150 
9837 4026 4728 5543 
9838 2202 2714 5710 
9839 4952 3247 5023 
9840 1892 4655 4818 
9841 5461 3203 5550 
9842 1632 1284 5046 
9843 73 74 5114 
9844 820 3966 4969 
9845 739 855 5091 
9846 4667 4701 5187 
9847 1363 1354 5225 
9848 2454 4868 5406 
9849 3993 2735 4780 
9850 2876 4089 5690 
9851 4702 1037 5578 
9852 2151 2149 4883 
9853 3371 3071 5653 
9854 3157 1632 5185 
9855 3473 2733 5067 
9856 1408 1795 4838 
9857 1410 1408 4838 
9858 2953 2951 4850 
9859 3403 5536 5637 
9860 3073 4821 4930 
9861 5557 1774 5560 
9862 240 241 5086 
9863 3943 3944 5174 
9864 3145 3146 4986 
9865 4105 1674 5692 
9866 1286 1279 5134 
9867 3255 3065 5222 
9868 3437 4916 5491 
9869 3946 2648 5617 
9870 3348 2892 5137 
9871 3247 3249 5023 
9872 237 407 5174 
9873 2667 3204 5329 
9874 2777 3472 4951 
9875 5062 1197 5558 
9876 745 5230 5293 
9877 2838 3559 5051 
9878 4105 1798 5362 
9879 4467 4465 4818 
9880 2832 3152 4935 
9881 5258 4024 5633 
9882 2911 3994 5269 
9883 4482 3588 5439 
9884 2715 4791 4793 
9885 1555 1483 4833 
9886 4941 1654 5186 
9887 2812 3151 5077 
9888 1146 1776 4788 
9889 3217 3219 5317 
9890 2060 4082 5607 
9891 4701 2357 5187 
9892 3212 4909 5188 
9893 3229 3197 5128 
9894 1847 1124 5069 
9895 4917 2397 5173 
9896 1796 1487 4837 
9897 3273 3019 5199 
9898 1412 1774 4849 
9899 4715 1054 5719 
9900 3155 3603 5421 
9901 2877 4691 5037 
9902 3075 4922 5021 
9903 2225 2948 5158 
9904 2579 3077 5517 
9905 4708 2772 5008 
9906 1288 4684 4898 
9907 2456 1908 5281 
9908 3083 4828 4939 
9909 4251 4744 4975 
9910 4570 3663 5062 
9911 3811 3812 5384 
9912 4820 1655 5093 
9913 1788 4763 5027 
9914 2602 3919 5111 
9915 1734 4472 5343 
9916 1760 1953 5546 
9917 1481 1555 4997 
9918 3941 3960 5055 
9919 1268 1247 5020 
9920 1674 1076 5692 
9921 2566 3347 4955 
9922 3513 5476 5507 
9923 1812 1550 4889 
9924 3097 3293 5547 
9925 4381 4208 5413 
9926 1182 1181 5019 
9927 4771 1699 5033 
9928 4038 4149 5471 
9929 4299 2833 5103 
9930 2036 2206 5003 
9931 1414 1412 4849 
9932 3888 5219 5524 
9933 2197 2185 4902 
9934 2088 2169 5172 
9935 2356 3430 4868 
9936 4998 3311 5170 
9937 4428 2849 4974 
9938 161 459 5693 
9939 4628 4250 5068 
9940 1601 1003 4894 
9941 5075 1792 5183 
9942 535 4268 5451 
9943 2972 4772 5056 
9944 3483 3301 5287 
9945 5205 1825 5500 
9946 1734 4783 5065 
9947 4661 1299 5109 
9948 801 803 5024 
9949 3376 3075 5021 
9950 4648 2753 5161 
9951 1289 1290 5088 
9952 1120 4482 5439 
9953 4237 4517 5378 
9954 4264 1423 4911 
9955 490 4564 4565 
9956 4867 4390 5078 
9957 4764 2534 4765 
9958 873 3921 5434 
9959 4940 1895 5253 
9960 3236 3238 5470 
9961 2455 5051 5570 
9962 3732 2577 5604 
9963 3261 3258 5221 
9964 3023 3025 5152 
9965 2011 2010 4794 
9966 1655 4420 5093 
9967 1479 1481 4997 
9968 4234 3266 4874 
9969 2250 2356 4868 
9970 4793 588 5231 
9971 5689 3578 5726 
9972 708 739 5129 
9973 3578 3579 5726 
9974 5011 3153 5311 
9975 4136 3223 5050 
9976 1362 1374 5202 
9977 4803 2298 5007 
9978 2015 2016 5194 
9979 3051 5228 5356 
9980 2898 4912 5059 
9981 3816 3818 5307 
9982 5096 3093 5261 
9983 3680 3681 5571 
9984 506 4795 5190 
9985 2893 4707 5076 
9986 1309 1357 5494 
9987 125 549 5041 
9988 3829 2567 5572 
9989 2035 5003 5592 
9990 3827 3069 5534 
9991 3012 4108 5045 
9992 1549 1545 5575 
9993 2753 4490 5161 
9994 4095 505 5229 
9995 2891 4068 5534 
9996 378 379 5676 
9997 4927 3040 5119 
9998 3406 937 5313 
9999 3341 3419 5626 
10000 4772 3570 5056 
10001 4523 1479 4997 
10002 3154 3445 5532 
10003 3460 3461 5552 
10004 3182 4968 5138 
10005 3378 4708 5008 
10006 2421 4962 5247 
10007 4101 3455 5683 
10008 2258 3007 4794 
10009 2818 4418 5360 
10010 2772 3200 5008 
10011 821 823 5032 
10012 2993 5519 5677 
10013 2737 3460 5691 
10014 1858 1987 4792 
10015 2951 4620 4850 
10016 4287 427 5435 
10017 1287 1286 5025 
10018 3513 3514 5476 
10019 857 859 5071 
10020 849 727 5146 
10021 4262 2597 5682 
10022 3848 3849 5698 
10023 3772 3773 5733 
10024 2389 2393 5375 
10025 4870 2918 4954 
10026 101 471 5010 
10027 2229 4742 5052 
10028 1054 1028 5719 
10029 1041 4928 4961 
10030 4590 3659 4757 
10031 1946 4938 5038 
10032 4783 2878 5065 
10033 3277 3642 5721 
10034 4863 3316 5393 
10035 1492 1476 5061 
10036 3393 4506 4824 
10037 3538 5186 5304 
10038 769 1622 5458 
10039 3166 4800 5127 
10040 4685 3999 5410 
10041 4256 4859 5440 
10042 2930 2373 5217 
10043 423 4767 5060 
10044 3101 3102 5038 
10045 2069 3132 5149 
10046 4002 3539 5684 
10047 2454 2250 4868 
10048 1193 1599 5392 
10049 4299 5103 5232 
10050 3204 5290 5329 
10051 4474 1052 5267 
10052 4373 1667 5117 
10053 3105 3104 5049 
10054 375 376 5648 
10055 2206 2727 5003 
10056 2107 4423 5211 
10057 4711 2926 5711 
10058 4968 4439 5138 
10059 3710 3191 5595 
10060 502 5058 5569 
10061 533 4199 5608 
10062 482 4221 5250 
10063 923 4521 5674 
10064 1823 1825 5205 
10065 4805 1819 4966 
10066 550 4613 4932 
10067 2341 2057 4792 
10068 426 4246 5365 
10069 1400 1541 5588 
10070 4402 4998 5170 
10071 4109 2390 5488 
10072 4690 2543 5035 
10073 3191 5416 5595 
10074 1448 5525 5580 
10075 4505 2982 5229 
10076 2937 2643 5450 
10077 2446 3178 5074 
10078 1550 1547 4889 
10079 1286 5134 5653 
10080 3106 4902 5401 
10081 3491 2898 5059 
10082 492 4132 5042 
10083 4728 2906 5543 
10084 4297 3739 5278 
10085 4874 3265 5518 
10086 3238 4560 4853 
10087 202 203 5147 
10088 2298 4467 5007 
10089 1827 2299 5500 
10090 540 4225 5084 
10091 1909 2138 5072 
10092 3475 3607 5533 
10093 1571 1027 4960 
10094 3053 2729 5044 
10095 3937 4139 5330 
10096 4435 3093 5096 
10097 3741 4886 5209 
10098 5248 2432 5349 
10099 1582 1113 5139 
10100 2974 4717 5030 
10101 4429 5485 5641 
10102 3453 3135 5350 
10103 3102 3100 5042 
10104 4022 4021 5323 
10105 3235 3245 5148 
10106 4444 1036 5066 
10107 4875 3164 5110 
10108 4165 4166 5133 
10109 212 213 5154 
10110 3454 5430 5594 
10111 3018 2229 5052 
10112 2876 4770 4911 
10113 401 4957 5240 
10114 3287 3008 5107 
10115 4181 2987 5113 
10116 4415 3112 5150 
10117 4089 2876 5584 
10118 505 4505 5229 
10119 2734 3473 5251 
10120 943 956 5085 
10121 2179 1783 5014 
10122 4283 4681 5125 
10123 1001 4154 4894 
10124 4348 4593 5120 
10125 2901 4851 5075 
10126 68 472 5145 
10127 3476 2663 5664 
10128 1882 1580 4901 
10129 4909 4332 5188 
10130 4611 4507 5245 
10131 5184 1923 5502 
10132 4446 4904 5164 
10133 1809 3513 5687 
10134 3751 3750 5553 
10135 4395 1866 5695 
10136 2807 5212 5260 
10137 4744 4523 4997 
10138 1927 1195 5392 
10139 4082 3972 5203 
10140 5194 3198 5497 
10141 3263 4985 5279 
10142 3051 3295 5228 
10143 4295 5081 5307 
10144 4744 3812 4975 
10145 1987 1651 4788 
10146 3517 3515 5035 
10147 4817 4397 5256 
10148 3613 3534 5468 
10149 3597 3600 5405 
10150 2854 3048 5027 
10151 4232 2641 5196 
10152 4535 4738 5183 
10153 2642 2638 5573 
10154 2987 4127 5259 
10155 3197 4896 5128 
10156 1111 1033 5442 
10157 5399 2127 5675 
10158 2192 2191 5709 
10159 4492 475 5090 
10160 3496 2934 5168 
10161 1065 1063 5121 
10162 4258 5087 5345 
10163 5259 4127 5485 
10164 3820 2586 5312 
10165 2945 2435 5715 
10166 4522 5395 5674 
10167 3629 3634 5347 
10168 2884 3716 5663 
10169 5026 2427 5197 
10170 1580 1578 4901 
10171 2397 1737 5173 
10172 4532 2427 5026 
10173 1586 2510 5015 
10174 408 4179 5663 
10175 4551 2773 5556 
10176 1634 1613 5191 
10177 2185 2183 4902 
10178 4324 2800 5087 
10179 5321 3113 5449 
10180 2807 4288 5212 
10181 4643 4992 5363 
10182 2183 4458 4902 
10183 2752 4148 5661 
10184 5146 725 5567 
10185 4416 3321 5058 
10186 5164 3232 5310 
10187 4313 4500 5026 
10188 1795 1406 5343 
10189 486 4280 5083 
10190 4593 4249 5120 
10191 698 673 5105 
10192 4851 4459 5075 
10193 5152 3025 5420 
10194 485 4925 5622 
10195 2835 4238 5034 
10196 4119 5151 5337 
10197 3174 2789 5062 
10198 2690 4889 5278 
10199 1271 1337 5735 
10200 2813 2493 5048 
10201 4012 446 5232 
10202 3923 1421 5376 
10203 4934 3050 5340 
10204 539 4283 5125 
10205 1660 4126 5266 
10206 2248 5243 5317 
10207 1003 1001 4894 
10208 372 373 5213 
10209 3668 5225 5249 
10210 1448 1445 5525 
10211 2100 4533 5036 
10212 851 5431 5562 
10213 409 4294 5350 
10214 1470 4931 5419 
10215 1450 1448 5580 
10216 4313 5026 5197 
10217 4459 1792 5075 
10218 4859 4530 5440 
10219 1953 4359 5089 
10220 3308 2872 5190 
10221 3755 4721 5613 
10222 4586 498 5000 
10223 3952 3953 5162 
10224 1866 4387 5695 
10225 5220 4878 5400 
10226 3959 5022 5705 
10227 5265 3923 5376 
10228 4019 4020 5163 
10229 2362 1788 5027 
10230 3738 1856 5601 
10231 1765 1315 5073 
10232 4294 3453 5350 
10233 3668 3669 5270 
10234 3104 2084 4970 
10235 3305 2680 4949 
10236 3770 4706 5661 
10237 2981 2382 5126 
10238 2101 1814 5341 
10239 4305 410 5104 
10240 3456 2924 5223 
10241 4390 1695 5078 
10242 5078 1695 5199 
10243 2894 4037 5262 
10244 541 4338 5040 
10245 4434 781 5068 
10246 4240 5120 5321 
10247 4999 2894 5262 
10248 1698 2256 5037 
10249 3886 965 5242 
10250 4677 1118 5430 
10251 3479 3193 5521 
10252 199 200 5193 
10253 1340 4676 5002 
10254 525 4153 5371 
10255 552 4239 5144 
10256 4409 5127 5301 
10257 2248 2247 5456 
10258 325 326 5244 
10259 2238 2309 5098 
10260 1054 4715 5527 
10261 2863 2860 5033 
10262 3077 4999 5286 
10263 5136 3835 5625 
10264 3188 5469 5712 
10265 1388 4762 5123 
10266 4717 4136 5030 
10267 1547 4666 4889 
10268 3817 3811 5397 
10269 3824 5140 5417 
10270 2851 3319 5163 
10271 5103 2833 5371 
10272 413 4639 5643 
10273 1178 1176 5136 
10274 1013 4961 5442 
10275 3281 4773 5242 
10276 3913 1390 5537 
10277 4240 4348 5120 
10278 4578 3173 5636 
10279 4910 2979 5176 
10280 3358 4180 5250 
10281 3777 2672 5605 
10282 2390 1952 5488 
10283 3268 3034 5459 
10284 3534 3533 5468 
10285 3615 3837 5706 
10286 3005 3372 5053 
10287 3007 3005 5053 
10288 4610 3167 5432 
10289 2423 4528 5028 
10290 1578 1881 4901 
10291 3997 494 5311 
10292 4430 4941 5186 
10293 4009 445 5490 
10294 3560 2839 4976 
10295 3165 2868 5118 
10296 4965 172 5327 
10297 3090 4991 5112 
10298 2413 3051 5356 
10299 4364 1307 5494 
10300 3627 3721 5644 
10301 4039 4661 5109 
10302 1226 1235 5171 
10303 4654 2857 5009 
10304 2865 4849 5557 
10305 1838 2060 5607 
10306 4350 538 5627 
10307 2172 4929 5414 
10308 3911 3910 5452 
10309 4760 2974 5030 
10310 449 4149 5686 
10311 495 5079 5462 
10312 5085 956 5200 
10313 2839 4724 4976 
10314 427 4872 5435 
10315 3040 3039 5119 
10316 4962 2845 5063 
10317 3465 2810 5101 
10318 250 251 5214 
10319 1279 1268 5134 
10320 2550 2549 5436 
10321 4762 2846 5123 
10322 2887 4875 5110 
10323 3243 3242 5463 
10324 5226 3116 5361 
10325 4826 2727 5140 
10326 3068 3037 5248 
10327 2727 2208 5140 
10328 4773 2423 5028 
10329 5169 3207 5353 
10330 4962 3253 5247 
10331 3515 4690 5035 
10332 3260 3262 5184 
10333 5123 2846 5475 
10334 3099 2972 5056 
10335 4032 515 5467 
10336 2915 2917 5043 
10337 434 66 5289 
10338 1511 1935 5081 
10339 1615 4400 5132 
10340 2021 4694 5385 
10341 4525 2890 5363 
10342 3580 3578 5689 
10343 3184 3182 5138 
10344 2976 4850 5265 
10345 4698 2261 5166 
10346 3424 4996 5564 
10347 2679 3105 4949 
10348 517 5367 5465 
10349 5242 965 5579 
10350 3334 3330 5526 
10351 5061 4441 5548 
10352 2416 4973 5598 
10353 678 680 5156 
10354 4777 4778 5613 
10355 2730 3147 5095 
10356 4950 3657 5642 
10357 4710 1927 5207 
10358 2427 4476 5197 
10359 5407 3279 5721 
10360 2878 2880 5065 
10361 1299 4364 5109 
10362 5339 3553 5346 
10363 1087 1054 5527 
10364 3887 3888 5524 
10365 2155 2153 5111 
10366 448 4466 5334 
10367 4147 4999 5262 
10368 4490 894 5161 
10369 266 267 5238 
10370 3884 2453 5552 
10371 3137 3743 5409 
10372 139 422 5354 
10373 4823 2195 5595 
10374 4824 129 5427 
10375 4843 3387 5529 
10376 2842 4100 5665 
10377 4885 747 5009 
10378 4486 744 5344 
10379 5225 3668 5270 
10380 5071 3751 5553 
10381 5248 3037 5273 
10382 1437 1939 5734 
10383 4956 4329 5192 
10384 1338 4777 5613 
10385 2994 4848 5017 
10386 4116 517 5465 
10387 868 1753 5127 
10388 513 4016 5275 
10389 2503 1777 5694 
10390 2490 2812 5076 
10391 1040 672 5685 
10392 500 3940 5153 
10393 4099 3491 5276 
10394 2381 2866 5252 
10395 5201 3665 5249 
10396 2212 2454 5417 
10397 473 377 5198 
10398 4673 4698 5166 
10399 1992 2390 4970 
10400 2382 3230 5126 
10401 3502 4013 4964 
10402 1176 1174 5178 
10403 5063 2902 5344 
10404 4331 3440 5153 
10405 1052 1035 5267 
10406 985 2200 5195 
10407 130 551 5427 
10408 474 4347 5130 
10409 4819 3638 5070 
10410 1376 4906 5683 
10411 1404 1734 5343 
10412 4759 2566 4955 
10413 3697 3897 5451 
10414 1268 5020 5134 
10415 4885 3291 5431 
10416 2910 4710 5207 
10417 3910 2842 5452 
10418 548 4609 4971 
10419 4083 3334 5614 
10420 4097 404 5391 
10421 2773 4551 5655 
10422 5332 5112 5523 
10423 3385 4733 5123 
10424 698 5105 5189 
10425 3817 5397 5415 
10426 428 4614 5513 
10427 2685 4428 5162 
10428 4987 2730 5095 
10429 4451 544 5045 
10430 2836 4128 5707 
10431 523 5262 5471 
10432 968 4674 5310 
10433 3919 506 5190 
10434 5058 3321 5569 
10435 4170 424 5658 
10436 5448 3234 5487 
10437 3511 5101 5668 
10438 5113 2987 5259 
10439 1266 5389 5448 
10440 4439 2313 5138 
10441 4275 421 5180 
10442 5262 4037 5471 
10443 2505 3537 5382 
10444 4945 3086 4990 
10445 3348 5137 5146 
10446 4959 138 5354 
10447 3542 4066 5454 
10448 3296 4948 5591 
10449 4123 4934 5340 
10450 468 4026 5543 
10451 3127 4645 5487 
10452 719 698 5189 
10453 1951 2396 5488 
10454 4199 3718 5608 
10455 956 990 5200 
10456 3881 3882 5611 
10457 4692 3365 5602 
10458 2993 2916 5115 
10459 4588 2910 5207 
10460 1390 5353 5537 
10461 3539 3540 5596 
10462 3385 5123 5475 
10463 4733 1388 5123 
10464 4400 4836 5132 
10465 3111 3110 5177 
10466 4503 5351 5445 
10467 2055 4098 5322 
10468 2614 2613 5507 
10469 3302 3442 5464 
10470 1025 4549 4960 
10471 2773 4572 5556 
10472 518 4123 5340 
10473 5301 3118 5457 
10474 3126 2807 5260 
10475 4025 4715 5719 
10476 1027 1025 4960 
10477 3036 4313 5197 
10478 3143 4345 5308 
10479 4876 3154 5187 
10480 2825 4010 5438 
10481 3373 3671 5253 
10482 4975 3813 5117 
10483 3386 3035 5185 
10484 325 5244 5380 
10485 214 215 5285 
10486 3331 4565 5320 
10487 3933 2799 5398 
10488 3191 3326 5416 
10489 3455 4720 5683 
10490 2896 4402 5170 
10491 5015 3116 5226 
10492 470 374 5234 
10493 4886 3015 5209 
10494 2938 4793 5231 
10495 5161 894 5299 
10496 3540 3542 5541 
10497 3531 5557 5560 
10498 2208 2210 5140 
10499 5068 3095 5332 
10500 4084 519 5672 
10501 195 196 5296 
10502 3363 3361 5233 
10503 4809 3004 5142 
10504 5136 1176 5178 
10505 2979 3427 5176 
10506 3175 4873 5603 
10507 2153 2602 5111 
10508 2888 4154 5522 
10509 2554 4044 5656 
10510 3964 5037 5263 
10511 2314 2088 5172 
10512 4938 3101 5038 
10513 4176 3917 5179 
10514 3150 3000 5227 
10515 5591 4948 5600 
10516 4142 467 5463 
10517 1851 2219 5531 
10518 4332 2228 5188 
10519 2833 3881 5371 
10520 666 1128 5348 
10521 2712 3453 5632 
10522 3773 5593 5733 
10523 2858 2225 5158 
10524 3797 4729 5460 
10525 1792 4535 5183 
10526 3062 2728 5335 
10527 389 390 5358 
10528 2347 2873 5549 
10529 5519 3505 5677 
10530 2835 5034 5263 
10531 4714 406 5530 
10532 4407 2003 5455 
10533 1109 1988 5480 
10534 318 319 5366 
10535 3608 4364 5494 
10536 1112 4429 5641 
10537 37 38 5364 
10538 1340 5002 5160 
10539 5006 3179 5615 
10540 406 4269 5530 
10541 4206 2421 5247 
10542 557 3457 5175 
10543 3015 3030 5209 
10544 5394 3384 5730 
10545 3323 3324 5486 
10546 3729 3727 5585 
10547 4878 2915 5043 
10548 2939 4446 5164 
10549 4697 2021 5689 
10550 2061 2064 5246 
10551 324 325 5380 
10552 3173 2080 5609 
10553 5156 680 5328 
10554 4044 2554 5712 
10555 204 205 5318 
10556 3416 3933 5506 
10557 4306 3026 5441 
10558 2941 5066 5324 
10559 4010 4052 5438 
10560 455 4874 5518 
10561 5325 3854 5559 
10562 3495 3493 5218 
10563 720 3505 5519 
10564 4066 3546 5602 
10565 3052 3213 5181 
10566 1695 4544 5199 
10567 1465 4716 5378 
10568 4786 2696 5012 
10569 4781 860 5521 
10570 3025 3729 5420 
10571 172 173 5327 
10572 4599 3385 5475 
10573 2939 5164 5310 
10574 3037 4382 5273 
10575 3141 3231 5590 
10576 3354 4350 5627 
10577 1266 1264 5389 
10578 4241 4097 5391 
10579 4670 1967 5124 
10580 4149 523 5471 
10581 2304 4376 5282 
10582 3087 4049 5620 
10583 218 219 5330 
10584 4579 1832 5381 
10585 3546 3695 5510 
10586 5110 3164 5326 
10587 4033 3205 5597 
10588 2215 2217 5236 
10589 3153 4063 5311 
10590 1353 1350 5201 
10591 3908 3905 5647 
10592 5554 3194 5560 
10593 1103 4734 5542 
10594 2081 2825 5438 
10595 4372 2354 5421 
10596 338 339 5373 
10597 3093 3094 5261 
10598 2978 4430 5186 
10599 4037 4038 5471 
10600 376 473 5648 
10601 1354 1353 5225 
10602 4376 2107 5211 
10603 4379 416 5141 
10604 2744 3553 5339 
10605 479 289 5271 
10606 437 5055 5512 
10607 4759 2691 5717 
10608 5122 3151 5305 
10609 2452 3162 5484 
10610 4329 3589 5192 
10611 3158 4818 5208 
10612 2168 1823 5205 
10613 5018 3545 5652 
10614 457 4369 5215 
10615 430 337 5283 
10616 4895 3447 5539 
10617 5313 937 5388 
10618 2311 2024 5657 
10619 2775 4525 5363 
10620 4694 2697 5385 
10621 4053 2714 5461 
10622 3671 4940 5253 
10623 3494 4957 5218 
10624 3063 3217 5243 
10625 4103 5328 5501 
10626 3139 4629 5159 
10627 413 187 5274 
10628 3053 4349 5466 
10629 3821 3820 5312 
10630 4015 3790 5679 
10631 3293 5348 5547 
10632 2853 5428 5453 
10633 2080 1202 5566 
10634 3178 4262 5682 
10635 3021 3173 5329 
10636 3854 2590 5559 
10637 672 695 5685 
10638 5037 2256 5263 
10639 3318 3317 5239 
10640 3098 3281 5579 
10641 2530 5117 5631 
10642 4248 1103 5542 
10643 4108 3503 5284 
10644 5127 1753 5301 
10645 138 139 5354 
10646 4833 1796 5397 
10647 2116 4687 5489 
10648 3681 3682 5474 
10649 379 492 5676 
10650 466 4920 5315 
10651 5076 2812 5077 
10652 4438 3036 5386 
10653 1763 4362 5551 
10654 2330 3053 5294 
10655 3357 3356 5297 
10656 3221 5033 5256 
10657 4120 4119 5337 
10658 3209 3828 5303 
10659 1021 4842 5220 
10660 2581 1143 5527 
10661 3665 5201 5425 
10662 4363 3390 5402 
10663 2977 2362 5355 
10664 2084 1992 4970 
10665 4795 3308 5190 
10666 489 179 5280 
10667 4274 418 5257 
10668 1272 1266 5448 
10669 4253 4254 5548 
10670 1020 1000 5433 
10671 2394 2392 5565 
10672 5077 3151 5122 
10673 3126 5472 5511 
10674 2373 2977 5217 
10675 2924 3379 5223 
10676 4518 3176 5465 
10677 523 4147 5262 
10678 3606 4080 5407 
10679 5209 3030 5288 
10680 3984 3986 5586 
10681 2357 4876 5187 
10682 3542 5454 5541 
10683 4881 3908 5366 
10684 4641 1340 5160 
10685 4267 3021 5290 
10686 2086 2597 5514 
10687 3446 3376 5322 
10688 478 4493 5258 
10689 3066 3782 5333 
10690 3260 5184 5502 
10691 2853 2110 5428 
10692 4155 525 5611 
10693 98 466 5315 
10694 3030 3209 5288 
10695 4166 425 5302 
10696 202 5147 5623 
10697 1202 3935 5645 
10698 5087 2919 5345 
10699 3204 3205 5295 
10700 1961 1962 5423 
10701 2890 4643 5363 
10702 5134 3371 5653 
10703 5279 2127 5399 
10704 4604 462 5099 
10705 4655 2012 5208 
10706 4262 4901 5514 
10707 4265 3068 5336 
10708 4463 468 5543 
10709 4818 4655 5208 
10710 2461 4709 5593 
10711 894 4323 5299 
10712 3050 3449 5340 
10713 4455 1730 5666 
10714 3159 2867 5226 
10715 220 221 5393 
10716 3216 3125 5324 
10717 3110 5093 5177 
10718 4777 1265 5735 
10719 3986 5205 5500 
10720 4201 3345 5372 
10721 680 682 5328 
10722 3882 4155 5611 
10723 4118 2853 5453 
10724 5197 4476 5386 
10725 1128 4033 5597 
10726 4767 3352 5060 
10727 4681 3313 5125 
10728 3036 5197 5386 
10729 2921 3254 5251 
10730 3148 2893 5216 
10731 3397 3399 5370 
10732 4687 4196 5489 
10733 4649 2425 5291 
10734 3576 4209 5699 
10735 5060 3354 5627 
10736 3081 3124 5351 
10737 1111 5442 5628 
10738 2761 3140 5630 
10739 2997 4223 5621 
10740 3295 3296 5591 
10741 5290 3021 5329 
10742 1798 2083 5362 
10743 3438 4331 5167 
10744 3192 3194 5554 
10745 2328 4746 5108 
10746 3539 5596 5684 
10747 537 4292 5316 
10748 2892 4630 5137 
10749 4399 543 5235 
10750 3163 2947 5300 
10751 3095 5112 5332 
10752 4522 4218 5395 
10753 3194 3531 5560 
10754 860 736 5587 
10755 3851 5503 5633 
10756 555 4586 5064 
10757 3540 5541 5596 
10758 3077 5382 5517 
10759 2249 4240 5321 
10760 2637 2634 5255 
10761 3485 3483 5496 
10762 4961 4336 5442 
10763 3717 3831 5314 
10764 4716 4660 5378 
10765 2540 3388 5696 
10766 4629 2938 5231 
10767 3138 4781 5521 
10768 3448 3134 5700 
10769 1753 2157 5301 
10770 517 4114 5367 
10771 4466 2767 5334 
10772 3271 4955 5094 
10773 1058 4421 5445 
10774 2433 3235 5349 
10775 547 4601 5157 
10776 4177 532 5599 
10777 4335 2372 5298 
10778 4842 2914 5220 
10779 3288 3287 5512 
10780 129 130 5427 
10781 2256 2835 5263 
10782 5001 3414 5369 
10783 1157 5413 5446 
10784 3164 3165 5326 
10785 5125 3312 5612 
10786 2867 5015 5226 
10787 4321 4602 5574 
10788 4044 2052 5472 
10789 4991 2414 5112 
10790 399 400 5669 
10791 4384 2275 5670 
10792 2998 4516 5272 
10793 3251 3250 5403 
10794 4792 1987 5167 
10795 4434 5068 5332 
10796 2547 4044 5469 
10797 4126 1668 5454 
10798 4549 1021 5220 
10799 1035 1111 5267 
10800 3915 4971 5577 
10801 4589 4561 5308 
10802 5003 3837 5592 
10803 849 5097 5210 
10804 5628 5298 5639 
10805 2866 4978 5252 
10806 5088 3268 5459 
10807 1590 1843 5279 
10808 4254 5061 5548 
10809 4273 536 5347 
10810 3345 3346 5671 
10811 5291 2945 5715 
10812 2317 1157 5446 
10813 4715 2581 5527 
10814 4112 5060 5627 
10815 4845 4022 5323 
10816 3207 3089 5353 
10817 5101 2810 5668 
10818 3174 5062 5558 
10819 3196 3229 5537 
10820 7 4241 5391 
10821 4898 4684 5241 
10822 4948 3726 5600 
10823 4565 4564 5320 
10824 178 489 5342 
10825 5137 849 5146 
10826 3460 5484 5691 
10827 2576 5440 5604 
10828 540 5084 5583 
10829 2695 2876 5690 
10830 2179 5014 5331 
10831 4303 502 5569 
10832 3365 5266 5516 
10833 3353 3351 5478 
10834 238 239 5492 
10835 3911 4777 5735 
10836 5474 2642 5573 
10837 5076 5077 5216 
10838 1157 4381 5413 
10839 5372 3345 5671 
10840 3230 4806 5589 
10841 3347 3348 5601 
10842 734 737 5431 
10843 190 191 5495 
10844 1699 4817 5256 
10845 3114 3263 5399 
10846 2287 2315 5412 
10847 4387 3736 5695 
10848 5290 3204 5295 
10849 3731 4987 5095 
10850 4778 3911 5452 
10851 2615 2133 5396 
10852 1685 895 5563 
10853 4758 489 5280 
10854 4891 2977 5355 
10855 4127 3119 5485 
10856 2893 5076 5216 
10857 287 288 5646 
10858 4102 4103 5501 
10859 4674 2939 5310 
10860 3026 4615 5441 
10861 4578 4105 5362 
10862 5454 1668 5541 
10863 4608 4015 5679 
10864 3219 3369 5317 
10865 3351 3349 5728 
10866 3151 3676 5305 
10867 2714 2203 5461 
10868 3451 2996 5319 
10869 5500 2299 5586 
10870 3286 3087 5620 
10871 965 3938 5579 
10872 4958 4093 5394 
10873 189 488 5387 
10874 3470 4718 5705 
10875 3251 5403 5498 
10876 2300 2131 5509 
10877 2324 2350 5390 
10878 3634 4273 5347 
10879 4684 4641 5241 
10880 4957 3494 5240 
10881 4081 4758 5280 
10882 3818 4295 5307 
10883 1939 4238 5734 
10884 4140 1154 5596 
10885 3235 5336 5349 
10886 3322 4509 5338 
10887 4404 2109 5505 
10888 2576 4256 5440 
10889 4830 1763 5551 
10890 1127 4450 5660 
10891 5002 3080 5160 
10892 414 176 5408 
10893 3116 3117 5361 
10894 182 183 5529 
10895 3246 5561 5616 
10896 4556 3232 5707 
10897 4665 2911 5269 
10898 539 5125 5612 
10899 3070 4434 5332 
10900 4323 1643 5404 
10901 4906 4101 5683 
10902 5225 1353 5249 
10903 3102 5042 5443 
10904 4923 2773 5655 
10905 4586 5000 5064 
10906 4850 4620 5359 
10907 2568 3126 5511 
10908 447 3670 5589 
10909 3246 2790 5561 
10910 5481 3416 5506 
10911 5299 4323 5404 
10912 4493 4024 5258 
10913 2249 5321 5449 
10914 1467 5077 5122 
10915 4049 449 5620 
10916 3693 5319 5538 
10917 3640 3251 5498 
10918 4893 478 5258 
10919 3435 4930 5206 
10920 1195 1193 5392 
10921 4788 1776 5182 
10922 4890 4470 5395 
10923 5040 4338 5643 
10924 5282 3959 5705 
10925 2313 1838 5607 
10926 4666 4297 5278 
10927 3291 3240 5562 
10928 5131 3428 5373 
10929 3248 3246 5616 
10930 3273 5199 5447 
10931 4731 2513 5237 
10932 3322 4303 5569 
10933 4572 2044 5556 
10934 4561 3143 5308 
10935 4676 2105 5264 
10936 3483 5287 5496 
10937 1654 4672 5304 
10938 4978 3478 5252 
10939 1606 1760 5546 
10940 3070 5332 5523 
10941 5027 3048 5355 
10942 4458 2179 5331 
10943 5599 532 5619 
10944 4992 2775 5363 
10945 4375 1280 5535 
10946 4218 4890 5395 
10947 4641 5160 5241 
10948 4450 3161 5660 
10949 1406 1404 5343 
10950 3319 4845 5323 
10951 4382 1120 5439 
10952 5028 3886 5242 
10953 5541 4140 5596 
10954 4903 454 5644 
10955 5404 1643 5508 
10956 4925 3464 5622 
10957 2226 2766 5460 
10958 3186 5173 5379 
10959 3270 3271 5313 
10960 4901 1881 5514 
10961 3491 5059 5276 
10962 461 4594 5219 
10963 201 202 5623 
10964 4481 3560 5729 
10965 3563 3732 5604 
10966 4880 4342 5708 
10967 4993 2311 5165 
10968 5485 3119 5641 
10969 4476 1127 5386 
10970 2362 5027 5355 
10971 4735 1765 5306 
10972 3306 3307 5536 
10973 5186 1654 5304 
10974 4322 2249 5449 
10975 4781 3283 5230 
10976 4108 5284 5673 
10977 5478 3351 5728 
10978 4336 4335 5628 
10979 549 4611 5245 
10980 3173 5609 5636 
10981 4238 3186 5379 
10982 3485 5133 5165 
10983 1832 4287 5381 
10984 417 317 5499 
10985 5002 4676 5264 
10986 3393 4824 5427 
10987 3545 3544 5652 
10988 1668 4140 5541 
10989 3480 3479 5357 
10990 5596 1154 5684 
10991 2354 5155 5421 
10992 3259 3260 5502 
10993 3321 3322 5569 
10994 3183 3184 5462 
10995 4159 4636 5374 
10996 4620 3488 5359 
10997 5316 3392 5632 
10998 242 243 5723 
10999 3203 2498 5550 
11000 1622 4951 5228 
11001 3270 5313 5388 
11002 4517 1465 5378 
11003 4393 426 5365 
11004 5322 3376 5483 
11005 3107 5243 5456 
11006 3043 4529 5576 
11007 5097 3480 5210 
11008 2943 3120 5713 
11009 2554 2308 5712 
11010 5511 3306 5536 
11011 5445 4421 5650 
11012 2507 2998 5506 
11013 5237 2513 5418 
11014 5140 2210 5417 
11015 160 161 5693 
11016 4106 5144 5576 
11017 4227 452 5727 
11018 3333 4083 5411 
11019 2445 2146 5570 
11020 500 5153 5504 
11021 4335 5298 5628 
11022 5440 3563 5604 
11023 4328 440 5681 
11024 4681 405 5369 
11025 2906 4463 5543 
11026 2393 4855 5375 
11027 1833 4847 5722 
11028 3691 4898 5241 
11029 4906 1363 5270 
11030 3427 2980 5479 
11031 5409 2372 5549 
11032 684 686 5578 
11033 2643 2642 5450 
11034 5359 3488 5588 
11035 2441 2439 5638 
11036 5045 544 5544 
11037 2513 3156 5418 
11038 3167 3858 5432 
11039 3268 4649 5715 
11040 1776 4222 5581 
11041 4889 4666 5278 
11042 2998 5481 5506 
11043 4726 873 5434 
11044 1677 769 5458 
11045 3119 4355 5641 
11046 2136 5013 5699 
11047 4104 4578 5636 
11048 1643 4346 5508 
11049 4272 455 5518 
11050 3673 4830 5551 
11051 5336 3068 5349 
11052 3254 4255 5610 
11053 3307 4427 5637 
11054 3171 3169 5422 
11055 4100 3755 5665 
11056 3179 3181 5615 
11057 4667 5187 5532 
11058 3822 5406 5426 
11059 3038 2579 5517 
11060 837 4996 5268 
11061 2999 3709 5610 
11062 744 5063 5344 
11063 104 500 5504 
11064 4802 4170 5658 
11065 4974 2931 5490 
11066 4957 556 5218 
11067 4458 5331 5401 
11068 3560 4976 5202 
11069 3229 5128 5204 
11070 3379 3380 5503 
11071 5210 3480 5357 
11072 3034 3386 5459 
11073 467 5151 5463 
11074 4530 3563 5440 
11075 2210 2212 5417 
11076 181 441 5520 
11077 4269 540 5583 
11078 5033 1699 5256 
11079 2961 4352 5582 
11080 4564 4604 5320 
11081 2105 4685 5410 
11082 542 4363 5402 
11083 2919 4870 5345 
11084 3209 5303 5618 
11085 5151 3243 5463 
11086 3589 3586 5566 
11087 3274 3273 5545 
11088 2902 3280 5528 
11089 1542 1894 5704 
11090 2846 2847 5475 
11091 3161 4438 5660 
11092 481 5031 5703 
11093 1774 4838 5560 
11094 4549 5220 5400 
11095 4778 3755 5613 
11096 4544 4212 5447 
11097 1307 1309 5494 
11098 3587 4104 5636 
11099 546 4589 5308 
11100 5000 498 5437 
11101 3676 4931 5580 
11102 5704 1894 5730 
11103 5405 3600 5531 
11104 5609 3587 5636 
11105 5103 4012 5232 
11106 828 831 5564 
11107 2309 4409 5457 
11108 3201 4726 5434 
11109 1154 2442 5684 
11110 538 4112 5627 
11111 4123 4122 5651 
11112 2055 5322 5483 
11113 3586 3587 5609 
11114 5024 830 5711 
11115 4261 3178 5682 
11116 1894 4358 5730 
11117 4855 3429 5375 
11118 3215 5650 5725 
11119 5264 2105 5410 
11120 2379 3215 5725 
11121 4223 2818 5621 
11122 830 4711 5711 
11123 2130 4597 5553 
11124 3472 3070 5523 
11125 4596 490 5635 
11126 4976 4724 5720 
11127 5224 3279 5407 
11128 1825 1827 5500 
11129 4279 539 5612 
11130 3732 2614 5476 
11131 1033 1013 5442 
11132 3293 3098 5629 
11133 4804 3523 5678 
11134 2982 2983 5624 
11135 4484 2116 5489 
11136 5233 1660 5266 
11137 3317 4559 5649 
11138 3496 5168 5722 
11139 3273 5447 5545 
11140 5566 3586 5609 
11141 4358 5394 5730 
11142 3234 3127 5487 
11143 3678 3677 5630 
11144 2138 4299 5585 
11145 4528 2103 5598 
11146 5126 3230 5589 
11147 4973 3016 5598 
11148 2200 5142 5195 
11149 4999 450 5286 
11150 1076 1203 5692 
11151 3069 2891 5534 
11152 4971 4609 5577 
11153 2613 3382 5507 
11154 4521 4522 5674 
11155 2727 4826 5706 
11156 4421 1659 5650 
11157 5431 3291 5562 
11158 4319 412 5493 
11159 532 4176 5619 
11160 2691 2690 5717 
11161 3463 3237 5605 
11162 4331 5153 5515 
11163 429 4692 5510 
11164 5048 2936 5419 
11165 3571 5040 5643 
11166 3536 3538 5664 
11167 1720 4543 5659 
11168 2309 5457 5603 
11169 4662 2913 5424 
11170 5066 3216 5324 
11171 5022 3470 5705 
11172 2638 2637 5573 
11173 4680 3174 5558 
11174 5341 3379 5503 
11175 3279 3277 5721 
11176 2080 5566 5609 
11177 5536 3307 5637 
11178 2234 2202 5710 
11179 5503 3380 5633 
11180 4773 5028 5242 
11181 5260 2554 5656 
11182 5303 5082 5618 
11183 5319 2996 5538 
11184 3193 3138 5521 
11185 2372 2347 5549 
11186 5051 3559 5570 
11187 4920 3185 5315 
11188 3589 5566 5645 
11189 4604 5099 5320 
11190 1353 5201 5249 
11191 3852 3853 5654 
11192 3205 4563 5597 
11193 5099 3334 5526 
11194 3874 4877 5555 
11195 2996 3233 5538 
11196 5265 4850 5359 
11197 3989 4768 5724 
11198 4380 3003 5640 
11199 4285 481 5703 
11200 4409 5301 5457 
11201 5442 4336 5628 
11202 1289 5088 5459 
11203 4441 2176 5548 
11204 5229 2982 5624 
11205 2921 5251 5414 
11206 4563 3097 5547 
11207 3739 4759 5717 
11208 3007 5053 5292 
11209 440 5016 5681 
11210 5119 3039 5367 
11211 1541 5359 5588 
11212 473 5082 5303 
11213 5199 4544 5447 
11214 2936 4914 5419 
11215 4438 5386 5660 
11216 4919 1277 5473 
11217 3232 2836 5707 
11218 4721 1338 5613 
11219 4301 432 5718 
11220 4538 2461 5593 
11221 837 5268 5272 
11222 4831 2976 5376 
11223 3078 5002 5264 
11224 4114 5119 5367 
11225 5064 3457 5540 
11226 2577 2576 5604 
11227 5077 1467 5216 
11228 2435 3268 5715 
11229 5422 3169 5590 
11230 1881 2086 5514 
11231 555 5064 5540 
11232 1952 1951 5488 
11233 3169 3141 5590 
11234 4853 545 5470 
11235 4338 413 5643 
11236 1772 5422 5590 
11237 4813 3293 5629 
11238 5386 1127 5660 
11239 1532 5239 5649 
11240 4358 4958 5394 
11241 4731 3702 5675 
11242 4673 5166 5668 
11243 1361 4976 5720 
11244 3068 5248 5349 
11245 4531 2035 5592 
11246 2191 4804 5678 
11247 5566 1202 5645 
11248 5099 462 5614 
11249 4929 2921 5414 
11250 3488 3489 5588 
11251 5115 3007 5292 
11252 5243 2248 5456 
11253 4053 5461 5550 
11254 3363 5233 5266 
11255 498 4558 5437 
11256 4811 3270 5388 
11257 5241 5160 5634 
11258 5079 3183 5462 
11259 2930 4919 5473 
11260 4176 5179 5619 
11261 1265 1271 5735 
11262 1349 4943 5425 
11263 5268 3417 5481 
11264 5555 4877 5688 
11265 4902 4458 5401 
11266 1143 1087 5527 
11267 5239 3317 5649 
11268 3263 5279 5399 
11269 5187 3154 5532 
11270 4617 1677 5600 
11271 5217 2977 5309 
11272 109 4895 5539 
11273 1796 4837 5415 
11274 4878 2395 5400 
11275 5452 2842 5665 
11276 4734 2737 5691 
11277 2597 4261 5682 
11278 2534 4947 5662 
11279 5498 1040 5685 
11280 5351 1058 5445 
11281 2127 4731 5675 
11282 4868 3430 5426 
11283 2669 4667 5532 
11284 4720 1376 5683 
11285 3501 4811 5388 
11286 3165 5555 5688 
11287 4862 1720 5659 
11288 4168 485 5622 
11289 4737 4677 5522 
11290 4563 5547 5597 
11291 4144 5102 5372 
11292 4080 5224 5407 
11293 4342 5035 5708 
11294 544 4408 5544 
11295 5338 3264 5672 
11296 3235 5148 5336 
11297 3223 3099 5701 
11298 5168 1833 5722 
11299 4877 3103 5688 
11300 4960 4549 5400 
11301 5102 4201 5372 
11302 2101 5341 5503 
11303 445 4974 5490 
11304 5251 3473 5414 
11305 2314 4944 5724 
11306 2637 5571 5573 
11307 4790 3757 5535 
11308 2195 2192 5709 
11309 5153 3440 5504 
11310 2912 4823 5416 
11311 3994 2912 5606 
11312 419 4897 5702 
11313 2567 5204 5572 
11314 3324 4862 5659 
11315 3134 4899 5700 
11316 3156 4750 5697 
11317 4829 2341 5515 
11318 2912 5416 5606 
11319 1028 1029 5719 
11320 3721 4903 5644 
11321 4915 2961 5582 
11322 4994 3223 5701 
11323 3017 2993 5677 
11324 5010 471 5491 
11325 5547 1128 5597 
11326 3940 4829 5515 
11327 5179 3853 5619 
11328 2993 5115 5519 
11329 5223 3379 5341 
11330 5182 1776 5581 
11331 1280 4790 5535 
11332 490 4565 5635 
11333 3376 5021 5483 
11334 1111 5628 5639 
11335 5092 3597 5405 
11336 4895 555 5540 
11337 5153 3940 5515 
11338 5042 4132 5443 
11339 4126 5454 5516 
11340 2810 4673 5668 
11341 4065 5024 5711 
11342 3238 4853 5470 
11343 4083 4971 5411 
11344 1677 5591 5600 
11345 4776 533 5608 
11346 3755 4778 5665 
11347 4154 4737 5522 
11348 3099 4907 5701 
11349 5454 4066 5516 
11350 4609 444 5577 
11351 4515 460 5673 
11352 3743 5298 5409 
11353 4706 2752 5661 
11354 4899 511 5700 
11355 1118 4745 5594 
11356 5135 3106 5401 
11357 4849 1774 5557 
11358 4768 2314 5724 
11359 5155 3155 5421 
11360 4724 4198 5720 
11361 5203 2313 5607 
11362 2876 4911 5584 
11363 412 5143 5493 
11364 5112 2414 5523 
11365 462 4606 5614 
11366 4663 3789 5716 
11367 5055 3288 5512 
11368 400 5240 5669 
11369 4709 2673 5733 
11370 5571 3681 5573 
11371 3986 5500 5586 
11372 5082 4046 5618 
11373 473 5303 5648 
11374 4945 3109 5670 
11375 5298 2372 5409 
11376 3018 5052 5574 
11377 4765 2534 5662 
11378 5144 3043 5576 
11379 3734 4515 5673 
11380 5538 3233 5731 
11381 5266 4126 5516 
11382 4806 447 5589 
11383 3691 5241 5634 
11384 5019 1181 5625 
11385 422 4608 5679 
11386 5348 1128 5547 
11387 3334 5099 5614 
11388 5025 1286 5653 
11389 5530 4269 5583 
11390 1541 5265 5359 
11391 5416 3326 5606 
11392 424 5464 5658 
11393 5272 5268 5481 
11394 3165 5118 5555 
11395 4847 3841 5722 
11396 5098 2309 5603 
11397 5240 3494 5669 
11398 492 5333 5676 
11399 3128 5010 5491 
11400 432 5221 5718 
11401 5261 3094 5482 
11402 2015 5194 5497 
11403 3365 5516 5602 
11404 5381 4287 5435 
11405 3348 5146 5567 
11406 3764 5182 5581 
11407 5294 3053 5466 
11408 3513 5507 5687 
11409 5324 3125 5505 
11410 2219 5405 5531 
11411 4897 3712 5702 
11412 2998 5272 5481 
11413 5382 3537 5517 
11414 5516 4066 5602 
11415 3447 4895 5540 
11416 5458 3295 5591 
11417 5418 3156 5697 
11418 3681 5474 5573 
11419 4677 5430 5522 
11420 5117 3813 5631 
11421 5305 3676 5525 
11422 4082 5203 5607 
11423 2637 5255 5571 
11424 3210 5530 5583 
11425 3001 5381 5435 
11426 5192 3589 5645 
11427 3560 5202 5729 
11428 3126 5260 5656 
11429 4044 5472 5656 
11430 5357 3479 5587 
11431 4408 5383 5544 
11432 5267 1111 5639 
11433 5288 3209 5618 
11434 4543 5486 5659 
11435 5303 3828 5648 
11436 5204 3222 5572 
11437 4649 5291 5715 
11438 5115 5292 5519 
11439 5160 3080 5634 
11440 3670 5126 5589 
11441 4778 5452 5665 
11442 5297 3356 5666 
11443 5383 3091 5544 
11444 5333 3782 5676 
11445 5499 3908 5647 
11446 5298 3743 5639 
11447 5292 720 5519 
11448 1677 5458 5591 
11449 5284 3734 5673 
11450 5035 2543 5708 
11451 2193 5370 5716 
11452 5326 3165 5688 
11453 5620 449 5686 
11454 5202 1374 5729 
11455 5430 2888 5522 
11456 5486 3324 5659 
11457 5484 3162 5691 
11458 519 5338 5672 
11459 3286 5620 5686 
11460 417 5499 5647 
11461 5472 3126 5656 
11462 5464 3442 5658 
11463 4238 5379 5734 
11464 5469 4044 5712 
11465 5507 3382 5687 
11466 3640 5498 5685 
11467 5595 2195 5709 
11468 3710 5595 5709 
$EndElements
